model_name,brand,ram_gb,storage_gb,chipset,battery_mah,display_inch,release_year,has_nfc,network_type,os,source_url,scraped_at
Apple iPhone 17e,Apple,8GB,256GB,Apple A19,4005.0,6.1,2026,1,5G,iOS 26.3,https://www.gsmarena.com/apple_iphone_17e-14487.php,2026-08-05T14:13:05
Apple iPhone 17e,Apple,8GB,512GB,Apple A19,4005.0,6.1,2026,1,5G,iOS 26.3,https://www.gsmarena.com/apple_iphone_17e-14487.php,2026-08-05T14:13:05
Apple iPhone 17 Pro Max,Apple,12GB,256GB,Apple A19 Pro,4823.0,6.9,2025,1,5G,iOS 26,https://www.gsmarena.com/apple_iphone_17_pro_max-13964.php,2026-08-05T14:13:42
Apple iPhone 17 Pro Max,Apple,12GB,512GB,Apple A19 Pro,4823.0,6.9,2025,1,5G,iOS 26,https://www.gsmarena.com/apple_iphone_17_pro_max-13964.php,2026-08-05T14:13:42
Apple iPhone 17 Pro Max,Apple,12GB,1TB,Apple A19 Pro,4823.0,6.9,2025,1,5G,iOS 26,https://www.gsmarena.com/apple_iphone_17_pro_max-13964.php,2026-08-05T14:13:42
Apple iPhone 17 Pro Max,Apple,12GB,2TB,Apple A19 Pro,4823.0,6.9,2025,1,5G,iOS 26,https://www.gsmarena.com/apple_iphone_17_pro_max-13964.php,2026-08-05T14:13:42
Apple iPhone 17 Pro,Apple,12GB,256GB,Apple A19 Pro,3998.0,6.3,2025,1,5G,iOS 26,https://www.gsmarena.com/apple_iphone_17_pro-14049.php,2026-08-05T14:14:21
Apple iPhone 17 Pro,Apple,12GB,512GB,Apple A19 Pro,3998.0,6.3,2025,1,5G,iOS 26,https://www.gsmarena.com/apple_iphone_17_pro-14049.php,2026-08-05T14:14:21
Apple iPhone 17 Pro,Apple,12GB,1TB,Apple A19 Pro,3998.0,6.3,2025,1,5G,iOS 26,https://www.gsmarena.com/apple_iphone_17_pro-14049.php,2026-08-05T14:14:21
Apple iPhone Air,Apple,12GB,256GB,Apple A19 Pro,3149.0,6.5,2025,1,5G,iOS 26,https://www.gsmarena.com/apple_iphone_17_air-13502.php,2026-08-05T14:14:54
Apple iPhone Air,Apple,12GB,512GB,Apple A19 Pro,3149.0,6.5,2025,1,5G,iOS 26,https://www.gsmarena.com/apple_iphone_17_air-13502.php,2026-08-05T14:14:54
Apple iPhone Air,Apple,12GB,1TB,Apple A19 Pro,3149.0,6.5,2025,1,5G,iOS 26,https://www.gsmarena.com/apple_iphone_17_air-13502.php,2026-08-05T14:14:54
Apple iPhone 17,Apple,8GB,256GB,Apple A19,3692.0,6.3,2025,1,5G,iOS 26,https://www.gsmarena.com/apple_iphone_17-14050.php,2026-08-05T14:15:17
Apple iPhone 17,Apple,8GB,512GB,Apple A19,3692.0,6.3,2025,1,5G,iOS 26,https://www.gsmarena.com/apple_iphone_17-14050.php,2026-08-05T14:15:17
Apple iPhone 16e,Apple,8GB,128GB,Apple A18,4005.0,6.1,2025,1,5G,iOS 18.3.1,https://www.gsmarena.com/apple_iphone_16e-13395.php,2026-08-05T14:15:51
Apple iPhone 16e,Apple,8GB,256GB,Apple A18,4005.0,6.1,2025,1,5G,iOS 18.3.1,https://www.gsmarena.com/apple_iphone_16e-13395.php,2026-08-05T14:15:51
Apple iPhone 16e,Apple,8GB,512GB,Apple A18,4005.0,6.1,2025,1,5G,iOS 18.3.1,https://www.gsmarena.com/apple_iphone_16e-13395.php,2026-08-05T14:15:51
Apple iPhone 16 Pro Max,Apple,8GB,256GB,Apple A18 Pro,4685.0,6.9,2024,1,5G,iOS 18,https://www.gsmarena.com/apple_iphone_16_pro_max-13123.php,2026-08-05T14:16:24
Apple iPhone 16 Pro Max,Apple,8GB,512GB,Apple A18 Pro,4685.0,6.9,2024,1,5G,iOS 18,https://www.gsmarena.com/apple_iphone_16_pro_max-13123.php,2026-08-05T14:16:24
Apple iPhone 16 Pro Max,Apple,8GB,1TB,Apple A18 Pro,4685.0,6.9,2024,1,5G,iOS 18,https://www.gsmarena.com/apple_iphone_16_pro_max-13123.php,2026-08-05T14:16:24
Apple iPhone 16 Pro,Apple,8GB,128GB,Apple A18 Pro,3582.0,6.3,2024,1,5G,iOS 18,https://www.gsmarena.com/apple_iphone_16_pro-13315.php,2026-08-05T14:17:02
Apple iPhone 16 Pro,Apple,8GB,256GB,Apple A18 Pro,3582.0,6.3,2024,1,5G,iOS 18,https://www.gsmarena.com/apple_iphone_16_pro-13315.php,2026-08-05T14:17:02
Apple iPhone 16 Pro,Apple,8GB,512GB,Apple A18 Pro,3582.0,6.3,2024,1,5G,iOS 18,https://www.gsmarena.com/apple_iphone_16_pro-13315.php,2026-08-05T14:17:02
Apple iPhone 16 Pro,Apple,8GB,1TB,Apple A18 Pro,3582.0,6.3,2024,1,5G,iOS 18,https://www.gsmarena.com/apple_iphone_16_pro-13315.php,2026-08-05T14:17:02
Apple iPhone 16 Plus,Apple,8GB,128GB,Apple A18,4674.0,6.7,2024,1,5G,iOS 18,https://www.gsmarena.com/apple_iphone_16_plus-13316.php,2026-08-05T14:17:38
Apple iPhone 16 Plus,Apple,8GB,256GB,Apple A18,4674.0,6.7,2024,1,5G,iOS 18,https://www.gsmarena.com/apple_iphone_16_plus-13316.php,2026-08-05T14:17:38
Apple iPhone 16 Plus,Apple,8GB,512GB,Apple A18,4674.0,6.7,2024,1,5G,iOS 18,https://www.gsmarena.com/apple_iphone_16_plus-13316.php,2026-08-05T14:17:38
Apple iPhone 16,Apple,8GB,128GB,Apple A18,3561.0,6.1,2024,1,5G,iOS 18,https://www.gsmarena.com/apple_iphone_16-13317.php,2026-08-05T14:18:16
Apple iPhone 16,Apple,8GB,256GB,Apple A18,3561.0,6.1,2024,1,5G,iOS 18,https://www.gsmarena.com/apple_iphone_16-13317.php,2026-08-05T14:18:16
Apple iPhone 16,Apple,8GB,512GB,Apple A18,3561.0,6.1,2024,1,5G,iOS 18,https://www.gsmarena.com/apple_iphone_16-13317.php,2026-08-05T14:18:16
Apple iPhone 15 Pro Max,Apple,8GB,256GB,Apple A17 Pro,4441.0,6.7,2023,1,5G,iOS 17,https://www.gsmarena.com/apple_iphone_15_pro_max-12548.php,2026-08-05T14:18:45
Apple iPhone 15 Pro Max,Apple,8GB,512GB,Apple A17 Pro,4441.0,6.7,2023,1,5G,iOS 17,https://www.gsmarena.com/apple_iphone_15_pro_max-12548.php,2026-08-05T14:18:45
Apple iPhone 15 Pro Max,Apple,8GB,1TB,Apple A17 Pro,4441.0,6.7,2023,1,5G,iOS 17,https://www.gsmarena.com/apple_iphone_15_pro_max-12548.php,2026-08-05T14:18:45
Apple iPhone 15 Pro,Apple,8GB,128GB,Apple A17 Pro,3274.0,6.1,2023,1,5G,iOS 17,https://www.gsmarena.com/apple_iphone_15_pro-12557.php,2026-08-05T14:19:23
Apple iPhone 15 Pro,Apple,8GB,256GB,Apple A17 Pro,3274.0,6.1,2023,1,5G,iOS 17,https://www.gsmarena.com/apple_iphone_15_pro-12557.php,2026-08-05T14:19:23
Apple iPhone 15 Pro,Apple,8GB,512GB,Apple A17 Pro,3274.0,6.1,2023,1,5G,iOS 17,https://www.gsmarena.com/apple_iphone_15_pro-12557.php,2026-08-05T14:19:23
Apple iPhone 15 Pro,Apple,8GB,1TB,Apple A17 Pro,3274.0,6.1,2023,1,5G,iOS 17,https://www.gsmarena.com/apple_iphone_15_pro-12557.php,2026-08-05T14:19:23
Apple iPhone 15 Plus,Apple,6GB,128GB,Apple A16 Bionic,4383.0,6.7,2023,1,5G,iOS 17,https://www.gsmarena.com/apple_iphone_15_plus-12558.php,2026-08-05T14:19:47
Apple iPhone 15 Plus,Apple,6GB,256GB,Apple A16 Bionic,4383.0,6.7,2023,1,5G,iOS 17,https://www.gsmarena.com/apple_iphone_15_plus-12558.php,2026-08-05T14:19:47
Apple iPhone 15 Plus,Apple,6GB,512GB,Apple A16 Bionic,4383.0,6.7,2023,1,5G,iOS 17,https://www.gsmarena.com/apple_iphone_15_plus-12558.php,2026-08-05T14:19:47
Apple iPhone 15,Apple,6GB,128GB,Apple A16 Bionic,3349.0,6.1,2023,1,5G,iOS 17,https://www.gsmarena.com/apple_iphone_15-12559.php,2026-08-05T14:20:25
Apple iPhone 15,Apple,6GB,256GB,Apple A16 Bionic,3349.0,6.1,2023,1,5G,iOS 17,https://www.gsmarena.com/apple_iphone_15-12559.php,2026-08-05T14:20:25
Apple iPhone 15,Apple,6GB,512GB,Apple A16 Bionic,3349.0,6.1,2023,1,5G,iOS 17,https://www.gsmarena.com/apple_iphone_15-12559.php,2026-08-05T14:20:25
Apple iPhone 14 Pro Max,Apple,6GB,128GB,Apple A16 Bionic,4323.0,6.7,2022,1,5G,iOS 16,https://www.gsmarena.com/apple_iphone_14_pro_max-11773.php,2026-08-05T14:20:55
Apple iPhone 14 Pro Max,Apple,6GB,256GB,Apple A16 Bionic,4323.0,6.7,2022,1,5G,iOS 16,https://www.gsmarena.com/apple_iphone_14_pro_max-11773.php,2026-08-05T14:20:55
Apple iPhone 14 Pro Max,Apple,6GB,512GB,Apple A16 Bionic,4323.0,6.7,2022,1,5G,iOS 16,https://www.gsmarena.com/apple_iphone_14_pro_max-11773.php,2026-08-05T14:20:55
Apple iPhone 14 Pro Max,Apple,6GB,1TB,Apple A16 Bionic,4323.0,6.7,2022,1,5G,iOS 16,https://www.gsmarena.com/apple_iphone_14_pro_max-11773.php,2026-08-05T14:20:55
Apple iPhone 14 Pro,Apple,6GB,128GB,Apple A16 Bionic,3200.0,6.1,2022,1,5G,iOS 16,https://www.gsmarena.com/apple_iphone_14_pro-11860.php,2026-08-05T14:21:31
Apple iPhone 14 Pro,Apple,6GB,256GB,Apple A16 Bionic,3200.0,6.1,2022,1,5G,iOS 16,https://www.gsmarena.com/apple_iphone_14_pro-11860.php,2026-08-05T14:21:31
Apple iPhone 14 Pro,Apple,6GB,512GB,Apple A16 Bionic,3200.0,6.1,2022,1,5G,iOS 16,https://www.gsmarena.com/apple_iphone_14_pro-11860.php,2026-08-05T14:21:31
Apple iPhone 14 Pro,Apple,6GB,1TB,Apple A16 Bionic,3200.0,6.1,2022,1,5G,iOS 16,https://www.gsmarena.com/apple_iphone_14_pro-11860.php,2026-08-05T14:21:31
Apple iPhone 14 Plus,Apple,6GB,128GB,Apple A15 Bionic,4323.0,6.7,2022,1,5G,iOS 16,https://www.gsmarena.com/apple_iphone_14_plus-11862.php,2026-08-05T14:22:07
Apple iPhone 14 Plus,Apple,6GB,256GB,Apple A15 Bionic,4323.0,6.7,2022,1,5G,iOS 16,https://www.gsmarena.com/apple_iphone_14_plus-11862.php,2026-08-05T14:22:07
Apple iPhone 14 Plus,Apple,6GB,512GB,Apple A15 Bionic,4323.0,6.7,2022,1,5G,iOS 16,https://www.gsmarena.com/apple_iphone_14_plus-11862.php,2026-08-05T14:22:07
Apple iPhone 14,Apple,6GB,128GB,Apple A15 Bionic,3279.0,6.1,2022,1,5G,iOS 16,https://www.gsmarena.com/apple_iphone_14-11861.php,2026-08-05T14:22:44
Apple iPhone 14,Apple,6GB,256GB,Apple A15 Bionic,3279.0,6.1,2022,1,5G,iOS 16,https://www.gsmarena.com/apple_iphone_14-11861.php,2026-08-05T14:22:44
Apple iPhone 14,Apple,6GB,512GB,Apple A15 Bionic,3279.0,6.1,2022,1,5G,iOS 16,https://www.gsmarena.com/apple_iphone_14-11861.php,2026-08-05T14:22:44
Apple iPhone SE (2022),Apple,4GB,64GB,Apple A15 Bionic,2018.0,4.7,2022,1,5G,iOS 15.4,https://www.gsmarena.com/apple_iphone_se_(2022)-11410.php,2026-08-05T14:23:22
Apple iPhone SE (2022),Apple,4GB,128GB,Apple A15 Bionic,2018.0,4.7,2022,1,5G,iOS 15.4,https://www.gsmarena.com/apple_iphone_se_(2022)-11410.php,2026-08-05T14:23:22
Apple iPhone SE (2022),Apple,4GB,256GB,Apple A15 Bionic,2018.0,4.7,2022,1,5G,iOS 15.4,https://www.gsmarena.com/apple_iphone_se_(2022)-11410.php,2026-08-05T14:23:22
Apple iPhone 13 Pro Max,Apple,6GB,128GB,Apple A15 Bionic,4352.0,6.7,2021,1,5G,iOS 15,https://www.gsmarena.com/apple_iphone_13_pro_max-11089.php,2026-08-05T14:23:55
Apple iPhone 13 Pro Max,Apple,6GB,256GB,Apple A15 Bionic,4352.0,6.7,2021,1,5G,iOS 15,https://www.gsmarena.com/apple_iphone_13_pro_max-11089.php,2026-08-05T14:23:55
Apple iPhone 13 Pro Max,Apple,6GB,512GB,Apple A15 Bionic,4352.0,6.7,2021,1,5G,iOS 15,https://www.gsmarena.com/apple_iphone_13_pro_max-11089.php,2026-08-05T14:23:55
Apple iPhone 13 Pro Max,Apple,6GB,1TB,Apple A15 Bionic,4352.0,6.7,2021,1,5G,iOS 15,https://www.gsmarena.com/apple_iphone_13_pro_max-11089.php,2026-08-05T14:23:55
Apple iPhone 13 Pro,Apple,6GB,128GB,Apple A15 Bionic,3095.0,6.1,2021,1,5G,iOS 15,https://www.gsmarena.com/apple_iphone_13_pro-11102.php,2026-08-05T14:24:33
Apple iPhone 13 Pro,Apple,6GB,256GB,Apple A15 Bionic,3095.0,6.1,2021,1,5G,iOS 15,https://www.gsmarena.com/apple_iphone_13_pro-11102.php,2026-08-05T14:24:33
Apple iPhone 13 Pro,Apple,6GB,512GB,Apple A15 Bionic,3095.0,6.1,2021,1,5G,iOS 15,https://www.gsmarena.com/apple_iphone_13_pro-11102.php,2026-08-05T14:24:33
Apple iPhone 13 Pro,Apple,6GB,1TB,Apple A15 Bionic,3095.0,6.1,2021,1,5G,iOS 15,https://www.gsmarena.com/apple_iphone_13_pro-11102.php,2026-08-05T14:24:33
Apple iPhone 13,Apple,4GB,128GB,Apple A15 Bionic,3240.0,6.1,2021,1,5G,iOS 15,https://www.gsmarena.com/apple_iphone_13-11103.php,2026-08-05T14:25:03
Apple iPhone 13,Apple,4GB,256GB,Apple A15 Bionic,3240.0,6.1,2021,1,5G,iOS 15,https://www.gsmarena.com/apple_iphone_13-11103.php,2026-08-05T14:25:03
Apple iPhone 13,Apple,4GB,512GB,Apple A15 Bionic,3240.0,6.1,2021,1,5G,iOS 15,https://www.gsmarena.com/apple_iphone_13-11103.php,2026-08-05T14:25:03
Apple iPhone 13 mini,Apple,4GB,128GB,Apple A15 Bionic,2438.0,5.4,2021,1,5G,iOS 15,https://www.gsmarena.com/apple_iphone_13_mini-11104.php,2026-08-05T14:25:35
Apple iPhone 13 mini,Apple,4GB,256GB,Apple A15 Bionic,2438.0,5.4,2021,1,5G,iOS 15,https://www.gsmarena.com/apple_iphone_13_mini-11104.php,2026-08-05T14:25:35
Apple iPhone 13 mini,Apple,4GB,512GB,Apple A15 Bionic,2438.0,5.4,2021,1,5G,iOS 15,https://www.gsmarena.com/apple_iphone_13_mini-11104.php,2026-08-05T14:25:35
Apple iPhone 12 Pro Max,Apple,6GB,128GB,Apple A14 Bionic,3687.0,6.7,2020,1,5G,iOS 14.1,https://www.gsmarena.com/apple_iphone_12_pro_max-10237.php,2026-08-05T14:25:59
Apple iPhone 12 Pro Max,Apple,6GB,256GB,Apple A14 Bionic,3687.0,6.7,2020,1,5G,iOS 14.1,https://www.gsmarena.com/apple_iphone_12_pro_max-10237.php,2026-08-05T14:25:59
Apple iPhone 12 Pro Max,Apple,6GB,512GB,Apple A14 Bionic,3687.0,6.7,2020,1,5G,iOS 14.1,https://www.gsmarena.com/apple_iphone_12_pro_max-10237.php,2026-08-05T14:25:59
Apple iPhone 12 Pro,Apple,6GB,128GB,Apple A14 Bionic,2815.0,6.1,2020,1,5G,iOS 14.1,https://www.gsmarena.com/apple_iphone_12_pro-10508.php,2026-08-05T14:26:40
Apple iPhone 12 Pro,Apple,6GB,256GB,Apple A14 Bionic,2815.0,6.1,2020,1,5G,iOS 14.1,https://www.gsmarena.com/apple_iphone_12_pro-10508.php,2026-08-05T14:26:40
Apple iPhone 12 Pro,Apple,6GB,512GB,Apple A14 Bionic,2815.0,6.1,2020,1,5G,iOS 14.1,https://www.gsmarena.com/apple_iphone_12_pro-10508.php,2026-08-05T14:26:40
Apple iPhone 12,Apple,4GB,64GB,Apple A14 Bionic,2815.0,6.1,2020,1,5G,iOS 14.1,https://www.gsmarena.com/apple_iphone_12-10509.php,2026-08-05T14:27:21
Apple iPhone 12,Apple,4GB,128GB,Apple A14 Bionic,2815.0,6.1,2020,1,5G,iOS 14.1,https://www.gsmarena.com/apple_iphone_12-10509.php,2026-08-05T14:27:21
Apple iPhone 12,Apple,4GB,256GB,Apple A14 Bionic,2815.0,6.1,2020,1,5G,iOS 14.1,https://www.gsmarena.com/apple_iphone_12-10509.php,2026-08-05T14:27:21
Apple iPhone 12 mini,Apple,4GB,64GB,Apple A14 Bionic,2227.0,5.4,2020,1,5G,iOS 14.1,https://www.gsmarena.com/apple_iphone_12_mini-10510.php,2026-08-05T14:28:01
Apple iPhone 12 mini,Apple,4GB,128GB,Apple A14 Bionic,2227.0,5.4,2020,1,5G,iOS 14.1,https://www.gsmarena.com/apple_iphone_12_mini-10510.php,2026-08-05T14:28:01
Apple iPhone 12 mini,Apple,4GB,256GB,Apple A14 Bionic,2227.0,5.4,2020,1,5G,iOS 14.1,https://www.gsmarena.com/apple_iphone_12_mini-10510.php,2026-08-05T14:28:01
Apple iPhone SE (2020),Apple,3GB,64GB,Apple A13 Bionic,1821.0,4.7,2020,1,4G,iOS 13,https://www.gsmarena.com/apple_iphone_se_(2020)-10170.php,2026-08-05T14:28:41
Apple iPhone SE (2020),Apple,3GB,128GB,Apple A13 Bionic,1821.0,4.7,2020,1,4G,iOS 13,https://www.gsmarena.com/apple_iphone_se_(2020)-10170.php,2026-08-05T14:28:41
Apple iPhone SE (2020),Apple,3GB,256GB,Apple A13 Bionic,1821.0,4.7,2020,1,4G,iOS 13,https://www.gsmarena.com/apple_iphone_se_(2020)-10170.php,2026-08-05T14:28:41
Apple iPhone 11 Pro Max,Apple,4GB,64GB,Apple A13 Bionic,3969.0,6.5,2019,1,4G,iOS 13,https://www.gsmarena.com/apple_iphone_11_pro_max-9846.php,2026-08-05T14:29:08
Apple iPhone 11 Pro Max,Apple,4GB,256GB,Apple A13 Bionic,3969.0,6.5,2019,1,4G,iOS 13,https://www.gsmarena.com/apple_iphone_11_pro_max-9846.php,2026-08-05T14:29:08
Apple iPhone 11 Pro Max,Apple,4GB,512GB,Apple A13 Bionic,3969.0,6.5,2019,1,4G,iOS 13,https://www.gsmarena.com/apple_iphone_11_pro_max-9846.php,2026-08-05T14:29:08
Apple iPhone 11 Pro,Apple,4GB,64GB,Apple A13 Bionic,3046.0,5.8,2019,1,4G,iOS 13,https://www.gsmarena.com/apple_iphone_11_pro-9847.php,2026-08-05T14:29:37
Apple iPhone 11 Pro,Apple,4GB,256GB,Apple A13 Bionic,3046.0,5.8,2019,1,4G,iOS 13,https://www.gsmarena.com/apple_iphone_11_pro-9847.php,2026-08-05T14:29:37
Apple iPhone 11 Pro,Apple,4GB,512GB,Apple A13 Bionic,3046.0,5.8,2019,1,4G,iOS 13,https://www.gsmarena.com/apple_iphone_11_pro-9847.php,2026-08-05T14:29:37
Apple iPhone 11,Apple,4GB,64GB,Apple A13 Bionic,3110.0,6.1,2019,1,4G,iOS 13,https://www.gsmarena.com/apple_iphone_11-9848.php,2026-08-05T14:30:11
Apple iPhone 11,Apple,4GB,128GB,Apple A13 Bionic,3110.0,6.1,2019,1,4G,iOS 13,https://www.gsmarena.com/apple_iphone_11-9848.php,2026-08-05T14:30:11
Apple iPhone 11,Apple,4GB,256GB,Apple A13 Bionic,3110.0,6.1,2019,1,4G,iOS 13,https://www.gsmarena.com/apple_iphone_11-9848.php,2026-08-05T14:30:11
Apple iPhone XS Max,Apple,4GB,64GB,Apple A12 Bionic,3174.0,6.5,2018,1,4G,iOS 12,https://www.gsmarena.com/apple_iphone_xs_max-9319.php,2026-08-05T14:30:43
Apple iPhone XS Max,Apple,4GB,256GB,Apple A12 Bionic,3174.0,6.5,2018,1,4G,iOS 12,https://www.gsmarena.com/apple_iphone_xs_max-9319.php,2026-08-05T14:30:43
Apple iPhone XS Max,Apple,4GB,512GB,Apple A12 Bionic,3174.0,6.5,2018,1,4G,iOS 12,https://www.gsmarena.com/apple_iphone_xs_max-9319.php,2026-08-05T14:30:43
Apple iPhone XS,Apple,4GB,64GB,Apple A12 Bionic,2658.0,5.8,2018,1,4G,iOS 12,https://www.gsmarena.com/apple_iphone_xs-9318.php,2026-08-05T14:31:10
Apple iPhone XS,Apple,4GB,256GB,Apple A12 Bionic,2658.0,5.8,2018,1,4G,iOS 12,https://www.gsmarena.com/apple_iphone_xs-9318.php,2026-08-05T14:31:10
Apple iPhone XS,Apple,4GB,512GB,Apple A12 Bionic,2658.0,5.8,2018,1,4G,iOS 12,https://www.gsmarena.com/apple_iphone_xs-9318.php,2026-08-05T14:31:10
Apple iPhone XR,Apple,3GB,64GB,Apple A12 Bionic,2942.0,6.1,2018,1,4G,iOS 12,https://www.gsmarena.com/apple_iphone_xr-9320.php,2026-08-05T14:31:42
Apple iPhone XR,Apple,3GB,128GB,Apple A12 Bionic,2942.0,6.1,2018,1,4G,iOS 12,https://www.gsmarena.com/apple_iphone_xr-9320.php,2026-08-05T14:31:42
Apple iPhone XR,Apple,3GB,256GB,Apple A12 Bionic,2942.0,6.1,2018,1,4G,iOS 12,https://www.gsmarena.com/apple_iphone_xr-9320.php,2026-08-05T14:31:42
Apple iPhone X,Apple,3GB,64GB,Apple A11 Bionic,2716.0,5.8,2017,1,4G,iOS 11.1.1,https://www.gsmarena.com/apple_iphone_x-8858.php,2026-08-05T14:32:10
Apple iPhone X,Apple,3GB,256GB,Apple A11 Bionic,2716.0,5.8,2017,1,4G,iOS 11.1.1,https://www.gsmarena.com/apple_iphone_x-8858.php,2026-08-05T14:32:10
Apple iPhone 8 Plus,Apple,3GB,64GB,Apple A11 Bionic,2691.0,5.5,2017,1,4G,iOS 11,https://www.gsmarena.com/apple_iphone_8_plus-8131.php,2026-08-05T14:32:42
Apple iPhone 8 Plus,Apple,3GB,128GB,Apple A11 Bionic,2691.0,5.5,2017,1,4G,iOS 11,https://www.gsmarena.com/apple_iphone_8_plus-8131.php,2026-08-05T14:32:42
Apple iPhone 8 Plus,Apple,3GB,256GB,Apple A11 Bionic,2691.0,5.5,2017,1,4G,iOS 11,https://www.gsmarena.com/apple_iphone_8_plus-8131.php,2026-08-05T14:32:42
Apple iPhone 8,Apple,2GB,64GB,Apple A11 Bionic,1821.0,4.7,2017,1,4G,iOS 11,https://www.gsmarena.com/apple_iphone_8-8573.php,2026-08-05T14:33:10
Apple iPhone 8,Apple,2GB,128GB,Apple A11 Bionic,1821.0,4.7,2017,1,4G,iOS 11,https://www.gsmarena.com/apple_iphone_8-8573.php,2026-08-05T14:33:10
Apple iPhone 8,Apple,2GB,256GB,Apple A11 Bionic,1821.0,4.7,2017,1,4G,iOS 11,https://www.gsmarena.com/apple_iphone_8-8573.php,2026-08-05T14:33:10
Apple iPhone 7 Plus,Apple,3GB,32GB,Apple A10 Fusion,2900.0,5.5,2016,1,4G,iOS 10.0.1,https://www.gsmarena.com/apple_iphone_7_plus-8065.php,2026-08-05T14:33:36
Apple iPhone 7 Plus,Apple,3GB,128GB,Apple A10 Fusion,2900.0,5.5,2016,1,4G,iOS 10.0.1,https://www.gsmarena.com/apple_iphone_7_plus-8065.php,2026-08-05T14:33:36
Apple iPhone 7 Plus,Apple,3GB,256GB,Apple A10 Fusion,2900.0,5.5,2016,1,4G,iOS 10.0.1,https://www.gsmarena.com/apple_iphone_7_plus-8065.php,2026-08-05T14:33:36
Apple iPhone 7,Apple,2GB,32GB,Apple A10 Fusion,1960.0,4.7,2016,1,4G,iOS 10.0.1,https://www.gsmarena.com/apple_iphone_7-8064.php,2026-08-05T14:34:15
Apple iPhone 7,Apple,2GB,128GB,Apple A10 Fusion,1960.0,4.7,2016,1,4G,iOS 10.0.1,https://www.gsmarena.com/apple_iphone_7-8064.php,2026-08-05T14:34:15
Apple iPhone 7,Apple,2GB,256GB,Apple A10 Fusion,1960.0,4.7,2016,1,4G,iOS 10.0.1,https://www.gsmarena.com/apple_iphone_7-8064.php,2026-08-05T14:34:15
Apple iPhone SE,Apple,2GB,16GB,Apple A9,1624.0,4.0,2016,1,4G,iOS 9.3.2,https://www.gsmarena.com/apple_iphone_se-7969.php,2026-08-05T14:34:45
Apple iPhone SE,Apple,2GB,32GB,Apple A9,1624.0,4.0,2016,1,4G,iOS 9.3.2,https://www.gsmarena.com/apple_iphone_se-7969.php,2026-08-05T14:34:45
Apple iPhone SE,Apple,2GB,64GB,Apple A9,1624.0,4.0,2016,1,4G,iOS 9.3.2,https://www.gsmarena.com/apple_iphone_se-7969.php,2026-08-05T14:34:45
Apple iPhone SE,Apple,2GB,128GB,Apple A9,1624.0,4.0,2016,1,4G,iOS 9.3.2,https://www.gsmarena.com/apple_iphone_se-7969.php,2026-08-05T14:34:45
Apple iPhone 6s Plus,Apple,2GB,16GB,Apple A9,2750.0,5.5,2015,1,4G,iOS 9,https://www.gsmarena.com/apple_iphone_6s_plus-7243.php,2026-08-05T14:35:15
Apple iPhone 6s Plus,Apple,2GB,32GB,Apple A9,2750.0,5.5,2015,1,4G,iOS 9,https://www.gsmarena.com/apple_iphone_6s_plus-7243.php,2026-08-05T14:35:15
Apple iPhone 6s Plus,Apple,2GB,64GB,Apple A9,2750.0,5.5,2015,1,4G,iOS 9,https://www.gsmarena.com/apple_iphone_6s_plus-7243.php,2026-08-05T14:35:15
Apple iPhone 6s Plus,Apple,2GB,128GB,Apple A9,2750.0,5.5,2015,1,4G,iOS 9,https://www.gsmarena.com/apple_iphone_6s_plus-7243.php,2026-08-05T14:35:15
Apple iPhone 6s,Apple,2GB,16GB,Apple A9,1715.0,4.7,2015,1,4G,iOS 9,https://www.gsmarena.com/apple_iphone_6s-7242.php,2026-08-05T14:35:40
Apple iPhone 6s,Apple,2GB,32GB,Apple A9,1715.0,4.7,2015,1,4G,iOS 9,https://www.gsmarena.com/apple_iphone_6s-7242.php,2026-08-05T14:35:40
Apple iPhone 6s,Apple,2GB,64GB,Apple A9,1715.0,4.7,2015,1,4G,iOS 9,https://www.gsmarena.com/apple_iphone_6s-7242.php,2026-08-05T14:35:40
Apple iPhone 6s,Apple,2GB,128GB,Apple A9,1715.0,4.7,2015,1,4G,iOS 9,https://www.gsmarena.com/apple_iphone_6s-7242.php,2026-08-05T14:35:40
Apple iPhone 6 Plus,Apple,1GB,16GB,Apple A8,2915.0,5.5,2014,1,4G,iOS 8,https://www.gsmarena.com/apple_iphone_6_plus-6665.php,2026-08-05T14:36:14
Apple iPhone 6 Plus,Apple,1GB,64GB,Apple A8,2915.0,5.5,2014,1,4G,iOS 8,https://www.gsmarena.com/apple_iphone_6_plus-6665.php,2026-08-05T14:36:14
Apple iPhone 6 Plus,Apple,1GB,128GB,Apple A8,2915.0,5.5,2014,1,4G,iOS 8,https://www.gsmarena.com/apple_iphone_6_plus-6665.php,2026-08-05T14:36:14
Apple iPhone 6,Apple,1GB,16GB,Apple A8,1810.0,4.7,2014,1,4G,iOS 8,https://www.gsmarena.com/apple_iphone_6-6378.php,2026-08-05T14:36:38
Apple iPhone 6,Apple,1GB,32GB,Apple A8,1810.0,4.7,2014,1,4G,iOS 8,https://www.gsmarena.com/apple_iphone_6-6378.php,2026-08-05T14:36:38
Apple iPhone 6,Apple,1GB,64GB,Apple A8,1810.0,4.7,2014,1,4G,iOS 8,https://www.gsmarena.com/apple_iphone_6-6378.php,2026-08-05T14:36:38
Apple iPhone 6,Apple,1GB,128GB,Apple A8,1810.0,4.7,2014,1,4G,iOS 8,https://www.gsmarena.com/apple_iphone_6-6378.php,2026-08-05T14:36:38
Apple iPhone 5s,Apple,1GB,16GB,Apple A7,1560.0,4.0,2013,0,4G,iOS 7,https://www.gsmarena.com/apple_iphone_5s-5685.php,2026-08-05T14:37:09
Apple iPhone 5s,Apple,1GB,32GB,Apple A7,1560.0,4.0,2013,0,4G,iOS 7,https://www.gsmarena.com/apple_iphone_5s-5685.php,2026-08-05T14:37:09
Apple iPhone 5s,Apple,1GB,64GB,Apple A7,1560.0,4.0,2013,0,4G,iOS 7,https://www.gsmarena.com/apple_iphone_5s-5685.php,2026-08-05T14:37:09
Apple iPhone 5c,Apple,1GB,8GB,Apple A6,1510.0,4.0,2013,0,4G,iOS 7,https://www.gsmarena.com/apple_iphone_5c-5690.php,2026-08-05T14:37:47
Apple iPhone 5c,Apple,1GB,16GB,Apple A6,1510.0,4.0,2013,0,4G,iOS 7,https://www.gsmarena.com/apple_iphone_5c-5690.php,2026-08-05T14:37:47
Apple iPhone 5c,Apple,1GB,32GB,Apple A6,1510.0,4.0,2013,0,4G,iOS 7,https://www.gsmarena.com/apple_iphone_5c-5690.php,2026-08-05T14:37:47
Apple iPhone 5,Apple,1GB,16GB,Apple A6,1440.0,4.0,2012,0,4G,iOS 6,https://www.gsmarena.com/apple_iphone_5-4910.php,2026-08-05T14:38:26
Apple iPhone 5,Apple,1GB,32GB,Apple A6,1440.0,4.0,2012,0,4G,iOS 6,https://www.gsmarena.com/apple_iphone_5-4910.php,2026-08-05T14:38:26
Apple iPhone 5,Apple,1GB,64GB,Apple A6,1440.0,4.0,2012,0,4G,iOS 6,https://www.gsmarena.com/apple_iphone_5-4910.php,2026-08-05T14:38:26
Apple iPhone 4s,Apple,,8GB,Apple A5,1432.0,3.5,2011,0,2G,iOS 5,https://www.gsmarena.com/apple_iphone_4s-4212.php,2026-08-05T14:38:57
Apple iPhone 4s,Apple,,16GB,Apple A5,1432.0,3.5,2011,0,2G,iOS 5,https://www.gsmarena.com/apple_iphone_4s-4212.php,2026-08-05T14:38:57
Apple iPhone 4s,Apple,,32GB,Apple A5,1432.0,3.5,2011,0,2G,iOS 5,https://www.gsmarena.com/apple_iphone_4s-4212.php,2026-08-05T14:38:57
Apple iPhone 4s,Apple,,64GB,Apple A5,1432.0,3.5,2011,0,2G,iOS 5,https://www.gsmarena.com/apple_iphone_4s-4212.php,2026-08-05T14:38:57
Apple iPhone 4,Apple,,8GB,Apple A4,1420.0,3.5,2010,0,2G,iOS 4,https://www.gsmarena.com/apple_iphone_4-3275.php,2026-08-05T14:39:30
Apple iPhone 4,Apple,,16GB,Apple A4,1420.0,3.5,2010,0,2G,iOS 4,https://www.gsmarena.com/apple_iphone_4-3275.php,2026-08-05T14:39:30
Apple iPhone 4,Apple,,32GB,Apple A4,1420.0,3.5,2010,0,2G,iOS 4,https://www.gsmarena.com/apple_iphone_4-3275.php,2026-08-05T14:39:30
Apple iPhone 4 CDMA,Apple,,16GB,Apple A4,1420.0,3.5,2011,0,2G,iOS 4,https://www.gsmarena.com/apple_iphone_4_cdma-3716.php,2026-08-05T14:40:07
Apple iPhone 4 CDMA,Apple,,32GB,Apple A4,1420.0,3.5,2011,0,2G,iOS 4,https://www.gsmarena.com/apple_iphone_4_cdma-3716.php,2026-08-05T14:40:07
Apple iPhone 3GS,Apple,,8GB,,1400.0,3.5,2009,0,2G,iOS 3,https://www.gsmarena.com/apple_iphone_3gs-2826.php,2026-08-05T14:40:36
Apple iPhone 3GS,Apple,,16GB,,1400.0,3.5,2009,0,2G,iOS 3,https://www.gsmarena.com/apple_iphone_3gs-2826.php,2026-08-05T14:40:36
Apple iPhone 3GS,Apple,,32GB,,1400.0,3.5,2009,0,2G,iOS 3,https://www.gsmarena.com/apple_iphone_3gs-2826.php,2026-08-05T14:40:36
Apple iPhone 3G,Apple,,8GB,,1220.0,3.5,2008,0,2G,iOS,https://www.gsmarena.com/apple_iphone_3g-2424.php,2026-08-05T14:41:00
Apple iPhone 3G,Apple,,16GB,,1220.0,3.5,2008,0,2G,iOS,https://www.gsmarena.com/apple_iphone_3g-2424.php,2026-08-05T14:41:00
Apple iPhone,Apple,,16GB,,1400.0,3.5,2007,0,2G,iOS,https://www.gsmarena.com/apple_iphone-1827.php,2026-08-05T14:41:35
Samsung Galaxy F70 Pro,Samsung,6GB,128GB,Qualcomm SM6475-AB Snapdragon 6 Gen 3,6000.0,6.7,2026,1,5G,Android 16,https://www.gsmarena.com/samsung_galaxy_f70_pro_5g-14856.php,2026-08-05T14:52:41
Samsung Galaxy F70 Pro,Samsung,8GB,128GB,Qualcomm SM6475-AB Snapdragon 6 Gen 3,6000.0,6.7,2026,1,5G,Android 16,https://www.gsmarena.com/samsung_galaxy_f70_pro_5g-14856.php,2026-08-05T14:52:41
Samsung Galaxy F70 Pro,Samsung,8GB,256GB,Qualcomm SM6475-AB Snapdragon 6 Gen 3,6000.0,6.7,2026,1,5G,Android 16,https://www.gsmarena.com/samsung_galaxy_f70_pro_5g-14856.php,2026-08-05T14:52:41
Samsung Galaxy Z Fold8 Ultra,Samsung,12GB,256GB,Qualcomm SM8850-1-AD Snapdragon 8 Elite Gen 5,5000.0,8.0,2026,1,5G,Android 17,https://www.gsmarena.com/samsung_galaxy_z_fold8_ultra_5g-14802.php,2026-08-05T14:53:13
Samsung Galaxy Z Fold8 Ultra,Samsung,12GB,512GB,Qualcomm SM8850-1-AD Snapdragon 8 Elite Gen 5,5000.0,8.0,2026,1,5G,Android 17,https://www.gsmarena.com/samsung_galaxy_z_fold8_ultra_5g-14802.php,2026-08-05T14:53:13
Samsung Galaxy Z Fold8 Ultra,Samsung,16GB,512GB,Qualcomm SM8850-1-AD Snapdragon 8 Elite Gen 5,5000.0,8.0,2026,1,5G,Android 17,https://www.gsmarena.com/samsung_galaxy_z_fold8_ultra_5g-14802.php,2026-08-05T14:53:13
Samsung Galaxy Z Fold8 Ultra,Samsung,16GB,1TB,Qualcomm SM8850-1-AD Snapdragon 8 Elite Gen 5,5000.0,8.0,2026,1,5G,Android 17,https://www.gsmarena.com/samsung_galaxy_z_fold8_ultra_5g-14802.php,2026-08-05T14:53:13
Samsung Galaxy Z Fold8,Samsung,12GB,256GB,Qualcomm SM8850-1-AD Snapdragon 8 Elite Gen 5,4800.0,7.6,2026,1,5G,Android 17,https://www.gsmarena.com/samsung_galaxy_z_fold_wide_5g-14673.php,2026-08-05T14:53:37
Samsung Galaxy Z Fold8,Samsung,12GB,512GB,Qualcomm SM8850-1-AD Snapdragon 8 Elite Gen 5,4800.0,7.6,2026,1,5G,Android 17,https://www.gsmarena.com/samsung_galaxy_z_fold_wide_5g-14673.php,2026-08-05T14:53:37
Samsung Galaxy Z Fold8,Samsung,12GB,1TB,Qualcomm SM8850-1-AD Snapdragon 8 Elite Gen 5,4800.0,7.6,2026,1,5G,Android 17,https://www.gsmarena.com/samsung_galaxy_z_fold_wide_5g-14673.php,2026-08-05T14:53:37
Samsung Galaxy Z Fold8,Samsung,16GB,1TB,Qualcomm SM8850-1-AD Snapdragon 8 Elite Gen 5,4800.0,7.6,2026,1,5G,Android 17,https://www.gsmarena.com/samsung_galaxy_z_fold_wide_5g-14673.php,2026-08-05T14:53:37
Samsung Galaxy Z Flip8,Samsung,12GB,256GB,Qualcomm SM8850-1-AD Snapdragon 8 Elite Gen 5,4300.0,6.9,2026,1,5G,Android 17,https://www.gsmarena.com/samsung_galaxy_z_flip8_5g-14803.php,2026-08-05T14:54:10
Samsung Galaxy Z Flip8,Samsung,12GB,512GB,Qualcomm SM8850-1-AD Snapdragon 8 Elite Gen 5,4300.0,6.9,2026,1,5G,Android 17,https://www.gsmarena.com/samsung_galaxy_z_flip8_5g-14803.php,2026-08-05T14:54:10
Samsung Galaxy M47,Samsung,6GB,128GB,Qualcomm SM6475-AB Snapdragon 6 Gen 3,6000.0,6.7,2026,1,5G,Android 16,https://www.gsmarena.com/samsung_galaxy_m47_5g-14749.php,2026-08-05T14:54:50
Samsung Galaxy M47,Samsung,8GB,128GB,Qualcomm SM6475-AB Snapdragon 6 Gen 3,6000.0,6.7,2026,1,5G,Android 16,https://www.gsmarena.com/samsung_galaxy_m47_5g-14749.php,2026-08-05T14:54:50
Samsung Galaxy M47,Samsung,8GB,256GB,Qualcomm SM6475-AB Snapdragon 6 Gen 3,6000.0,6.7,2026,1,5G,Android 16,https://www.gsmarena.com/samsung_galaxy_m47_5g-14749.php,2026-08-05T14:54:50
Samsung Galaxy A27,Samsung,6GB,128GB,Qualcomm SM6475-AB Snapdragon 6 Gen 3,5000.0,6.7,2026,1,5G,Android 16,https://www.gsmarena.com/samsung_galaxy_a27_5g-14606.php,2026-08-05T14:55:13
Samsung Galaxy A27,Samsung,8GB,128GB,Qualcomm SM6475-AB Snapdragon 6 Gen 3,5000.0,6.7,2026,1,5G,Android 16,https://www.gsmarena.com/samsung_galaxy_a27_5g-14606.php,2026-08-05T14:55:13
Samsung Galaxy A27,Samsung,8GB,256GB,Qualcomm SM6475-AB Snapdragon 6 Gen 3,5000.0,6.7,2026,1,5G,Android 16,https://www.gsmarena.com/samsung_galaxy_a27_5g-14606.php,2026-08-05T14:55:13
Samsung Galaxy A57,Samsung,8GB,128GB,Exynos 1680,5000.0,6.7,2026,1,5G,Android 16,https://www.gsmarena.com/samsung_galaxy_a57_5g-14379.php,2026-08-05T14:55:48
Samsung Galaxy A57,Samsung,8GB,256GB,Exynos 1680,5000.0,6.7,2026,1,5G,Android 16,https://www.gsmarena.com/samsung_galaxy_a57_5g-14379.php,2026-08-05T14:55:48
Samsung Galaxy A57,Samsung,12GB,256GB,Exynos 1680,5000.0,6.7,2026,1,5G,Android 16,https://www.gsmarena.com/samsung_galaxy_a57_5g-14379.php,2026-08-05T14:55:48
Samsung Galaxy A57,Samsung,12GB,512GB,Exynos 1680,5000.0,6.7,2026,1,5G,Android 16,https://www.gsmarena.com/samsung_galaxy_a57_5g-14379.php,2026-08-05T14:55:48
Samsung Galaxy A37,Samsung,6GB,128GB,Exynos 1480,5000.0,6.7,2026,1,5G,Android 16,https://www.gsmarena.com/samsung_galaxy_a37_5g-14378.php,2026-08-05T14:56:25
Samsung Galaxy A37,Samsung,8GB,128GB,Exynos 1480,5000.0,6.7,2026,1,5G,Android 16,https://www.gsmarena.com/samsung_galaxy_a37_5g-14378.php,2026-08-05T14:56:25
Samsung Galaxy A37,Samsung,8GB,256GB,Exynos 1480,5000.0,6.7,2026,1,5G,Android 16,https://www.gsmarena.com/samsung_galaxy_a37_5g-14378.php,2026-08-05T14:56:25
Samsung Galaxy A37,Samsung,12GB,256GB,Exynos 1480,5000.0,6.7,2026,1,5G,Android 16,https://www.gsmarena.com/samsung_galaxy_a37_5g-14378.php,2026-08-05T14:56:25
Samsung Galaxy M17e,Samsung,4GB,128GB,Mediatek Dimensity 6300,6000.0,6.7,2026,0,5G,Android 16,https://www.gsmarena.com/samsung_galaxy_m17e_5g-14534.php,2026-08-05T14:56:50
Samsung Galaxy M17e,Samsung,6GB,128GB,Mediatek Dimensity 6300,6000.0,6.7,2026,0,5G,Android 16,https://www.gsmarena.com/samsung_galaxy_m17e_5g-14534.php,2026-08-05T14:56:50
Samsung Galaxy S26 Ultra,Samsung,12GB,256GB,Qualcomm SM8850-1-AD Snapdragon 8 Elite Gen 5,5000.0,6.9,2026,1,5G,Android 16,https://www.gsmarena.com/samsung_galaxy_s26_ultra_5g-14320.php,2026-08-05T14:57:30
Samsung Galaxy S26 Ultra,Samsung,12GB,512GB,Qualcomm SM8850-1-AD Snapdragon 8 Elite Gen 5,5000.0,6.9,2026,1,5G,Android 16,https://www.gsmarena.com/samsung_galaxy_s26_ultra_5g-14320.php,2026-08-05T14:57:30
Samsung Galaxy S26 Ultra,Samsung,16GB,1TB,Qualcomm SM8850-1-AD Snapdragon 8 Elite Gen 5,5000.0,6.9,2026,1,5G,Android 16,https://www.gsmarena.com/samsung_galaxy_s26_ultra_5g-14320.php,2026-08-05T14:57:30
Samsung Galaxy S26+,Samsung,12GB,256GB,Qualcomm SM8850-1-AD Snapdragon 8 Elite Gen 5,4900.0,6.7,2026,1,5G,Android 16,https://www.gsmarena.com/samsung_galaxy_s26+_5g-14457.php,2026-08-05T14:57:54
Samsung Galaxy S26+,Samsung,12GB,512GB,Qualcomm SM8850-1-AD Snapdragon 8 Elite Gen 5,4900.0,6.7,2026,1,5G,Android 16,https://www.gsmarena.com/samsung_galaxy_s26+_5g-14457.php,2026-08-05T14:57:54
Samsung Galaxy S26,Samsung,12GB,128GB,Qualcomm SM8850-1-AD Snapdragon 8 Elite Gen 5,4300.0,6.3,2026,1,5G,Android 16,https://www.gsmarena.com/samsung_galaxy_s26_5g-14456.php,2026-08-05T14:58:32
Samsung Galaxy S26,Samsung,12GB,256GB,Qualcomm SM8850-1-AD Snapdragon 8 Elite Gen 5,4300.0,6.3,2026,1,5G,Android 16,https://www.gsmarena.com/samsung_galaxy_s26_5g-14456.php,2026-08-05T14:58:32
Samsung Galaxy S26,Samsung,12GB,512GB,Qualcomm SM8850-1-AD Snapdragon 8 Elite Gen 5,4300.0,6.3,2026,1,5G,Android 16,https://www.gsmarena.com/samsung_galaxy_s26_5g-14456.php,2026-08-05T14:58:32
Samsung Galaxy F70e,Samsung,4GB,128GB,Mediatek Dimensity 6300,6000.0,6.7,2026,0,5G,Android 16,https://www.gsmarena.com/samsung_galaxy_f70e_5g-14459.php,2026-08-05T14:59:02
Samsung Galaxy F70e,Samsung,6GB,128GB,Mediatek Dimensity 6300,6000.0,6.7,2026,0,5G,Android 16,https://www.gsmarena.com/samsung_galaxy_f70e_5g-14459.php,2026-08-05T14:59:02
Samsung Galaxy A07,Samsung,4GB,64GB,Mediatek Dimensity 6300,6000.0,6.7,2026,0,5G,Android 16,https://www.gsmarena.com/samsung_galaxy_a07_5g-14409.php,2026-08-05T14:59:24
Samsung Galaxy A07,Samsung,4GB,128GB,Mediatek Dimensity 6300,6000.0,6.7,2026,0,5G,Android 16,https://www.gsmarena.com/samsung_galaxy_a07_5g-14409.php,2026-08-05T14:59:24
Samsung Galaxy A07,Samsung,6GB,128GB,Mediatek Dimensity 6300,6000.0,6.7,2026,0,5G,Android 16,https://www.gsmarena.com/samsung_galaxy_a07_5g-14409.php,2026-08-05T14:59:24
Samsung Galaxy Z TriFold,Samsung,16GB,512GB,Qualcomm SM8750-AC Snapdragon 8 Elite,5600.0,0.0,2025,1,5G,Android 16,https://www.gsmarena.com/samsung_galaxy_z_trifold_5g-14292.php,2026-08-05T15:00:02
Samsung Galaxy Z TriFold,Samsung,16GB,1TB,Qualcomm SM8750-AC Snapdragon 8 Elite,5600.0,0.0,2025,1,5G,Android 16,https://www.gsmarena.com/samsung_galaxy_z_trifold_5g-14292.php,2026-08-05T15:00:02
Samsung Galaxy M17,Samsung,4GB,128GB,Exynos 1330,5000.0,6.7,2025,1,5G,Android 15,https://www.gsmarena.com/samsung_galaxy_m17_5g-14221.php,2026-08-05T15:00:27
Samsung Galaxy M17,Samsung,6GB,128GB,Exynos 1330,5000.0,6.7,2025,1,5G,Android 15,https://www.gsmarena.com/samsung_galaxy_m17_5g-14221.php,2026-08-05T15:00:27
Samsung Galaxy M17,Samsung,8GB,128GB,Exynos 1330,5000.0,6.7,2025,1,5G,Android 15,https://www.gsmarena.com/samsung_galaxy_m17_5g-14221.php,2026-08-05T15:00:27
Samsung Galaxy F07,Samsung,4GB,64GB,Mediatek Helio G99,5000.0,6.7,2025,0,4G,Android 15,https://www.gsmarena.com/samsung_galaxy_f07-14205.php,2026-08-05T15:00:57
Samsung Galaxy M07,Samsung,4GB,64GB,Mediatek Helio G99,5000.0,6.7,2025,0,4G,Android 15,https://www.gsmarena.com/samsung_galaxy_m07-14100.php,2026-08-05T15:01:23
Samsung Galaxy A17 4G,Samsung,4GB,128GB,Mediatek Helio G99,5000.0,6.7,2025,1,4G,Android 15,https://www.gsmarena.com/samsung_galaxy_a17-14157.php,2026-08-05T15:01:51
Samsung Galaxy A17 4G,Samsung,6GB,128GB,Mediatek Helio G99,5000.0,6.7,2025,1,4G,Android 15,https://www.gsmarena.com/samsung_galaxy_a17-14157.php,2026-08-05T15:01:51
Samsung Galaxy A17 4G,Samsung,8GB,128GB,Mediatek Helio G99,5000.0,6.7,2025,1,4G,Android 15,https://www.gsmarena.com/samsung_galaxy_a17-14157.php,2026-08-05T15:01:51
Samsung Galaxy A17 4G,Samsung,4GB,256GB,Mediatek Helio G99,5000.0,6.7,2025,1,4G,Android 15,https://www.gsmarena.com/samsung_galaxy_a17-14157.php,2026-08-05T15:01:51
Samsung Galaxy A17 4G,Samsung,8GB,256GB,Mediatek Helio G99,5000.0,6.7,2025,1,4G,Android 15,https://www.gsmarena.com/samsung_galaxy_a17-14157.php,2026-08-05T15:01:51
Samsung Galaxy F17,Samsung,4GB,128GB,Exynos 1330,5000.0,6.7,2025,1,5G,Android 15,https://www.gsmarena.com/samsung_galaxy_f17_5g-14107.php,2026-08-05T15:02:27
Samsung Galaxy F17,Samsung,6GB,128GB,Exynos 1330,5000.0,6.7,2025,1,5G,Android 15,https://www.gsmarena.com/samsung_galaxy_f17_5g-14107.php,2026-08-05T15:02:27
Samsung Galaxy F17,Samsung,8GB,128GB,Exynos 1330,5000.0,6.7,2025,1,5G,Android 15,https://www.gsmarena.com/samsung_galaxy_f17_5g-14107.php,2026-08-05T15:02:27
Samsung Galaxy S25 FE,Samsung,8GB,128GB,Exynos 2400,4900.0,6.7,2025,1,5G,Android 16,https://www.gsmarena.com/samsung_galaxy_s25_fe_5g-14042.php,2026-08-05T15:02:49
Samsung Galaxy S25 FE,Samsung,8GB,256GB,Exynos 2400,4900.0,6.7,2025,1,5G,Android 16,https://www.gsmarena.com/samsung_galaxy_s25_fe_5g-14042.php,2026-08-05T15:02:49
Samsung Galaxy S25 FE,Samsung,8GB,512GB,Exynos 2400,4900.0,6.7,2025,1,5G,Android 16,https://www.gsmarena.com/samsung_galaxy_s25_fe_5g-14042.php,2026-08-05T15:02:49
Samsung Galaxy A07 4G,Samsung,4GB,64GB,Mediatek Helio G99,5000.0,6.7,2025,0,4G,Android 15,https://www.gsmarena.com/samsung_galaxy_a07-14066.php,2026-08-05T15:03:12
Samsung Galaxy A07 4G,Samsung,4GB,128GB,Mediatek Helio G99,5000.0,6.7,2025,0,4G,Android 15,https://www.gsmarena.com/samsung_galaxy_a07-14066.php,2026-08-05T15:03:12
Samsung Galaxy A07 4G,Samsung,6GB,128GB,Mediatek Helio G99,5000.0,6.7,2025,0,4G,Android 15,https://www.gsmarena.com/samsung_galaxy_a07-14066.php,2026-08-05T15:03:12
Samsung Galaxy A07 4G,Samsung,8GB,256GB,Mediatek Helio G99,5000.0,6.7,2025,0,4G,Android 15,https://www.gsmarena.com/samsung_galaxy_a07-14066.php,2026-08-05T15:03:12
Samsung Galaxy A17,Samsung,4GB,128GB,Exynos 1330,5000.0,6.7,2025,1,5G,Android 15,https://www.gsmarena.com/samsung_galaxy_a17_5g-14041.php,2026-08-05T15:03:41
Samsung Galaxy A17,Samsung,6GB,128GB,Exynos 1330,5000.0,6.7,2025,1,5G,Android 15,https://www.gsmarena.com/samsung_galaxy_a17_5g-14041.php,2026-08-05T15:03:41
Samsung Galaxy A17,Samsung,8GB,128GB,Exynos 1330,5000.0,6.7,2025,1,5G,Android 15,https://www.gsmarena.com/samsung_galaxy_a17_5g-14041.php,2026-08-05T15:03:41
Samsung Galaxy A17,Samsung,4GB,256GB,Exynos 1330,5000.0,6.7,2025,1,5G,Android 15,https://www.gsmarena.com/samsung_galaxy_a17_5g-14041.php,2026-08-05T15:03:41
Samsung Galaxy A17,Samsung,8GB,256GB,Exynos 1330,5000.0,6.7,2025,1,5G,Android 15,https://www.gsmarena.com/samsung_galaxy_a17_5g-14041.php,2026-08-05T15:03:41
Samsung Galaxy F36,Samsung,6GB,128GB,Exynos 1380,5000.0,6.7,2025,1,5G,Android 15,https://www.gsmarena.com/samsung_galaxy_f36_5g-14009.php,2026-08-05T15:04:07
Samsung Galaxy F36,Samsung,8GB,128GB,Exynos 1380,5000.0,6.7,2025,1,5G,Android 15,https://www.gsmarena.com/samsung_galaxy_f36_5g-14009.php,2026-08-05T15:04:07
Samsung Galaxy F36,Samsung,8GB,256GB,Exynos 1380,5000.0,6.7,2025,1,5G,Android 15,https://www.gsmarena.com/samsung_galaxy_f36_5g-14009.php,2026-08-05T15:04:07
Samsung Galaxy Z Fold7,Samsung,12GB,256GB,Qualcomm SM8750-AC Snapdragon 8 Elite,4400.0,8.0,2025,1,5G,Android 16,https://www.gsmarena.com/samsung_galaxy_z_fold7-13826.php,2026-08-05T15:04:29
Samsung Galaxy Z Fold7,Samsung,12GB,512GB,Qualcomm SM8750-AC Snapdragon 8 Elite,4400.0,8.0,2025,1,5G,Android 16,https://www.gsmarena.com/samsung_galaxy_z_fold7-13826.php,2026-08-05T15:04:29
Samsung Galaxy Z Fold7,Samsung,12GB,1TB,Qualcomm SM8750-AC Snapdragon 8 Elite,4400.0,8.0,2025,1,5G,Android 16,https://www.gsmarena.com/samsung_galaxy_z_fold7-13826.php,2026-08-05T15:04:29
Samsung Galaxy Z Fold7,Samsung,16GB,1TB,Qualcomm SM8750-AC Snapdragon 8 Elite,4400.0,8.0,2025,1,5G,Android 16,https://www.gsmarena.com/samsung_galaxy_z_fold7-13826.php,2026-08-05T15:04:29
Samsung Galaxy Z Flip7,Samsung,12GB,256GB,Exynos 2500,4300.0,6.9,2025,1,5G,Android 16,https://www.gsmarena.com/samsung_galaxy_z_flip7-13712.php,2026-08-05T15:05:05
Samsung Galaxy Z Flip7,Samsung,12GB,512GB,Exynos 2500,4300.0,6.9,2025,1,5G,Android 16,https://www.gsmarena.com/samsung_galaxy_z_flip7-13712.php,2026-08-05T15:05:05
Samsung Galaxy Z Flip7 FE,Samsung,8GB,128GB,Exynos 2400,4000.0,6.7,2025,1,5G,Android 16,https://www.gsmarena.com/samsung_galaxy_z_flip7_fe_5g-13844.php,2026-08-05T15:05:37
Samsung Galaxy Z Flip7 FE,Samsung,8GB,256GB,Exynos 2400,4000.0,6.7,2025,1,5G,Android 16,https://www.gsmarena.com/samsung_galaxy_z_flip7_fe_5g-13844.php,2026-08-05T15:05:37
Samsung Galaxy M36,Samsung,6GB,128GB,Exynos 1380,5000.0,6.7,2025,1,5G,Android 15,https://www.gsmarena.com/samsung_galaxy_m36_5g-13967.php,2026-08-05T15:06:07
Samsung Galaxy M36,Samsung,8GB,128GB,Exynos 1380,5000.0,6.7,2025,1,5G,Android 15,https://www.gsmarena.com/samsung_galaxy_m36_5g-13967.php,2026-08-05T15:06:07
Samsung Galaxy M36,Samsung,8GB,256GB,Exynos 1380,5000.0,6.7,2025,1,5G,Android 15,https://www.gsmarena.com/samsung_galaxy_m36_5g-13967.php,2026-08-05T15:06:07
Samsung Galaxy S25 Edge,Samsung,12GB,256GB,Qualcomm SM8750-AC Snapdragon 8 Elite,3900.0,6.7,2025,1,5G,Android 15,https://www.gsmarena.com/samsung_galaxy_s25_edge-13506.php,2026-08-05T15:06:42
Samsung Galaxy S25 Edge,Samsung,12GB,512GB,Qualcomm SM8750-AC Snapdragon 8 Elite,3900.0,6.7,2025,1,5G,Android 15,https://www.gsmarena.com/samsung_galaxy_s25_edge-13506.php,2026-08-05T15:06:42
Samsung Galaxy F56,Samsung,8GB,128GB,Exynos 1480,5000.0,6.74,2025,0,5G,Android 15,https://www.gsmarena.com/samsung_galaxy_f56_5g-13855.php,2026-08-05T15:07:15
Samsung Galaxy F56,Samsung,8GB,256GB,Exynos 1480,5000.0,6.74,2025,0,5G,Android 15,https://www.gsmarena.com/samsung_galaxy_f56_5g-13855.php,2026-08-05T15:07:15
Samsung Galaxy M56,Samsung,8GB,128GB,Exynos 1480,5000.0,6.74,2025,0,5G,Android 15,https://www.gsmarena.com/samsung_galaxy_m56_5g-13801.php,2026-08-05T15:07:54
Samsung Galaxy M56,Samsung,8GB,256GB,Exynos 1480,5000.0,6.74,2025,0,5G,Android 15,https://www.gsmarena.com/samsung_galaxy_m56_5g-13801.php,2026-08-05T15:07:54
Samsung Galaxy F16,Samsung,4GB,128GB,Mediatek Dimensity 6300,5000.0,6.7,2025,1,5G,Android 15,https://www.gsmarena.com/samsung_galaxy_f16-13721.php,2026-08-05T15:08:23
Samsung Galaxy F16,Samsung,6GB,128GB,Mediatek Dimensity 6300,5000.0,6.7,2025,1,5G,Android 15,https://www.gsmarena.com/samsung_galaxy_f16-13721.php,2026-08-05T15:08:23
Samsung Galaxy F16,Samsung,8GB,128GB,Mediatek Dimensity 6300,5000.0,6.7,2025,1,5G,Android 15,https://www.gsmarena.com/samsung_galaxy_f16-13721.php,2026-08-05T15:08:23
Samsung Galaxy A56,Samsung,6GB,128GB,Exynos 1580,5000.0,6.7,2025,1,5G,Android 15,https://www.gsmarena.com/samsung_galaxy_a56-13603.php,2026-08-05T15:09:03
Samsung Galaxy A56,Samsung,8GB,128GB,Exynos 1580,5000.0,6.7,2025,1,5G,Android 15,https://www.gsmarena.com/samsung_galaxy_a56-13603.php,2026-08-05T15:09:03
Samsung Galaxy A56,Samsung,6GB,256GB,Exynos 1580,5000.0,6.7,2025,1,5G,Android 15,https://www.gsmarena.com/samsung_galaxy_a56-13603.php,2026-08-05T15:09:03
Samsung Galaxy A56,Samsung,8GB,256GB,Exynos 1580,5000.0,6.7,2025,1,5G,Android 15,https://www.gsmarena.com/samsung_galaxy_a56-13603.php,2026-08-05T15:09:03
Samsung Galaxy A56,Samsung,12GB,256GB,Exynos 1580,5000.0,6.7,2025,1,5G,Android 15,https://www.gsmarena.com/samsung_galaxy_a56-13603.php,2026-08-05T15:09:03
Samsung Galaxy A36,Samsung,6GB,128GB,Qualcomm SM6475-AB Snapdragon 6 Gen 3,5000.0,6.7,2025,1,5G,Android 15,https://www.gsmarena.com/samsung_galaxy_a36-13497.php,2026-08-05T15:09:32
Samsung Galaxy A36,Samsung,8GB,128GB,Qualcomm SM6475-AB Snapdragon 6 Gen 3,5000.0,6.7,2025,1,5G,Android 15,https://www.gsmarena.com/samsung_galaxy_a36-13497.php,2026-08-05T15:09:32
Samsung Galaxy A36,Samsung,6GB,256GB,Qualcomm SM6475-AB Snapdragon 6 Gen 3,5000.0,6.7,2025,1,5G,Android 15,https://www.gsmarena.com/samsung_galaxy_a36-13497.php,2026-08-05T15:09:32
Samsung Galaxy A36,Samsung,8GB,256GB,Qualcomm SM6475-AB Snapdragon 6 Gen 3,5000.0,6.7,2025,1,5G,Android 15,https://www.gsmarena.com/samsung_galaxy_a36-13497.php,2026-08-05T15:09:32
Samsung Galaxy A36,Samsung,12GB,256GB,Qualcomm SM6475-AB Snapdragon 6 Gen 3,5000.0,6.7,2025,1,5G,Android 15,https://www.gsmarena.com/samsung_galaxy_a36-13497.php,2026-08-05T15:09:32
Samsung Galaxy A26,Samsung,4GB,128GB,Exynos 1380,5000.0,6.7,2025,1,5G,Android 15,https://www.gsmarena.com/samsung_galaxy_a26-13679.php,2026-08-05T15:09:56
Samsung Galaxy A26,Samsung,6GB,128GB,Exynos 1380,5000.0,6.7,2025,1,5G,Android 15,https://www.gsmarena.com/samsung_galaxy_a26-13679.php,2026-08-05T15:09:56
Samsung Galaxy A26,Samsung,8GB,128GB,Exynos 1380,5000.0,6.7,2025,1,5G,Android 15,https://www.gsmarena.com/samsung_galaxy_a26-13679.php,2026-08-05T15:09:56
Samsung Galaxy A26,Samsung,6GB,256GB,Exynos 1380,5000.0,6.7,2025,1,5G,Android 15,https://www.gsmarena.com/samsung_galaxy_a26-13679.php,2026-08-05T15:09:56
Samsung Galaxy A26,Samsung,8GB,256GB,Exynos 1380,5000.0,6.7,2025,1,5G,Android 15,https://www.gsmarena.com/samsung_galaxy_a26-13679.php,2026-08-05T15:09:56
Samsung Galaxy M16,Samsung,4GB,128GB,Mediatek Dimensity 6300,5000.0,6.7,2025,1,5G,Android 15,https://www.gsmarena.com/samsung_galaxy_m16-13680.php,2026-08-05T15:10:33
Samsung Galaxy M16,Samsung,6GB,128GB,Mediatek Dimensity 6300,5000.0,6.7,2025,1,5G,Android 15,https://www.gsmarena.com/samsung_galaxy_m16-13680.php,2026-08-05T15:10:33
Samsung Galaxy M16,Samsung,8GB,128GB,Mediatek Dimensity 6300,5000.0,6.7,2025,1,5G,Android 15,https://www.gsmarena.com/samsung_galaxy_m16-13680.php,2026-08-05T15:10:33
Samsung Galaxy M16,Samsung,8GB,256GB,Mediatek Dimensity 6300,5000.0,6.7,2025,1,5G,Android 15,https://www.gsmarena.com/samsung_galaxy_m16-13680.php,2026-08-05T15:10:33
Samsung Galaxy M06,Samsung,4GB,64GB,Mediatek Dimensity 6300,5000.0,6.74,2025,0,5G,Android 15,https://www.gsmarena.com/samsung_galaxy_m06-13681.php,2026-08-05T15:11:10
Samsung Galaxy M06,Samsung,4GB,128GB,Mediatek Dimensity 6300,5000.0,6.74,2025,0,5G,Android 15,https://www.gsmarena.com/samsung_galaxy_m06-13681.php,2026-08-05T15:11:10
Samsung Galaxy M06,Samsung,6GB,128GB,Mediatek Dimensity 6300,5000.0,6.74,2025,0,5G,Android 15,https://www.gsmarena.com/samsung_galaxy_m06-13681.php,2026-08-05T15:11:10
Samsung Galaxy A06 5G,Samsung,4GB,64GB,Mediatek Dimensity 6300,5000.0,6.7,2025,0,5G,Android 15,https://www.gsmarena.com/samsung_galaxy_a06_5g-13662.php,2026-08-05T15:11:40
Samsung Galaxy A06 5G,Samsung,4GB,128GB,Mediatek Dimensity 6300,5000.0,6.7,2025,0,5G,Android 15,https://www.gsmarena.com/samsung_galaxy_a06_5g-13662.php,2026-08-05T15:11:40
Samsung Galaxy A06 5G,Samsung,6GB,128GB,Mediatek Dimensity 6300,5000.0,6.7,2025,0,5G,Android 15,https://www.gsmarena.com/samsung_galaxy_a06_5g-13662.php,2026-08-05T15:11:40
Samsung Galaxy F06 5G,Samsung,4GB,64GB,Mediatek Dimensity 6300,5000.0,6.7,2025,0,5G,Android 15,https://www.gsmarena.com/samsung_galaxy_f06_5g-13663.php,2026-08-05T15:12:20
Samsung Galaxy F06 5G,Samsung,4GB,128GB,Mediatek Dimensity 6300,5000.0,6.7,2025,0,5G,Android 15,https://www.gsmarena.com/samsung_galaxy_f06_5g-13663.php,2026-08-05T15:12:20
Samsung Galaxy F06 5G,Samsung,6GB,128GB,Mediatek Dimensity 6300,5000.0,6.7,2025,0,5G,Android 15,https://www.gsmarena.com/samsung_galaxy_f06_5g-13663.php,2026-08-05T15:12:20
Samsung Galaxy S25 Ultra,Samsung,12GB,256GB,Qualcomm SM8750-AC Snapdragon 8 Elite,5000.0,6.9,2025,1,5G,Android 15,https://www.gsmarena.com/samsung_galaxy_s25_ultra-13322.php,2026-08-05T15:12:59
Samsung Galaxy S25 Ultra,Samsung,12GB,512GB,Qualcomm SM8750-AC Snapdragon 8 Elite,5000.0,6.9,2025,1,5G,Android 15,https://www.gsmarena.com/samsung_galaxy_s25_ultra-13322.php,2026-08-05T15:12:59
Samsung Galaxy S25 Ultra,Samsung,12GB,1TB,Qualcomm SM8750-AC Snapdragon 8 Elite,5000.0,6.9,2025,1,5G,Android 15,https://www.gsmarena.com/samsung_galaxy_s25_ultra-13322.php,2026-08-05T15:12:59
Samsung Galaxy S25 Ultra,Samsung,16GB,1TB,Qualcomm SM8750-AC Snapdragon 8 Elite,5000.0,6.9,2025,1,5G,Android 15,https://www.gsmarena.com/samsung_galaxy_s25_ultra-13322.php,2026-08-05T15:12:59
Samsung Galaxy S25+,Samsung,12GB,256GB,Qualcomm SM8750-AC Snapdragon 8 Elite,4900.0,6.7,2025,1,5G,Android 15,https://www.gsmarena.com/samsung_galaxy_s25+-13609.php,2026-08-05T15:13:23
Samsung Galaxy S25+,Samsung,12GB,512GB,Qualcomm SM8750-AC Snapdragon 8 Elite,4900.0,6.7,2025,1,5G,Android 15,https://www.gsmarena.com/samsung_galaxy_s25+-13609.php,2026-08-05T15:13:23
Samsung Galaxy S25,Samsung,12GB,128GB,Qualcomm SM8750-AC Snapdragon 8 Elite,4000.0,6.2,2025,1,5G,Android 15,https://www.gsmarena.com/samsung_galaxy_s25-13610.php,2026-08-05T15:13:52
Samsung Galaxy S25,Samsung,12GB,256GB,Qualcomm SM8750-AC Snapdragon 8 Elite,4000.0,6.2,2025,1,5G,Android 15,https://www.gsmarena.com/samsung_galaxy_s25-13610.php,2026-08-05T15:13:52
Samsung Galaxy S25,Samsung,12GB,512GB,Qualcomm SM8750-AC Snapdragon 8 Elite,4000.0,6.2,2025,1,5G,Android 15,https://www.gsmarena.com/samsung_galaxy_s25-13610.php,2026-08-05T15:13:52
Samsung Galaxy Z Fold Special,Samsung,16GB,512GB,Qualcomm SM8650-AC Snapdragon 8 Gen 3,4400.0,8.0,2024,1,5G,Android 14,https://www.gsmarena.com/samsung_galaxy_z_fold_special-13452.php,2026-08-05T15:14:28
Samsung Galaxy A16,Samsung,4GB,128GB,Mediatek Helio G99,5000.0,6.7,2024,1,4G,Android 14,https://www.gsmarena.com/samsung_galaxy_a16-13383.php,2026-08-05T15:15:03
Samsung Galaxy A16,Samsung,6GB,128GB,Mediatek Helio G99,5000.0,6.7,2024,1,4G,Android 14,https://www.gsmarena.com/samsung_galaxy_a16-13383.php,2026-08-05T15:15:03
Samsung Galaxy A16,Samsung,8GB,128GB,Mediatek Helio G99,5000.0,6.7,2024,1,4G,Android 14,https://www.gsmarena.com/samsung_galaxy_a16-13383.php,2026-08-05T15:15:03
Samsung Galaxy A16,Samsung,4GB,256GB,Mediatek Helio G99,5000.0,6.7,2024,1,4G,Android 14,https://www.gsmarena.com/samsung_galaxy_a16-13383.php,2026-08-05T15:15:03
Samsung Galaxy A16,Samsung,6GB,256GB,Mediatek Helio G99,5000.0,6.7,2024,1,4G,Android 14,https://www.gsmarena.com/samsung_galaxy_a16-13383.php,2026-08-05T15:15:03
Samsung Galaxy A16,Samsung,8GB,256GB,Mediatek Helio G99,5000.0,6.7,2024,1,4G,Android 14,https://www.gsmarena.com/samsung_galaxy_a16-13383.php,2026-08-05T15:15:03
Samsung Galaxy A16 5G,Samsung,4GB,128GB,Exynos 1330,5000.0,6.7,2024,1,5G,Android 14,https://www.gsmarena.com/samsung_galaxy_a16_5g-13346.php,2026-08-05T15:15:37
Samsung Galaxy A16 5G,Samsung,6GB,128GB,Exynos 1330,5000.0,6.7,2024,1,5G,Android 14,https://www.gsmarena.com/samsung_galaxy_a16_5g-13346.php,2026-08-05T15:15:37
Samsung Galaxy A16 5G,Samsung,8GB,128GB,Exynos 1330,5000.0,6.7,2024,1,5G,Android 14,https://www.gsmarena.com/samsung_galaxy_a16_5g-13346.php,2026-08-05T15:15:37
Samsung Galaxy A16 5G,Samsung,6GB,256GB,Exynos 1330,5000.0,6.7,2024,1,5G,Android 14,https://www.gsmarena.com/samsung_galaxy_a16_5g-13346.php,2026-08-05T15:15:37
Samsung Galaxy A16 5G,Samsung,8GB,256GB,Exynos 1330,5000.0,6.7,2024,1,5G,Android 14,https://www.gsmarena.com/samsung_galaxy_a16_5g-13346.php,2026-08-05T15:15:37
Samsung Galaxy S24 FE,Samsung,8GB,128GB,Exynos 2400e,4700.0,6.7,2024,1,5G,Android 14,https://www.gsmarena.com/samsung_galaxy_s24_fe-13262.php,2026-08-05T15:16:10
Samsung Galaxy S24 FE,Samsung,8GB,256GB,Exynos 2400e,4700.0,6.7,2024,1,5G,Android 14,https://www.gsmarena.com/samsung_galaxy_s24_fe-13262.php,2026-08-05T15:16:10
Samsung Galaxy S24 FE,Samsung,8GB,512GB,Exynos 2400e,4700.0,6.7,2024,1,5G,Android 14,https://www.gsmarena.com/samsung_galaxy_s24_fe-13262.php,2026-08-05T15:16:10
Samsung Galaxy M55s,Samsung,8GB,128GB,Qualcomm SM7450-AB Snapdragon 7 Gen 1,5000.0,6.7,2024,1,5G,Android 14,https://www.gsmarena.com/samsung_galaxy_m55s-13354.php,2026-08-05T15:16:41
Samsung Galaxy M55s,Samsung,8GB,256GB,Qualcomm SM7450-AB Snapdragon 7 Gen 1,5000.0,6.7,2024,1,5G,Android 14,https://www.gsmarena.com/samsung_galaxy_m55s-13354.php,2026-08-05T15:16:41
Samsung Galaxy F05,Samsung,4GB,64GB,Mediatek Helio G85,5000.0,6.7,2024,0,4G,Android 14,https://www.gsmarena.com/samsung_galaxy_f05-13345.php,2026-08-05T15:17:18
Samsung Galaxy M05,Samsung,4GB,64GB,Mediatek Helio G85,5000.0,6.7,2024,0,4G,Android 14,https://www.gsmarena.com/samsung_galaxy_m05-13327.php,2026-08-05T15:17:59
Samsung Galaxy A06,Samsung,4GB,64GB,Mediatek Helio G85,5000.0,6.7,2024,0,4G,Android 14,https://www.gsmarena.com/samsung_galaxy_a06-13265.php,2026-08-05T15:18:32
Samsung Galaxy A06,Samsung,4GB,128GB,Mediatek Helio G85,5000.0,6.7,2024,0,4G,Android 14,https://www.gsmarena.com/samsung_galaxy_a06-13265.php,2026-08-05T15:18:32
Samsung Galaxy A06,Samsung,6GB,128GB,Mediatek Helio G85,5000.0,6.7,2024,0,4G,Android 14,https://www.gsmarena.com/samsung_galaxy_a06-13265.php,2026-08-05T15:18:32
Samsung Galaxy F14 4G,Samsung,4GB,64GB,Qualcomm SM6225 Snapdragon 680 4G,5000.0,6.7,2024,0,4G,Android 14,https://www.gsmarena.com/samsung_galaxy_f14_4g-13247.php,2026-08-05T15:18:59
Samsung Galaxy Z Fold6,Samsung,12GB,256GB,Qualcomm SM8650-AC Snapdragon 8 Gen 3,4400.0,7.6,2024,1,5G,Android 14,https://www.gsmarena.com/samsung_galaxy_z_fold6-13147.php,2026-08-05T15:19:33
Samsung Galaxy Z Fold6,Samsung,12GB,512GB,Qualcomm SM8650-AC Snapdragon 8 Gen 3,4400.0,7.6,2024,1,5G,Android 14,https://www.gsmarena.com/samsung_galaxy_z_fold6-13147.php,2026-08-05T15:19:33
Samsung Galaxy Z Fold6,Samsung,12GB,1TB,Qualcomm SM8650-AC Snapdragon 8 Gen 3,4400.0,7.6,2024,1,5G,Android 14,https://www.gsmarena.com/samsung_galaxy_z_fold6-13147.php,2026-08-05T15:19:33
Samsung Galaxy Z Flip6,Samsung,12GB,128GB,Qualcomm SM8650-AC Snapdragon 8 Gen 3,4000.0,6.7,2024,1,5G,Android 14,https://www.gsmarena.com/samsung_galaxy_z_flip6-13192.php,2026-08-05T15:20:07
Samsung Galaxy Z Flip6,Samsung,12GB,256GB,Qualcomm SM8650-AC Snapdragon 8 Gen 3,4000.0,6.7,2024,1,5G,Android 14,https://www.gsmarena.com/samsung_galaxy_z_flip6-13192.php,2026-08-05T15:20:07
Samsung Galaxy Z Flip6,Samsung,12GB,512GB,Qualcomm SM8650-AC Snapdragon 8 Gen 3,4000.0,6.7,2024,1,5G,Android 14,https://www.gsmarena.com/samsung_galaxy_z_flip6-13192.php,2026-08-05T15:20:07
Samsung Galaxy M35,Samsung,6GB,128GB,Exynos 1380,6000.0,6.6,2024,1,5G,Android 14,https://www.gsmarena.com/samsung_galaxy_m35-13006.php,2026-08-05T15:20:37
Samsung Galaxy M35,Samsung,8GB,128GB,Exynos 1380,6000.0,6.6,2024,1,5G,Android 14,https://www.gsmarena.com/samsung_galaxy_m35-13006.php,2026-08-05T15:20:37
Samsung Galaxy M35,Samsung,8GB,256GB,Exynos 1380,6000.0,6.6,2024,1,5G,Android 14,https://www.gsmarena.com/samsung_galaxy_m35-13006.php,2026-08-05T15:20:37
Samsung Galaxy F55,Samsung,8GB,128GB,Qualcomm SM7450-AB Snapdragon 7 Gen 1,5000.0,6.7,2024,1,5G,Android 14,https://www.gsmarena.com/samsung_galaxy_f55-12885.php,2026-08-05T15:21:17
Samsung Galaxy F55,Samsung,8GB,256GB,Qualcomm SM7450-AB Snapdragon 7 Gen 1,5000.0,6.7,2024,1,5G,Android 14,https://www.gsmarena.com/samsung_galaxy_f55-12885.php,2026-08-05T15:21:17
Samsung Galaxy F55,Samsung,12GB,256GB,Qualcomm SM7450-AB Snapdragon 7 Gen 1,5000.0,6.7,2024,1,5G,Android 14,https://www.gsmarena.com/samsung_galaxy_f55-12885.php,2026-08-05T15:21:17
Samsung Galaxy M55,Samsung,8GB,128GB,Qualcomm SM7450-AB Snapdragon 7 Gen 1,5000.0,6.7,2024,1,5G,Android 14,https://www.gsmarena.com/samsung_galaxy_m55-12896.php,2026-08-05T15:21:57
Samsung Galaxy M55,Samsung,8GB,256GB,Qualcomm SM7450-AB Snapdragon 7 Gen 1,5000.0,6.7,2024,1,5G,Android 14,https://www.gsmarena.com/samsung_galaxy_m55-12896.php,2026-08-05T15:21:57
Samsung Galaxy M55,Samsung,12GB,256GB,Qualcomm SM7450-AB Snapdragon 7 Gen 1,5000.0,6.7,2024,1,5G,Android 14,https://www.gsmarena.com/samsung_galaxy_m55-12896.php,2026-08-05T15:21:57
Samsung Galaxy A55,Samsung,6GB,128GB,Exynos 1480,5000.0,6.6,2024,1,5G,Android 14,https://www.gsmarena.com/samsung_galaxy_a55-12824.php,2026-08-05T15:22:19
Samsung Galaxy A55,Samsung,8GB,128GB,Exynos 1480,5000.0,6.6,2024,1,5G,Android 14,https://www.gsmarena.com/samsung_galaxy_a55-12824.php,2026-08-05T15:22:19
Samsung Galaxy A55,Samsung,6GB,256GB,Exynos 1480,5000.0,6.6,2024,1,5G,Android 14,https://www.gsmarena.com/samsung_galaxy_a55-12824.php,2026-08-05T15:22:19
Samsung Galaxy A55,Samsung,8GB,256GB,Exynos 1480,5000.0,6.6,2024,1,5G,Android 14,https://www.gsmarena.com/samsung_galaxy_a55-12824.php,2026-08-05T15:22:19
Samsung Galaxy A55,Samsung,12GB,256GB,Exynos 1480,5000.0,6.6,2024,1,5G,Android 14,https://www.gsmarena.com/samsung_galaxy_a55-12824.php,2026-08-05T15:22:19
Samsung Galaxy A35,Samsung,4GB,128GB,Exynos 1380,5000.0,6.6,2024,1,5G,Android 14,https://www.gsmarena.com/samsung_galaxy_a35-12705.php,2026-08-05T15:22:45
Samsung Galaxy A35,Samsung,6GB,128GB,Exynos 1380,5000.0,6.6,2024,1,5G,Android 14,https://www.gsmarena.com/samsung_galaxy_a35-12705.php,2026-08-05T15:22:45
Samsung Galaxy A35,Samsung,8GB,128GB,Exynos 1380,5000.0,6.6,2024,1,5G,Android 14,https://www.gsmarena.com/samsung_galaxy_a35-12705.php,2026-08-05T15:22:45
Samsung Galaxy A35,Samsung,6GB,256GB,Exynos 1380,5000.0,6.6,2024,1,5G,Android 14,https://www.gsmarena.com/samsung_galaxy_a35-12705.php,2026-08-05T15:22:45
Samsung Galaxy A35,Samsung,8GB,256GB,Exynos 1380,5000.0,6.6,2024,1,5G,Android 14,https://www.gsmarena.com/samsung_galaxy_a35-12705.php,2026-08-05T15:22:45
Samsung Galaxy A35,Samsung,12GB,256GB,Exynos 1380,5000.0,6.6,2024,1,5G,Android 14,https://www.gsmarena.com/samsung_galaxy_a35-12705.php,2026-08-05T15:22:45
Samsung Galaxy M15,Samsung,4GB,128GB,Mediatek Dimensity 6100+,6000.0,6.5,2024,1,5G,Android 14,https://www.gsmarena.com/samsung_galaxy_m15-12833.php,2026-08-05T15:23:23
Samsung Galaxy M15,Samsung,6GB,128GB,Mediatek Dimensity 6100+,6000.0,6.5,2024,1,5G,Android 14,https://www.gsmarena.com/samsung_galaxy_m15-12833.php,2026-08-05T15:23:23
Samsung Galaxy M15,Samsung,8GB,128GB,Mediatek Dimensity 6100+,6000.0,6.5,2024,1,5G,Android 14,https://www.gsmarena.com/samsung_galaxy_m15-12833.php,2026-08-05T15:23:23
Samsung Galaxy M15,Samsung,8GB,256GB,Mediatek Dimensity 6100+,6000.0,6.5,2024,1,5G,Android 14,https://www.gsmarena.com/samsung_galaxy_m15-12833.php,2026-08-05T15:23:23
Samsung Galaxy M14 4G,Samsung,4GB,64GB,Qualcomm SM6225 Snapdragon 680 4G,5000.0,6.7,2024,0,4G,Android 13,https://www.gsmarena.com/samsung_galaxy_m14_4g-12862.php,2026-08-05T15:23:54
Samsung Galaxy M14 4G,Samsung,6GB,128GB,Qualcomm SM6225 Snapdragon 680 4G,5000.0,6.7,2024,0,4G,Android 13,https://www.gsmarena.com/samsung_galaxy_m14_4g-12862.php,2026-08-05T15:23:54
Samsung Galaxy F15,Samsung,4GB,128GB,Mediatek Dimensity 6100+,6000.0,6.6,2024,0,5G,Android 14,https://www.gsmarena.com/samsung_galaxy_f15-12831.php,2026-08-05T15:24:26
Samsung Galaxy F15,Samsung,6GB,128GB,Mediatek Dimensity 6100+,6000.0,6.6,2024,0,5G,Android 14,https://www.gsmarena.com/samsung_galaxy_f15-12831.php,2026-08-05T15:24:26
Samsung Galaxy F15,Samsung,8GB,128GB,Mediatek Dimensity 6100+,6000.0,6.6,2024,0,5G,Android 14,https://www.gsmarena.com/samsung_galaxy_f15-12831.php,2026-08-05T15:24:26
Samsung Galaxy S24 Ultra,Samsung,12GB,256GB,Qualcomm SM8650-AC Snapdragon 8 Gen 3,5000.0,6.8,2024,1,5G,Android 14,https://www.gsmarena.com/samsung_galaxy_s24_ultra-12771.php,2026-08-05T15:24:51
Samsung Galaxy S24 Ultra,Samsung,12GB,512GB,Qualcomm SM8650-AC Snapdragon 8 Gen 3,5000.0,6.8,2024,1,5G,Android 14,https://www.gsmarena.com/samsung_galaxy_s24_ultra-12771.php,2026-08-05T15:24:51
Samsung Galaxy S24 Ultra,Samsung,12GB,1TB,Qualcomm SM8650-AC Snapdragon 8 Gen 3,5000.0,6.8,2024,1,5G,Android 14,https://www.gsmarena.com/samsung_galaxy_s24_ultra-12771.php,2026-08-05T15:24:51
Samsung Galaxy S24+,Samsung,12GB,256GB,Qualcomm SM8650-AC Snapdragon 8 Gen 3,4900.0,6.7,2024,1,5G,Android 14,https://www.gsmarena.com/samsung_galaxy_s24+-12772.php,2026-08-05T15:25:28
Samsung Galaxy S24+,Samsung,12GB,512GB,Qualcomm SM8650-AC Snapdragon 8 Gen 3,4900.0,6.7,2024,1,5G,Android 14,https://www.gsmarena.com/samsung_galaxy_s24+-12772.php,2026-08-05T15:25:28
Samsung Galaxy S24,Samsung,8GB,128GB,Qualcomm SM8650-AC Snapdragon 8 Gen 3,4000.0,6.2,2024,1,5G,Android 14,https://www.gsmarena.com/samsung_galaxy_s24-12773.php,2026-08-05T15:25:51
Samsung Galaxy S24,Samsung,8GB,256GB,Qualcomm SM8650-AC Snapdragon 8 Gen 3,4000.0,6.2,2024,1,5G,Android 14,https://www.gsmarena.com/samsung_galaxy_s24-12773.php,2026-08-05T15:25:51
Samsung Galaxy S24,Samsung,12GB,256GB,Qualcomm SM8650-AC Snapdragon 8 Gen 3,4000.0,6.2,2024,1,5G,Android 14,https://www.gsmarena.com/samsung_galaxy_s24-12773.php,2026-08-05T15:25:51
Samsung Galaxy S24,Samsung,8GB,512GB,Qualcomm SM8650-AC Snapdragon 8 Gen 3,4000.0,6.2,2024,1,5G,Android 14,https://www.gsmarena.com/samsung_galaxy_s24-12773.php,2026-08-05T15:25:51
Samsung Galaxy A25,Samsung,4GB,128GB,Exynos 1280,5000.0,6.5,2023,1,5G,Android 14,https://www.gsmarena.com/samsung_galaxy_a25-12555.php,2026-08-05T15:26:24
Samsung Galaxy A25,Samsung,6GB,128GB,Exynos 1280,5000.0,6.5,2023,1,5G,Android 14,https://www.gsmarena.com/samsung_galaxy_a25-12555.php,2026-08-05T15:26:24
Samsung Galaxy A25,Samsung,8GB,128GB,Exynos 1280,5000.0,6.5,2023,1,5G,Android 14,https://www.gsmarena.com/samsung_galaxy_a25-12555.php,2026-08-05T15:26:24
Samsung Galaxy A25,Samsung,6GB,256GB,Exynos 1280,5000.0,6.5,2023,1,5G,Android 14,https://www.gsmarena.com/samsung_galaxy_a25-12555.php,2026-08-05T15:26:24
Samsung Galaxy A25,Samsung,8GB,256GB,Exynos 1280,5000.0,6.5,2023,1,5G,Android 14,https://www.gsmarena.com/samsung_galaxy_a25-12555.php,2026-08-05T15:26:24
Samsung Galaxy A15 5G,Samsung,4GB,64GB,Mediatek Dimensity 6100+,5000.0,6.5,2023,1,5G,Android 14,https://www.gsmarena.com/samsung_galaxy_a15_5g-12638.php,2026-08-05T15:26:54
Samsung Galaxy A15 5G,Samsung,4GB,128GB,Mediatek Dimensity 6100+,5000.0,6.5,2023,1,5G,Android 14,https://www.gsmarena.com/samsung_galaxy_a15_5g-12638.php,2026-08-05T15:26:54
Samsung Galaxy A15 5G,Samsung,6GB,128GB,Mediatek Dimensity 6100+,5000.0,6.5,2023,1,5G,Android 14,https://www.gsmarena.com/samsung_galaxy_a15_5g-12638.php,2026-08-05T15:26:54
Samsung Galaxy A15 5G,Samsung,8GB,128GB,Mediatek Dimensity 6100+,5000.0,6.5,2023,1,5G,Android 14,https://www.gsmarena.com/samsung_galaxy_a15_5g-12638.php,2026-08-05T15:26:54
Samsung Galaxy A15 5G,Samsung,8GB,256GB,Mediatek Dimensity 6100+,5000.0,6.5,2023,1,5G,Android 14,https://www.gsmarena.com/samsung_galaxy_a15_5g-12638.php,2026-08-05T15:26:54
Samsung Galaxy A15,Samsung,4GB,128GB,Mediatek Helio G99,5000.0,6.5,2023,1,4G,Android 14,https://www.gsmarena.com/samsung_galaxy_a15-12637.php,2026-08-05T15:27:20
Samsung Galaxy A15,Samsung,6GB,128GB,Mediatek Helio G99,5000.0,6.5,2023,1,4G,Android 14,https://www.gsmarena.com/samsung_galaxy_a15-12637.php,2026-08-05T15:27:20
Samsung Galaxy A15,Samsung,8GB,128GB,Mediatek Helio G99,5000.0,6.5,2023,1,4G,Android 14,https://www.gsmarena.com/samsung_galaxy_a15-12637.php,2026-08-05T15:27:20
Samsung Galaxy A15,Samsung,6GB,256GB,Mediatek Helio G99,5000.0,6.5,2023,1,4G,Android 14,https://www.gsmarena.com/samsung_galaxy_a15-12637.php,2026-08-05T15:27:20
Samsung Galaxy A15,Samsung,8GB,256GB,Mediatek Helio G99,5000.0,6.5,2023,1,4G,Android 14,https://www.gsmarena.com/samsung_galaxy_a15-12637.php,2026-08-05T15:27:20
Samsung Galaxy S23 FE,Samsung,8GB,128GB,Exynos 2200,4500.0,6.4,2023,1,5G,Android 13,https://www.gsmarena.com/samsung_galaxy_s23_fe-12520.php,2026-08-05T15:28:00
Samsung Galaxy S23 FE,Samsung,8GB,256GB,Exynos 2200,4500.0,6.4,2023,1,5G,Android 13,https://www.gsmarena.com/samsung_galaxy_s23_fe-12520.php,2026-08-05T15:28:00
Samsung Galaxy A05s,Samsung,4GB,64GB,Qualcomm SM6225 Snapdragon 680 4G,5000.0,6.7,2023,1,4G,Android 13,https://www.gsmarena.com/samsung_galaxy_a05s-12584.php,2026-08-05T15:28:32
Samsung Galaxy A05s,Samsung,4GB,128GB,Qualcomm SM6225 Snapdragon 680 4G,5000.0,6.7,2023,1,4G,Android 13,https://www.gsmarena.com/samsung_galaxy_a05s-12584.php,2026-08-05T15:28:32
Samsung Galaxy A05s,Samsung,6GB,128GB,Qualcomm SM6225 Snapdragon 680 4G,5000.0,6.7,2023,1,4G,Android 13,https://www.gsmarena.com/samsung_galaxy_a05s-12584.php,2026-08-05T15:28:32
Samsung Galaxy A05,Samsung,3GB,32GB,Mediatek Helio G85,5000.0,6.7,2023,0,4G,Android 13,https://www.gsmarena.com/samsung_galaxy_a05-12583.php,2026-08-05T15:28:57
Samsung Galaxy A05,Samsung,4GB,64GB,Mediatek Helio G85,5000.0,6.7,2023,0,4G,Android 13,https://www.gsmarena.com/samsung_galaxy_a05-12583.php,2026-08-05T15:28:57
Samsung Galaxy A05,Samsung,4GB,128GB,Mediatek Helio G85,5000.0,6.7,2023,0,4G,Android 13,https://www.gsmarena.com/samsung_galaxy_a05-12583.php,2026-08-05T15:28:57
Samsung Galaxy A05,Samsung,6GB,128GB,Mediatek Helio G85,5000.0,6.7,2023,0,4G,Android 13,https://www.gsmarena.com/samsung_galaxy_a05-12583.php,2026-08-05T15:28:57
Samsung Galaxy F34,Samsung,6GB,128GB,Exynos 1280,6000.0,6.5,2023,1,5G,Android 13,https://www.gsmarena.com/samsung_galaxy_f34-12453.php,2026-08-05T15:29:22
Samsung Galaxy F34,Samsung,8GB,128GB,Exynos 1280,6000.0,6.5,2023,1,5G,Android 13,https://www.gsmarena.com/samsung_galaxy_f34-12453.php,2026-08-05T15:29:22
Samsung Galaxy Z Fold5,Samsung,12GB,256GB,Qualcomm SM8550-AC Snapdragon 8 Gen 2,4400.0,7.6,2023,1,5G,Android 13,https://www.gsmarena.com/samsung_galaxy_z_fold5-12418.php,2026-08-05T15:30:01
Samsung Galaxy Z Fold5,Samsung,12GB,512GB,Qualcomm SM8550-AC Snapdragon 8 Gen 2,4400.0,7.6,2023,1,5G,Android 13,https://www.gsmarena.com/samsung_galaxy_z_fold5-12418.php,2026-08-05T15:30:01
Samsung Galaxy Z Fold5,Samsung,12GB,1TB,Qualcomm SM8550-AC Snapdragon 8 Gen 2,4400.0,7.6,2023,1,5G,Android 13,https://www.gsmarena.com/samsung_galaxy_z_fold5-12418.php,2026-08-05T15:30:01
Samsung Galaxy Z Flip5,Samsung,8GB,256GB,Qualcomm SM8550-AC Snapdragon 8 Gen 2,3700.0,6.7,2023,1,5G,Android 13,https://www.gsmarena.com/samsung_galaxy_z_flip5-12252.php,2026-08-05T15:30:31
Samsung Galaxy Z Flip5,Samsung,8GB,512GB,Qualcomm SM8550-AC Snapdragon 8 Gen 2,3700.0,6.7,2023,1,5G,Android 13,https://www.gsmarena.com/samsung_galaxy_z_flip5-12252.php,2026-08-05T15:30:31
Samsung Galaxy M34 5G,Samsung,6GB,128GB,Exynos 1280,6000.0,6.5,2023,1,5G,Android 13,https://www.gsmarena.com/samsung_galaxy_m34_5g-11290.php,2026-08-05T15:31:04
Samsung Galaxy M34 5G,Samsung,8GB,128GB,Exynos 1280,6000.0,6.5,2023,1,5G,Android 13,https://www.gsmarena.com/samsung_galaxy_m34_5g-11290.php,2026-08-05T15:31:04
Samsung Galaxy M34 5G,Samsung,8GB,256GB,Exynos 1280,6000.0,6.5,2023,1,5G,Android 13,https://www.gsmarena.com/samsung_galaxy_m34_5g-11290.php,2026-08-05T15:31:04
Samsung Galaxy F54,Samsung,8GB,256GB,Exynos 1380,6000.0,6.7,2023,1,5G,Android 13,https://www.gsmarena.com/samsung_galaxy_f54-12239.php,2026-08-05T15:31:42
Samsung Galaxy A24 4G,Samsung,4GB,128GB,Mediatek Helio G99,5000.0,6.5,2023,1,4G,Android 13,https://www.gsmarena.com/samsung_galaxy_a24_4g-12176.php,2026-08-05T15:32:15
Samsung Galaxy A24 4G,Samsung,6GB,128GB,Mediatek Helio G99,5000.0,6.5,2023,1,4G,Android 13,https://www.gsmarena.com/samsung_galaxy_a24_4g-12176.php,2026-08-05T15:32:15
Samsung Galaxy A24 4G,Samsung,8GB,128GB,Mediatek Helio G99,5000.0,6.5,2023,1,4G,Android 13,https://www.gsmarena.com/samsung_galaxy_a24_4g-12176.php,2026-08-05T15:32:15
Samsung Galaxy F14,Samsung,4GB,64GB,Exynos 1330,6000.0,6.6,2023,0,5G,Android 13,https://www.gsmarena.com/samsung_galaxy_f14-12175.php,2026-08-05T15:32:45
Samsung Galaxy F14,Samsung,4GB,128GB,Exynos 1330,6000.0,6.6,2023,0,5G,Android 13,https://www.gsmarena.com/samsung_galaxy_f14-12175.php,2026-08-05T15:32:45
Samsung Galaxy F14,Samsung,6GB,128GB,Exynos 1330,6000.0,6.6,2023,0,5G,Android 13,https://www.gsmarena.com/samsung_galaxy_f14-12175.php,2026-08-05T15:32:45
Samsung Galaxy M54,Samsung,8GB,128GB,Exynos 1380,6000.0,6.7,2023,1,5G,Android 13,https://www.gsmarena.com/samsung_galaxy_m54-12189.php,2026-08-05T15:33:27
Samsung Galaxy M54,Samsung,8GB,256GB,Exynos 1380,6000.0,6.7,2023,1,5G,Android 13,https://www.gsmarena.com/samsung_galaxy_m54-12189.php,2026-08-05T15:33:27
Samsung Galaxy A54,Samsung,4GB,128GB,Exynos 1380,5000.0,6.4,2023,1,5G,Android 13,https://www.gsmarena.com/samsung_galaxy_a54-12070.php,2026-08-05T15:33:59
Samsung Galaxy A54,Samsung,6GB,128GB,Exynos 1380,5000.0,6.4,2023,1,5G,Android 13,https://www.gsmarena.com/samsung_galaxy_a54-12070.php,2026-08-05T15:33:59
Samsung Galaxy A54,Samsung,8GB,128GB,Exynos 1380,5000.0,6.4,2023,1,5G,Android 13,https://www.gsmarena.com/samsung_galaxy_a54-12070.php,2026-08-05T15:33:59
Samsung Galaxy A54,Samsung,6GB,256GB,Exynos 1380,5000.0,6.4,2023,1,5G,Android 13,https://www.gsmarena.com/samsung_galaxy_a54-12070.php,2026-08-05T15:33:59
Samsung Galaxy A54,Samsung,8GB,256GB,Exynos 1380,5000.0,6.4,2023,1,5G,Android 13,https://www.gsmarena.com/samsung_galaxy_a54-12070.php,2026-08-05T15:33:59
Samsung Galaxy A34,Samsung,4GB,128GB,Mediatek Dimensity 1080,5000.0,6.6,2023,1,5G,Android 13,https://www.gsmarena.com/samsung_galaxy_a34-12074.php,2026-08-05T15:34:25
Samsung Galaxy A34,Samsung,6GB,128GB,Mediatek Dimensity 1080,5000.0,6.6,2023,1,5G,Android 13,https://www.gsmarena.com/samsung_galaxy_a34-12074.php,2026-08-05T15:34:25
Samsung Galaxy A34,Samsung,8GB,128GB,Mediatek Dimensity 1080,5000.0,6.6,2023,1,5G,Android 13,https://www.gsmarena.com/samsung_galaxy_a34-12074.php,2026-08-05T15:34:25
Samsung Galaxy A34,Samsung,6GB,256GB,Mediatek Dimensity 1080,5000.0,6.6,2023,1,5G,Android 13,https://www.gsmarena.com/samsung_galaxy_a34-12074.php,2026-08-05T15:34:25
Samsung Galaxy A34,Samsung,8GB,256GB,Mediatek Dimensity 1080,5000.0,6.6,2023,1,5G,Android 13,https://www.gsmarena.com/samsung_galaxy_a34-12074.php,2026-08-05T15:34:25
Oppo A7 Pro Max,OPPO,8GB,128GB,Qualcomm Snapdragon 4 Gen 5,0.0,6.78,2026,1,5G,Android 16,https://www.gsmarena.com/oppo_a7_pro_max_5g-14828.php,2026-08-20T13:25:32
Oppo A7 Pro Max,OPPO,8GB,256GB,Qualcomm Snapdragon 4 Gen 5,0.0,6.78,2026,1,5G,Android 16,https://www.gsmarena.com/oppo_a7_pro_max_5g-14828.php,2026-08-20T13:25:32
Oppo A7 Pro Max,OPPO,12GB,256GB,Qualcomm Snapdragon 4 Gen 5,0.0,6.78,2026,1,5G,Android 16,https://www.gsmarena.com/oppo_a7_pro_max_5g-14828.php,2026-08-20T13:25:32
Oppo A7 Pro Max,OPPO,12GB,512GB,Qualcomm Snapdragon 4 Gen 5,0.0,6.78,2026,1,5G,Android 16,https://www.gsmarena.com/oppo_a7_pro_max_5g-14828.php,2026-08-20T13:25:32
Oppo K15,OPPO,12GB,256GB,Mediatek Dimensity 7360 Super,8000.0,6.59,2026,1,5G,Android 16,https://www.gsmarena.com/oppo_k15_5g-14810.php,2026-08-20T13:26:06
Oppo Reno16c,OPPO,8GB,128GB,Mediatek Dimensity 7300 Energy,7000.0,6.57,2026,0,5G,Android 16,https://www.gsmarena.com/oppo_reno16c_5g-14768.php,2026-08-20T13:26:46
Oppo Reno16c,OPPO,8GB,256GB,Mediatek Dimensity 7300 Energy,7000.0,6.57,2026,0,5G,Android 16,https://www.gsmarena.com/oppo_reno16c_5g-14768.php,2026-08-20T13:26:46
Oppo Reno16c,OPPO,12GB,256GB,Mediatek Dimensity 7300 Energy,7000.0,6.57,2026,0,5G,Android 16,https://www.gsmarena.com/oppo_reno16c_5g-14768.php,2026-08-20T13:26:46
Oppo Reno16 Pro,OPPO,12GB,256GB,Mediatek Dimensity 8550 Super,6700.0,6.32,2026,1,5G,Android 16,https://www.gsmarena.com/oppo_reno16_pro_5g-14746.php,2026-08-20T13:27:22
Oppo Reno16 Pro,OPPO,12GB,512GB,Mediatek Dimensity 8550 Super,6700.0,6.32,2026,1,5G,Android 16,https://www.gsmarena.com/oppo_reno16_pro_5g-14746.php,2026-08-20T13:27:22
Oppo Reno16,OPPO,8GB,256GB,Qualcomm SM7750-AB Snapdragon 7 Gen 4,6700.0,6.32,2026,1,5G,Android 16,https://www.gsmarena.com/oppo_reno16_5g-14747.php,2026-08-20T13:27:56
Oppo Reno16,OPPO,12GB,256GB,Qualcomm SM7750-AB Snapdragon 7 Gen 4,6700.0,6.32,2026,1,5G,Android 16,https://www.gsmarena.com/oppo_reno16_5g-14747.php,2026-08-20T13:27:56
Oppo Reno16,OPPO,8GB,512GB,Qualcomm SM7750-AB Snapdragon 7 Gen 4,6700.0,6.32,2026,1,5G,Android 16,https://www.gsmarena.com/oppo_reno16_5g-14747.php,2026-08-20T13:27:56
Oppo Reno16,OPPO,12GB,512GB,Qualcomm SM7750-AB Snapdragon 7 Gen 4,6700.0,6.32,2026,1,5G,Android 16,https://www.gsmarena.com/oppo_reno16_5g-14747.php,2026-08-20T13:27:56
Oppo Reno16 FS,OPPO,8GB,512GB,Mediatek Dimensity 7300 Energy,6500.0,6.57,2026,1,5G,Android 16,https://www.gsmarena.com/oppo_reno16_fs_5g-14752.php,2026-08-20T13:28:21
Oppo Reno16 F,OPPO,8GB,128GB,Mediatek Dimensity 7300 Energy,7000.0,6.57,2026,1,5G,Android 16,https://www.gsmarena.com/oppo_reno16_f_5g-14751.php,2026-08-20T13:28:46
Oppo Reno16 F,OPPO,8GB,256GB,Mediatek Dimensity 7300 Energy,7000.0,6.57,2026,1,5G,Android 16,https://www.gsmarena.com/oppo_reno16_f_5g-14751.php,2026-08-20T13:28:46
Oppo Reno16 F,OPPO,12GB,256GB,Mediatek Dimensity 7300 Energy,7000.0,6.57,2026,1,5G,Android 16,https://www.gsmarena.com/oppo_reno16_f_5g-14751.php,2026-08-20T13:28:46
Oppo Reno16 Pro (China),OPPO,12GB,256GB,Mediatek Dimensity 9500s,7000.0,6.78,2026,1,5G,Android 16,https://www.gsmarena.com/oppo_reno16_pro_5g_(china)-14675.php,2026-08-20T13:29:09
Oppo Reno16 Pro (China),OPPO,12GB,512GB,Mediatek Dimensity 9500s,7000.0,6.78,2026,1,5G,Android 16,https://www.gsmarena.com/oppo_reno16_pro_5g_(china)-14675.php,2026-08-20T13:29:09
Oppo Reno16 Pro (China),OPPO,16GB,512GB,Mediatek Dimensity 9500s,7000.0,6.78,2026,1,5G,Android 16,https://www.gsmarena.com/oppo_reno16_pro_5g_(china)-14675.php,2026-08-20T13:29:09
Oppo Reno16 (China),OPPO,12GB,256GB,Mediatek Dimensity 8500 Super,6700.0,6.32,2026,1,5G,Android 16,https://www.gsmarena.com/oppo_reno16_5g_(china)-14676.php,2026-08-20T13:29:40
Oppo Reno16 (China),OPPO,16GB,256GB,Mediatek Dimensity 8500 Super,6700.0,6.32,2026,1,5G,Android 16,https://www.gsmarena.com/oppo_reno16_5g_(china)-14676.php,2026-08-20T13:29:40
Oppo Reno16 (China),OPPO,12GB,512GB,Mediatek Dimensity 8500 Super,6700.0,6.32,2026,1,5G,Android 16,https://www.gsmarena.com/oppo_reno16_5g_(china)-14676.php,2026-08-20T13:29:40
Oppo Reno16 (China),OPPO,16GB,512GB,Mediatek Dimensity 8500 Super,6700.0,6.32,2026,1,5G,Android 16,https://www.gsmarena.com/oppo_reno16_5g_(china)-14676.php,2026-08-20T13:29:40
Oppo Reno16 (China),OPPO,16GB,1TB,Mediatek Dimensity 8500 Super,6700.0,6.32,2026,1,5G,Android 16,https://www.gsmarena.com/oppo_reno16_5g_(china)-14676.php,2026-08-20T13:29:40
Oppo Find X9 Ultra,OPPO,12GB,256GB,Qualcomm SM8850-AC Snapdragon 8 Elite Gen 5,7050.0,6.82,2026,1,5G,Android 16 up to 5 major OS updates,https://www.gsmarena.com/oppo_find_x9_ultra_5g-14548.php,2026-08-20T13:30:03
Oppo Find X9 Ultra,OPPO,12GB,512GB,Qualcomm SM8850-AC Snapdragon 8 Elite Gen 5,7050.0,6.82,2026,1,5G,Android 16 up to 5 major OS updates,https://www.gsmarena.com/oppo_find_x9_ultra_5g-14548.php,2026-08-20T13:30:03
Oppo Find X9 Ultra,OPPO,16GB,512GB,Qualcomm SM8850-AC Snapdragon 8 Elite Gen 5,7050.0,6.82,2026,1,5G,Android 16 up to 5 major OS updates,https://www.gsmarena.com/oppo_find_x9_ultra_5g-14548.php,2026-08-20T13:30:03
Oppo Find X9 Ultra,OPPO,16GB,1TB,Qualcomm SM8850-AC Snapdragon 8 Elite Gen 5,7050.0,6.82,2026,1,5G,Android 16 up to 5 major OS updates,https://www.gsmarena.com/oppo_find_x9_ultra_5g-14548.php,2026-08-20T13:30:03
Oppo Find X9s Pro,OPPO,12GB,256GB,Mediatek Dimensity 9500,7025.0,6.32,2026,1,5G,Android 16,https://www.gsmarena.com/oppo_find_x9s_pro-14592.php,2026-08-20T13:30:42
Oppo Find X9s Pro,OPPO,12GB,512GB,Mediatek Dimensity 9500,7025.0,6.32,2026,1,5G,Android 16,https://www.gsmarena.com/oppo_find_x9s_pro-14592.php,2026-08-20T13:30:42
Oppo Find X9s Pro,OPPO,16GB,512GB,Mediatek Dimensity 9500,7025.0,6.32,2026,1,5G,Android 16,https://www.gsmarena.com/oppo_find_x9s_pro-14592.php,2026-08-20T13:30:42
Oppo Find X9s Pro,OPPO,16GB,1TB,Mediatek Dimensity 9500,7025.0,6.32,2026,1,5G,Android 16,https://www.gsmarena.com/oppo_find_x9s_pro-14592.php,2026-08-20T13:30:42
Oppo Find X9s,OPPO,12GB,256GB,Mediatek Dimensity 9500s,7025.0,6.59,2026,1,5G,Android 16,https://www.gsmarena.com/oppo_find_x9s_5g-14617.php,2026-08-20T13:31:09
Oppo Find X9s,OPPO,12GB,512GB,Mediatek Dimensity 9500s,7025.0,6.59,2026,1,5G,Android 16,https://www.gsmarena.com/oppo_find_x9s_5g-14617.php,2026-08-20T13:31:09
Oppo F33 Pro,OPPO,8GB,128GB,Mediatek Dimensity 6360 Max,7000.0,6.57,2026,0,5G,Android 16,https://www.gsmarena.com/oppo_f33_pro_5g-14601.php,2026-08-20T13:31:32
Oppo F33 Pro,OPPO,8GB,256GB,Mediatek Dimensity 6360 Max,7000.0,6.57,2026,0,5G,Android 16,https://www.gsmarena.com/oppo_f33_pro_5g-14601.php,2026-08-20T13:31:32
Oppo F33,OPPO,6GB,128GB,Mediatek Dimensity 6360 Max,7000.0,6.57,2026,0,5G,Android 16,https://www.gsmarena.com/oppo_f33_5g-14602.php,2026-08-20T13:31:59
Oppo F33,OPPO,8GB,128GB,Mediatek Dimensity 6360 Max,7000.0,6.57,2026,0,5G,Android 16,https://www.gsmarena.com/oppo_f33_5g-14602.php,2026-08-20T13:31:59
Oppo F33,OPPO,8GB,256GB,Mediatek Dimensity 6360 Max,7000.0,6.57,2026,0,5G,Android 16,https://www.gsmarena.com/oppo_f33_5g-14602.php,2026-08-20T13:31:59
Oppo A6s Pro (China),OPPO,8GB,128GB,Mediatek Dimensity 6360 Max,7000.0,6.57,2026,1,5G,Android 16,https://www.gsmarena.com/oppo_a6s_pro_5g_(china)-14597.php,2026-08-20T13:32:24
Oppo A6s Pro (China),OPPO,8GB,256GB,Mediatek Dimensity 6360 Max,7000.0,6.57,2026,1,5G,Android 16,https://www.gsmarena.com/oppo_a6s_pro_5g_(china)-14597.php,2026-08-20T13:32:24
Oppo A6s Pro (China),OPPO,12GB,256GB,Mediatek Dimensity 6360 Max,7000.0,6.57,2026,1,5G,Android 16,https://www.gsmarena.com/oppo_a6s_pro_5g_(china)-14597.php,2026-08-20T13:32:24
Oppo A6s Pro (China),OPPO,12GB,512GB,Mediatek Dimensity 6360 Max,7000.0,6.57,2026,1,5G,Android 16,https://www.gsmarena.com/oppo_a6s_pro_5g_(china)-14597.php,2026-08-20T13:32:24
Oppo A6c,OPPO,4GB,64GB,Unisoc T7250,7000.0,6.75,2026,0,4G,Android 15,https://www.gsmarena.com/oppo_a6c-14418.php,2026-08-20T13:32:52
Oppo A6c,OPPO,4GB,128GB,Unisoc T7250,7000.0,6.75,2026,0,4G,Android 15,https://www.gsmarena.com/oppo_a6c-14418.php,2026-08-20T13:32:52
Oppo A6k,OPPO,4GB,256GB,Mediatek Dimensity 6300,7000.0,6.75,2026,0,5G,Android 15,https://www.gsmarena.com/oppo_a6k-14588.php,2026-08-20T13:33:17
Oppo A6k,OPPO,8GB,256GB,Mediatek Dimensity 6300,7000.0,6.75,2026,0,5G,Android 15,https://www.gsmarena.com/oppo_a6k-14588.php,2026-08-20T13:33:17
Oppo A6k,OPPO,12GB,256GB,Mediatek Dimensity 6300,7000.0,6.75,2026,0,5G,Android 15,https://www.gsmarena.com/oppo_a6k-14588.php,2026-08-20T13:33:17
Oppo A6k,OPPO,8GB,512GB,Mediatek Dimensity 6300,7000.0,6.75,2026,0,5G,Android 15,https://www.gsmarena.com/oppo_a6k-14588.php,2026-08-20T13:33:17
Oppo K15 Pro+,OPPO,12GB,256GB,Mediatek Dimensity 9500s,8000.0,6.78,2026,1,5G,Android 16,https://www.gsmarena.com/oppo_k15_pro+_5g-14572.php,2026-08-20T13:33:48
Oppo K15 Pro+,OPPO,12GB,512GB,Mediatek Dimensity 9500s,8000.0,6.78,2026,1,5G,Android 16,https://www.gsmarena.com/oppo_k15_pro+_5g-14572.php,2026-08-20T13:33:48
Oppo K15 Pro,OPPO,12GB,256GB,Mediatek Dimensity 8500 Super,7500.0,6.59,2026,1,5G,Android 16,https://www.gsmarena.com/oppo_k15_pro_5g-14573.php,2026-08-20T13:34:16
Oppo K15 Pro,OPPO,12GB,512GB,Mediatek Dimensity 8500 Super,7500.0,6.59,2026,1,5G,Android 16,https://www.gsmarena.com/oppo_k15_pro_5g-14573.php,2026-08-20T13:34:16
Oppo Find N6,OPPO,12GB,256GB,Qualcomm SM8850-AC Snapdragon 8 Elite Gen 5,6000.0,8.12,2026,1,5G,Android 16,https://www.gsmarena.com/oppo_find_n6_5g-14389.php,2026-08-20T13:34:56
Oppo Find N6,OPPO,16GB,512GB,Qualcomm SM8850-AC Snapdragon 8 Elite Gen 5,6000.0,8.12,2026,1,5G,Android 16,https://www.gsmarena.com/oppo_find_n6_5g-14389.php,2026-08-20T13:34:56
Oppo Find N6,OPPO,16GB,1TB,Qualcomm SM8850-AC Snapdragon 8 Elite Gen 5,6000.0,8.12,2026,1,5G,Android 16,https://www.gsmarena.com/oppo_find_n6_5g-14389.php,2026-08-20T13:34:56
Oppo K14,OPPO,6GB,128GB,Mediatek Dimensity 6300,7000.0,6.75,2026,0,5G,Android 15,https://www.gsmarena.com/oppo_k14_5g-14530.php,2026-08-20T13:35:17
Oppo K14,OPPO,6GB,256GB,Mediatek Dimensity 6300,7000.0,6.75,2026,0,5G,Android 15,https://www.gsmarena.com/oppo_k14_5g-14530.php,2026-08-20T13:35:17
Oppo K14,OPPO,8GB,256GB,Mediatek Dimensity 6300,7000.0,6.75,2026,0,5G,Android 15,https://www.gsmarena.com/oppo_k14_5g-14530.php,2026-08-20T13:35:17
Oppo A6s (India),OPPO,4GB,128GB,Mediatek Dimensity 6300,6500.0,6.75,2026,0,5G,Android 15,https://www.gsmarena.com/oppo_a6s_5g_(india)-14546.php,2026-08-20T13:35:42
Oppo A6s (India),OPPO,6GB,128GB,Mediatek Dimensity 6300,6500.0,6.75,2026,0,5G,Android 15,https://www.gsmarena.com/oppo_a6s_5g_(india)-14546.php,2026-08-20T13:35:42
Oppo A6s Pro,OPPO,8GB,256GB,Mediatek Helio G100 Max,7000.0,6.57,2026,1,4G,Android 16,https://www.gsmarena.com/oppo_a6s_pro-14523.php,2026-08-20T13:36:05
Oppo K14x,OPPO,4GB,64GB,Mediatek Dimensity 6300,6500.0,6.75,2026,0,5G,Android 15,https://www.gsmarena.com/oppo_k14x_5g-14458.php,2026-08-20T13:36:35
Oppo K14x,OPPO,4GB,128GB,Mediatek Dimensity 6300,6500.0,6.75,2026,0,5G,Android 15,https://www.gsmarena.com/oppo_k14x_5g-14458.php,2026-08-20T13:36:35
Oppo K14x,OPPO,6GB,128GB,Mediatek Dimensity 6300,6500.0,6.75,2026,0,5G,Android 15,https://www.gsmarena.com/oppo_k14x_5g-14458.php,2026-08-20T13:36:35
Oppo Reno15c (India),OPPO,8GB,256GB,Qualcomm SM6450 Snapdragon 6 Gen 1,7000.0,6.57,2026,0,5G,Android 16,https://www.gsmarena.com/oppo_reno15c_5g_(india)-14513.php,2026-08-20T13:37:12
Oppo Reno15c (India),OPPO,12GB,256GB,Qualcomm SM6450 Snapdragon 6 Gen 1,7000.0,6.57,2026,0,5G,Android 16,https://www.gsmarena.com/oppo_reno15c_5g_(india)-14513.php,2026-08-20T13:37:12
Oppo Reno15 FS,OPPO,8GB,256GB,Qualcomm SM6450 Snapdragon 6 Gen 1,6500.0,6.57,2026,1,5G,Android 16,https://www.gsmarena.com/oppo_reno15_fs_5g-14373.php,2026-08-20T13:37:41
Oppo Reno15 FS,OPPO,8GB,512GB,Qualcomm SM6450 Snapdragon 6 Gen 1,6500.0,6.57,2026,1,5G,Android 16,https://www.gsmarena.com/oppo_reno15_fs_5g-14373.php,2026-08-20T13:37:41
Oppo A6c (China),OPPO,6GB,128GB,Qualcomm SM6225 Snapdragon 685,6500.0,6.75,2026,0,4G,Android 15,https://www.gsmarena.com/oppo_a6c_(china)-14591.php,2026-08-20T13:38:13
Oppo A6t Pro 4G,OPPO,8GB,128GB,Qualcomm SM6225 Snapdragon 685,7000.0,6.75,2026,1,4G,Android 15,https://www.gsmarena.com/oppo_a6t_pro-14415.php,2026-08-20T13:38:38
Oppo A6t,OPPO,4GB,128GB,Mediatek Dimensity 6300,6500.0,6.75,2026,1,5G,Android 15,https://www.gsmarena.com/oppo_a6t_5g-14417.php,2026-08-20T13:39:00
Oppo A6t,OPPO,6GB,128GB,Mediatek Dimensity 6300,6500.0,6.75,2026,1,5G,Android 15,https://www.gsmarena.com/oppo_a6t_5g-14417.php,2026-08-20T13:39:00
Oppo A6t,OPPO,4GB,256GB,Mediatek Dimensity 6300,6500.0,6.75,2026,1,5G,Android 15,https://www.gsmarena.com/oppo_a6t_5g-14417.php,2026-08-20T13:39:00
Oppo A6t,OPPO,6GB,256GB,Mediatek Dimensity 6300,6500.0,6.75,2026,1,5G,Android 15,https://www.gsmarena.com/oppo_a6t_5g-14417.php,2026-08-20T13:39:00
Oppo A6t,OPPO,8GB,256GB,Mediatek Dimensity 6300,6500.0,6.75,2026,1,5G,Android 15,https://www.gsmarena.com/oppo_a6t_5g-14417.php,2026-08-20T13:39:00
Oppo A6t,OPPO,8GB,512GB,Mediatek Dimensity 6300,6500.0,6.75,2026,1,5G,Android 15,https://www.gsmarena.com/oppo_a6t_5g-14417.php,2026-08-20T13:39:00
Oppo A6t 4G,OPPO,4GB,64GB,Qualcomm SM6225 Snapdragon 685,6500.0,6.75,2026,0,4G,Android 15,https://www.gsmarena.com/oppo_a6t-14416.php,2026-08-20T13:39:24
Oppo A6t 4G,OPPO,4GB,128GB,Qualcomm SM6225 Snapdragon 685,6500.0,6.75,2026,0,4G,Android 15,https://www.gsmarena.com/oppo_a6t-14416.php,2026-08-20T13:39:24
Oppo A6t 4G,OPPO,6GB,128GB,Qualcomm SM6225 Snapdragon 685,6500.0,6.75,2026,0,4G,Android 15,https://www.gsmarena.com/oppo_a6t-14416.php,2026-08-20T13:39:24
Oppo A6t 4G,OPPO,6GB,256GB,Qualcomm SM6225 Snapdragon 685,6500.0,6.75,2026,0,4G,Android 15,https://www.gsmarena.com/oppo_a6t-14416.php,2026-08-20T13:39:24
Oppo A6,OPPO,4GB,128GB,Mediatek Dimensity 6300,7000.0,6.75,2026,1,5G,Android 15,https://www.gsmarena.com/oppo_a6_5g-14412.php,2026-08-20T13:40:01
Oppo A6,OPPO,6GB,128GB,Mediatek Dimensity 6300,7000.0,6.75,2026,1,5G,Android 15,https://www.gsmarena.com/oppo_a6_5g-14412.php,2026-08-20T13:40:01
Oppo A6,OPPO,8GB,128GB,Mediatek Dimensity 6300,7000.0,6.75,2026,1,5G,Android 15,https://www.gsmarena.com/oppo_a6_5g-14412.php,2026-08-20T13:40:01
Oppo A6,OPPO,6GB,256GB,Mediatek Dimensity 6300,7000.0,6.75,2026,1,5G,Android 15,https://www.gsmarena.com/oppo_a6_5g-14412.php,2026-08-20T13:40:01
Oppo A6,OPPO,8GB,256GB,Mediatek Dimensity 6300,7000.0,6.75,2026,1,5G,Android 15,https://www.gsmarena.com/oppo_a6_5g-14412.php,2026-08-20T13:40:01
Oppo A6,OPPO,12GB,256GB,Mediatek Dimensity 6300,7000.0,6.75,2026,1,5G,Android 15,https://www.gsmarena.com/oppo_a6_5g-14412.php,2026-08-20T13:40:01
Oppo A6,OPPO,8GB,512GB,Mediatek Dimensity 6300,7000.0,6.75,2026,1,5G,Android 15,https://www.gsmarena.com/oppo_a6_5g-14412.php,2026-08-20T13:40:01
Oppo A6 4G,OPPO,4GB,128GB,Qualcomm SM6225 Snapdragon 685,7000.0,6.75,2026,1,4G,Android 15,https://www.gsmarena.com/oppo_a6-14413.php,2026-08-20T13:40:36
Oppo A6 4G,OPPO,6GB,128GB,Qualcomm SM6225 Snapdragon 685,7000.0,6.75,2026,1,4G,Android 15,https://www.gsmarena.com/oppo_a6-14413.php,2026-08-20T13:40:36
Oppo A6 4G,OPPO,8GB,128GB,Qualcomm SM6225 Snapdragon 685,7000.0,6.75,2026,1,4G,Android 15,https://www.gsmarena.com/oppo_a6-14413.php,2026-08-20T13:40:36
Oppo A6 4G,OPPO,4GB,256GB,Qualcomm SM6225 Snapdragon 685,7000.0,6.75,2026,1,4G,Android 15,https://www.gsmarena.com/oppo_a6-14413.php,2026-08-20T13:40:36
Oppo A6 4G,OPPO,6GB,256GB,Qualcomm SM6225 Snapdragon 685,7000.0,6.75,2026,1,4G,Android 15,https://www.gsmarena.com/oppo_a6-14413.php,2026-08-20T13:40:36
Oppo A6 4G,OPPO,8GB,256GB,Qualcomm SM6225 Snapdragon 685,7000.0,6.75,2026,1,4G,Android 15,https://www.gsmarena.com/oppo_a6-14413.php,2026-08-20T13:40:36
Oppo A6x,OPPO,4GB,128GB,Mediatek Dimensity 6300,6500.0,6.75,2026,1,5G,Android 15,https://www.gsmarena.com/oppo_a6x_5g_(global)-14414.php,2026-08-20T13:41:06
Oppo A6x,OPPO,6GB,128GB,Mediatek Dimensity 6300,6500.0,6.75,2026,1,5G,Android 15,https://www.gsmarena.com/oppo_a6x_5g_(global)-14414.php,2026-08-20T13:41:06
Oppo A6x,OPPO,4GB,256GB,Mediatek Dimensity 6300,6500.0,6.75,2026,1,5G,Android 15,https://www.gsmarena.com/oppo_a6x_5g_(global)-14414.php,2026-08-20T13:41:06
Oppo A6x,OPPO,6GB,256GB,Mediatek Dimensity 6300,6500.0,6.75,2026,1,5G,Android 15,https://www.gsmarena.com/oppo_a6x_5g_(global)-14414.php,2026-08-20T13:41:06
Oppo A6x,OPPO,8GB,256GB,Mediatek Dimensity 6300,6500.0,6.75,2026,1,5G,Android 15,https://www.gsmarena.com/oppo_a6x_5g_(global)-14414.php,2026-08-20T13:41:06
Oppo A6s 4G,OPPO,8GB,128GB,Qualcomm SM6225 Snapdragon 685,7000.0,6.75,2026,1,4G,Android 15,https://www.gsmarena.com/oppo_a6s-14411.php,2026-08-20T13:41:38
Oppo A6s 4G,OPPO,8GB,256GB,Qualcomm SM6225 Snapdragon 685,7000.0,6.75,2026,1,4G,Android 15,https://www.gsmarena.com/oppo_a6s-14411.php,2026-08-20T13:41:38
Oppo A6s,OPPO,6GB,128GB,Mediatek Dimensity 6300,7000.0,6.75,2026,1,5G,Android 15,https://www.gsmarena.com/oppo_a6s_5g-14410.php,2026-08-20T13:42:00
Oppo A6s,OPPO,8GB,128GB,Mediatek Dimensity 6300,7000.0,6.75,2026,1,5G,Android 15,https://www.gsmarena.com/oppo_a6s_5g-14410.php,2026-08-20T13:42:00
Oppo A6s,OPPO,8GB,256GB,Mediatek Dimensity 6300,7000.0,6.75,2026,1,5G,Android 15,https://www.gsmarena.com/oppo_a6s_5g-14410.php,2026-08-20T13:42:00
Oppo Reno15 Pro (India),OPPO,12GB,256GB,Mediatek Dimensity 8450,6500.0,6.78,2026,1,5G,Android 16,https://www.gsmarena.com/oppo_reno15_pro_5g_(india)-14406.php,2026-08-20T13:42:32
Oppo Reno15 Pro (India),OPPO,12GB,512GB,Mediatek Dimensity 8450,6500.0,6.78,2026,1,5G,Android 16,https://www.gsmarena.com/oppo_reno15_pro_5g_(india)-14406.php,2026-08-20T13:42:32
Oppo Reno15 Pro Mini,OPPO,12GB,256GB,Mediatek Dimensity 8450,6200.0,6.32,2026,1,5G,Android 16,https://www.gsmarena.com/oppo_reno15_pro_mini_5g-14393.php,2026-08-20T13:43:09
Oppo Reno15 Pro Mini,OPPO,12GB,512GB,Mediatek Dimensity 8450,6200.0,6.32,2026,1,5G,Android 16,https://www.gsmarena.com/oppo_reno15_pro_mini_5g-14393.php,2026-08-20T13:43:09
Oppo A6 Pro (India),OPPO,8GB,128GB,Mediatek Dimensity 6300,7000.0,6.75,2026,0,5G,Android 15,https://www.gsmarena.com/oppo_a6_pro_5g_(india)-14399.php,2026-08-20T13:43:32
Oppo A6 Pro (India),OPPO,8GB,256GB,Mediatek Dimensity 6300,7000.0,6.75,2026,0,5G,Android 15,https://www.gsmarena.com/oppo_a6_pro_5g_(india)-14399.php,2026-08-20T13:43:32
Oppo Reno15 Pro Max,OPPO,12GB,256GB,Mediatek Dimensity 8450,6500.0,6.78,2026,1,5G,Android 16,https://www.gsmarena.com/oppo_reno15_pro_max_5g-14220.php,2026-08-20T13:43:58
Oppo Reno15 Pro Max,OPPO,12GB,512GB,Mediatek Dimensity 8450,6500.0,6.78,2026,1,5G,Android 16,https://www.gsmarena.com/oppo_reno15_pro_max_5g-14220.php,2026-08-20T13:43:58
Oppo Reno15 Pro,OPPO,12GB,256GB,Mediatek Dimensity 8450,6200.0,6.32,2026,1,5G,Android 16,https://www.gsmarena.com/oppo_reno15_pro_5g_(global)-14394.php,2026-08-20T13:44:21
Oppo Reno15 Pro,OPPO,12GB,512GB,Mediatek Dimensity 8450,6200.0,6.32,2026,1,5G,Android 16,https://www.gsmarena.com/oppo_reno15_pro_5g_(global)-14394.php,2026-08-20T13:44:21
Oppo Reno15,OPPO,8GB,256GB,Qualcomm SM7750-AB Snapdragon 7 Gen 4,6500.0,6.59,2026,1,5G,Android 16,https://www.gsmarena.com/oppo_reno15_5g_(global)-14395.php,2026-08-20T13:44:43
Oppo Reno15,OPPO,12GB,256GB,Qualcomm SM7750-AB Snapdragon 7 Gen 4,6500.0,6.59,2026,1,5G,Android 16,https://www.gsmarena.com/oppo_reno15_5g_(global)-14395.php,2026-08-20T13:44:43
Oppo Reno15,OPPO,8GB,512GB,Qualcomm SM7750-AB Snapdragon 7 Gen 4,6500.0,6.59,2026,1,5G,Android 16,https://www.gsmarena.com/oppo_reno15_5g_(global)-14395.php,2026-08-20T13:44:43
Oppo Reno15,OPPO,12GB,512GB,Qualcomm SM7750-AB Snapdragon 7 Gen 4,6500.0,6.59,2026,1,5G,Android 16,https://www.gsmarena.com/oppo_reno15_5g_(global)-14395.php,2026-08-20T13:44:43
Oppo Reno15 F,OPPO,8GB,128GB,Qualcomm SM6450 Snapdragon 6 Gen 1,7000.0,6.57,2026,1,5G,Android 16,https://www.gsmarena.com/oppo_reno15_f_5g-14396.php,2026-08-20T13:45:04
Oppo Reno15 F,OPPO,8GB,256GB,Qualcomm SM6450 Snapdragon 6 Gen 1,7000.0,6.57,2026,1,5G,Android 16,https://www.gsmarena.com/oppo_reno15_f_5g-14396.php,2026-08-20T13:45:04
Oppo Reno15 F,OPPO,12GB,256GB,Qualcomm SM6450 Snapdragon 6 Gen 1,7000.0,6.57,2026,1,5G,Android 16,https://www.gsmarena.com/oppo_reno15_f_5g-14396.php,2026-08-20T13:45:04
Oppo Reno15 F,OPPO,12GB,512GB,Qualcomm SM6450 Snapdragon 6 Gen 1,7000.0,6.57,2026,1,5G,Android 16,https://www.gsmarena.com/oppo_reno15_f_5g-14396.php,2026-08-20T13:45:04
Oppo Reno 15c,OPPO,12GB,256GB,Qualcomm SM7750-AB Snapdragon 7 Gen 4,6500.0,6.59,2025,1,5G,Android 16,https://www.gsmarena.com/oppo_reno_15c_5g-14347.php,2026-08-20T13:45:36
Oppo Reno 15c,OPPO,12GB,512GB,Qualcomm SM7750-AB Snapdragon 7 Gen 4,6500.0,6.59,2025,1,5G,Android 16,https://www.gsmarena.com/oppo_reno_15c_5g-14347.php,2026-08-20T13:45:36
Oppo A6x (India),OPPO,4GB,64GB,Mediatek Dimensity 6300,6500.0,6.75,2025,0,5G,Android 15,https://www.gsmarena.com/oppo_a6x_5g-14321.php,2026-08-20T13:46:07
Oppo A6x (India),OPPO,4GB,128GB,Mediatek Dimensity 6300,6500.0,6.75,2025,0,5G,Android 15,https://www.gsmarena.com/oppo_a6x_5g-14321.php,2026-08-20T13:46:07
Oppo A6x (India),OPPO,6GB,128GB,Mediatek Dimensity 6300,6500.0,6.75,2025,0,5G,Android 15,https://www.gsmarena.com/oppo_a6x_5g-14321.php,2026-08-20T13:46:07
Oppo A6x (India),OPPO,6GB,256GB,Mediatek Dimensity 6300,6500.0,6.75,2025,0,5G,Android 15,https://www.gsmarena.com/oppo_a6x_5g-14321.php,2026-08-20T13:46:07
Oppo A6x 4G,OPPO,4GB,64GB,Qualcomm SM6225 Snapdragon 685,6500.0,6.75,2025,0,4G,Android 15,https://www.gsmarena.com/oppo_a6x-14322.php,2026-08-20T13:46:33
Oppo A6x 4G,OPPO,4GB,128GB,Qualcomm SM6225 Snapdragon 685,6500.0,6.75,2025,0,4G,Android 15,https://www.gsmarena.com/oppo_a6x-14322.php,2026-08-20T13:46:33
Oppo A6x 4G,OPPO,6GB,128GB,Qualcomm SM6225 Snapdragon 685,6500.0,6.75,2025,0,4G,Android 15,https://www.gsmarena.com/oppo_a6x-14322.php,2026-08-20T13:46:33
Oppo A6x 4G,OPPO,8GB,128GB,Qualcomm SM6225 Snapdragon 685,6500.0,6.75,2025,0,4G,Android 15,https://www.gsmarena.com/oppo_a6x-14322.php,2026-08-20T13:46:33
Oppo A6x 4G,OPPO,4GB,256GB,Qualcomm SM6225 Snapdragon 685,6500.0,6.75,2025,0,4G,Android 15,https://www.gsmarena.com/oppo_a6x-14322.php,2026-08-20T13:46:33
Oppo A6x 4G,OPPO,6GB,256GB,Qualcomm SM6225 Snapdragon 685,6500.0,6.75,2025,0,4G,Android 15,https://www.gsmarena.com/oppo_a6x-14322.php,2026-08-20T13:46:33
Oppo Reno15 Pro (China),OPPO,12GB,256GB,Mediatek Dimensity 8450,6500.0,6.78,2025,1,5G,Android 16,https://www.gsmarena.com/oppo_reno15_pro_5g-14286.php,2026-08-20T13:47:09
Oppo Reno15 Pro (China),OPPO,12GB,512GB,Mediatek Dimensity 8450,6500.0,6.78,2025,1,5G,Android 16,https://www.gsmarena.com/oppo_reno15_pro_5g-14286.php,2026-08-20T13:47:09
Oppo Reno15 Pro (China),OPPO,16GB,512GB,Mediatek Dimensity 8450,6500.0,6.78,2025,1,5G,Android 16,https://www.gsmarena.com/oppo_reno15_pro_5g-14286.php,2026-08-20T13:47:09
Oppo Reno15 Pro (China),OPPO,16GB,1TB,Mediatek Dimensity 8450,6500.0,6.78,2025,1,5G,Android 16,https://www.gsmarena.com/oppo_reno15_pro_5g-14286.php,2026-08-20T13:47:09
Oppo Reno15 (China),OPPO,12GB,256GB,Mediatek Dimensity 8450,6200.0,6.32,2025,1,5G,Android 16,https://www.gsmarena.com/oppo_reno15_5g-14288.php,2026-08-20T13:47:39
Oppo Reno15 (China),OPPO,16GB,256GB,Mediatek Dimensity 8450,6200.0,6.32,2025,1,5G,Android 16,https://www.gsmarena.com/oppo_reno15_5g-14288.php,2026-08-20T13:47:39
Oppo Reno15 (China),OPPO,12GB,512GB,Mediatek Dimensity 8450,6200.0,6.32,2025,1,5G,Android 16,https://www.gsmarena.com/oppo_reno15_5g-14288.php,2026-08-20T13:47:39
Oppo Reno15 (China),OPPO,16GB,512GB,Mediatek Dimensity 8450,6200.0,6.32,2025,1,5G,Android 16,https://www.gsmarena.com/oppo_reno15_5g-14288.php,2026-08-20T13:47:39
Oppo Reno15 (China),OPPO,16GB,1TB,Mediatek Dimensity 8450,6200.0,6.32,2025,1,5G,Android 16,https://www.gsmarena.com/oppo_reno15_5g-14288.php,2026-08-20T13:47:39
Oppo Find X9 Pro,OPPO,12GB,256GB,Mediatek Dimensity 9500,7500.0,6.78,2025,1,5G,Android 16,https://www.gsmarena.com/oppo_find_x9_pro-14094.php,2026-08-20T13:48:07
Oppo Find X9 Pro,OPPO,12GB,512GB,Mediatek Dimensity 9500,7500.0,6.78,2025,1,5G,Android 16,https://www.gsmarena.com/oppo_find_x9_pro-14094.php,2026-08-20T13:48:07
Oppo Find X9 Pro,OPPO,16GB,512GB,Mediatek Dimensity 9500,7500.0,6.78,2025,1,5G,Android 16,https://www.gsmarena.com/oppo_find_x9_pro-14094.php,2026-08-20T13:48:07
Oppo Find X9 Pro,OPPO,16GB,1TB,Mediatek Dimensity 9500,7500.0,6.78,2025,1,5G,Android 16,https://www.gsmarena.com/oppo_find_x9_pro-14094.php,2026-08-20T13:48:07
Oppo Find X9,OPPO,12GB,256GB,Mediatek Dimensity 9500,7025.0,6.59,2025,1,5G,Android 16,https://www.gsmarena.com/oppo_find_x9_5g-14235.php,2026-08-20T13:48:34
Oppo Find X9,OPPO,16GB,256GB,Mediatek Dimensity 9500,7025.0,6.59,2025,1,5G,Android 16,https://www.gsmarena.com/oppo_find_x9_5g-14235.php,2026-08-20T13:48:34
Oppo Find X9,OPPO,12GB,512GB,Mediatek Dimensity 9500,7025.0,6.59,2025,1,5G,Android 16,https://www.gsmarena.com/oppo_find_x9_5g-14235.php,2026-08-20T13:48:34
Oppo Find X9,OPPO,16GB,512GB,Mediatek Dimensity 9500,7025.0,6.59,2025,1,5G,Android 16,https://www.gsmarena.com/oppo_find_x9_5g-14235.php,2026-08-20T13:48:34
Oppo Find X9,OPPO,16GB,1TB,Mediatek Dimensity 9500,7025.0,6.59,2025,1,5G,Android 16,https://www.gsmarena.com/oppo_find_x9_5g-14235.php,2026-08-20T13:48:34
Oppo A6 Pro,OPPO,6GB,128GB,Mediatek Dimensity 6300,7000.0,6.57,2025,1,5G,Android 15,https://www.gsmarena.com/oppo_a6_pro_5g-14171.php,2026-08-20T13:49:08
Oppo A6 Pro,OPPO,8GB,256GB,Mediatek Dimensity 6300,7000.0,6.57,2025,1,5G,Android 15,https://www.gsmarena.com/oppo_a6_pro_5g-14171.php,2026-08-20T13:49:08
Oppo A6 Pro,OPPO,12GB,256GB,Mediatek Dimensity 6300,7000.0,6.57,2025,1,5G,Android 15,https://www.gsmarena.com/oppo_a6_pro_5g-14171.php,2026-08-20T13:49:08
Oppo A6 Pro 4G,OPPO,8GB,128GB,Mediatek Helio G100,7000.0,6.57,2025,1,4G,Android 15,https://www.gsmarena.com/oppo_a6_pro-14170.php,2026-08-20T13:49:47
Oppo A6 Pro 4G,OPPO,8GB,256GB,Mediatek Helio G100,7000.0,6.57,2025,1,4G,Android 15,https://www.gsmarena.com/oppo_a6_pro-14170.php,2026-08-20T13:49:47
Oppo F31 Pro+,OPPO,8GB,256GB,Qualcomm SM7550-AB Snapdragon 7 Gen 3,7000.0,6.8,2025,0,5G,Android 15,https://www.gsmarena.com/oppo_f31_pro+_5g-14148.php,2026-08-20T13:50:17
Oppo F31 Pro+,OPPO,12GB,256GB,Qualcomm SM7550-AB Snapdragon 7 Gen 3,7000.0,6.8,2025,0,5G,Android 15,https://www.gsmarena.com/oppo_f31_pro+_5g-14148.php,2026-08-20T13:50:17
Oppo F31 Pro,OPPO,8GB,128GB,Mediatek Dimensity 7300,7000.0,6.57,2025,0,5G,Android 15,https://www.gsmarena.com/oppo_f31_pro_5g-14149.php,2026-08-20T13:50:50
Oppo F31 Pro,OPPO,8GB,256GB,Mediatek Dimensity 7300,7000.0,6.57,2025,0,5G,Android 15,https://www.gsmarena.com/oppo_f31_pro_5g-14149.php,2026-08-20T13:50:50
Oppo F31 Pro,OPPO,12GB,256GB,Mediatek Dimensity 7300,7000.0,6.57,2025,0,5G,Android 15,https://www.gsmarena.com/oppo_f31_pro_5g-14149.php,2026-08-20T13:50:50
Oppo F31,OPPO,8GB,128GB,Mediatek Dimensity 6300,7000.0,6.57,2025,0,5G,Android 15,https://www.gsmarena.com/oppo_f31_5g-14248.php,2026-08-20T13:51:30
Oppo F31,OPPO,8GB,256GB,Mediatek Dimensity 6300,7000.0,6.57,2025,0,5G,Android 15,https://www.gsmarena.com/oppo_f31_5g-14248.php,2026-08-20T13:51:30
Oppo A6 GT,OPPO,8GB,256GB,Qualcomm SM7550-AB Snapdragon 7 Gen 3,7000.0,6.8,2025,1,5G,Android 15,https://www.gsmarena.com/oppo_a6_gt_5g-14135.php,2026-08-20T13:51:51
Oppo A6 GT,OPPO,12GB,256GB,Qualcomm SM7550-AB Snapdragon 7 Gen 3,7000.0,6.8,2025,1,5G,Android 15,https://www.gsmarena.com/oppo_a6_gt_5g-14135.php,2026-08-20T13:51:51
Oppo A6 GT,OPPO,12GB,512GB,Qualcomm SM7550-AB Snapdragon 7 Gen 3,7000.0,6.8,2025,1,5G,Android 15,https://www.gsmarena.com/oppo_a6_gt_5g-14135.php,2026-08-20T13:51:51
Oppo A6 Pro (China),OPPO,8GB,256GB,Mediatek Dimensity 7300,7000.0,6.57,2025,1,5G,Android 15,https://www.gsmarena.com/oppo_a6_pro_5g_(china)-14129.php,2026-08-20T13:52:28
Oppo A6 Pro (China),OPPO,12GB,256GB,Mediatek Dimensity 7300,7000.0,6.57,2025,1,5G,Android 15,https://www.gsmarena.com/oppo_a6_pro_5g_(china)-14129.php,2026-08-20T13:52:28
Oppo A6 Pro (China),OPPO,16GB,256GB,Mediatek Dimensity 7300,7000.0,6.57,2025,1,5G,Android 15,https://www.gsmarena.com/oppo_a6_pro_5g_(china)-14129.php,2026-08-20T13:52:28
Oppo A6 Pro (China),OPPO,16GB,512GB,Mediatek Dimensity 7300,7000.0,6.57,2025,1,5G,Android 15,https://www.gsmarena.com/oppo_a6_pro_5g_(china)-14129.php,2026-08-20T13:52:28
Oppo A6 Max,OPPO,8GB,256GB,Qualcomm SM7550-AB Snapdragon 7 Gen 3,7000.0,6.8,2025,1,5G,Android 15,https://www.gsmarena.com/oppo_a6_max_5g-14108.php,2026-08-20T13:53:08
Oppo K13 Turbo,OPPO,8GB,128GB,Mediatek Dimensity 8450,7000.0,6.8,2025,1,5G,Android 15,https://www.gsmarena.com/oppo_k13_turbo_5g-14022.php,2026-08-20T13:53:34
Oppo K13 Turbo,OPPO,8GB,256GB,Mediatek Dimensity 8450,7000.0,6.8,2025,1,5G,Android 15,https://www.gsmarena.com/oppo_k13_turbo_5g-14022.php,2026-08-20T13:53:34
Oppo K13 Turbo,OPPO,12GB,256GB,Mediatek Dimensity 8450,7000.0,6.8,2025,1,5G,Android 15,https://www.gsmarena.com/oppo_k13_turbo_5g-14022.php,2026-08-20T13:53:34
Oppo K13 Turbo,OPPO,16GB,256GB,Mediatek Dimensity 8450,7000.0,6.8,2025,1,5G,Android 15,https://www.gsmarena.com/oppo_k13_turbo_5g-14022.php,2026-08-20T13:53:34
Oppo K13 Turbo,OPPO,12GB,512GB,Mediatek Dimensity 8450,7000.0,6.8,2025,1,5G,Android 15,https://www.gsmarena.com/oppo_k13_turbo_5g-14022.php,2026-08-20T13:53:34
Oppo K13 Turbo Pro,OPPO,8GB,256GB,Qualcomm SM8735 Snapdragon 8s Gen 4,7000.0,6.8,2025,1,5G,Android 15,https://www.gsmarena.com/oppo_k13_turbo_pro_5g-14013.php,2026-08-20T13:54:02
Oppo K13 Turbo Pro,OPPO,12GB,256GB,Qualcomm SM8735 Snapdragon 8s Gen 4,7000.0,6.8,2025,1,5G,Android 15,https://www.gsmarena.com/oppo_k13_turbo_pro_5g-14013.php,2026-08-20T13:54:02
Oppo K13 Turbo Pro,OPPO,16GB,256GB,Qualcomm SM8735 Snapdragon 8s Gen 4,7000.0,6.8,2025,1,5G,Android 15,https://www.gsmarena.com/oppo_k13_turbo_pro_5g-14013.php,2026-08-20T13:54:02
Oppo K13 Turbo Pro,OPPO,12GB,512GB,Qualcomm SM8735 Snapdragon 8s Gen 4,7000.0,6.8,2025,1,5G,Android 15,https://www.gsmarena.com/oppo_k13_turbo_pro_5g-14013.php,2026-08-20T13:54:02
Oppo K13 Turbo Pro,OPPO,16GB,512GB,Qualcomm SM8735 Snapdragon 8s Gen 4,7000.0,6.8,2025,1,5G,Android 15,https://www.gsmarena.com/oppo_k13_turbo_pro_5g-14013.php,2026-08-20T13:54:02
Oppo Reno14 F,OPPO,8GB,256GB,Qualcomm SM6450 Snapdragon 6 Gen 1,6000.0,6.57,2025,1,5G,Android 15,https://www.gsmarena.com/oppo_reno14_f_5g-13977.php,2026-08-20T13:54:29
Oppo Reno14 F,OPPO,12GB,256GB,Qualcomm SM6450 Snapdragon 6 Gen 1,6000.0,6.57,2025,1,5G,Android 15,https://www.gsmarena.com/oppo_reno14_f_5g-13977.php,2026-08-20T13:54:29
Oppo Reno14 F,OPPO,12GB,512GB,Qualcomm SM6450 Snapdragon 6 Gen 1,6000.0,6.57,2025,1,5G,Android 15,https://www.gsmarena.com/oppo_reno14_f_5g-13977.php,2026-08-20T13:54:29
Oppo K13x,OPPO,4GB,128GB,Mediatek Dimensity 6300,6000.0,6.67,2025,1,5G,Android 15,https://www.gsmarena.com/oppo_k13x_5g-13978.php,2026-08-20T13:55:01
Oppo K13x,OPPO,6GB,128GB,Mediatek Dimensity 6300,6000.0,6.67,2025,1,5G,Android 15,https://www.gsmarena.com/oppo_k13x_5g-13978.php,2026-08-20T13:55:01
Oppo K13x,OPPO,8GB,128GB,Mediatek Dimensity 6300,6000.0,6.67,2025,1,5G,Android 15,https://www.gsmarena.com/oppo_k13x_5g-13978.php,2026-08-20T13:55:01
Oppo K13x,OPPO,8GB,256GB,Mediatek Dimensity 6300,6000.0,6.67,2025,1,5G,Android 15,https://www.gsmarena.com/oppo_k13x_5g-13978.php,2026-08-20T13:55:01
Oppo A5x,OPPO,4GB,64GB,Mediatek Dimensity 6300,6000.0,6.67,2025,0,5G,Android 15,https://www.gsmarena.com/oppo_a5x_5g-13898.php,2026-08-20T13:55:28
Oppo A5x,OPPO,4GB,128GB,Mediatek Dimensity 6300,6000.0,6.67,2025,0,5G,Android 15,https://www.gsmarena.com/oppo_a5x_5g-13898.php,2026-08-20T13:55:28
Oppo A5x,OPPO,6GB,128GB,Mediatek Dimensity 6300,6000.0,6.67,2025,0,5G,Android 15,https://www.gsmarena.com/oppo_a5x_5g-13898.php,2026-08-20T13:55:28
Oppo A5,OPPO,4GB,128GB,Mediatek Dimensity 6300,6000.0,6.67,2025,1,5G,Android 15,https://www.gsmarena.com/oppo_a5_5g-13872.php,2026-08-20T13:55:58
Oppo A5,OPPO,6GB,128GB,Mediatek Dimensity 6300,6000.0,6.67,2025,1,5G,Android 15,https://www.gsmarena.com/oppo_a5_5g-13872.php,2026-08-20T13:55:58
Oppo A5,OPPO,8GB,128GB,Mediatek Dimensity 6300,6000.0,6.67,2025,1,5G,Android 15,https://www.gsmarena.com/oppo_a5_5g-13872.php,2026-08-20T13:55:58
Oppo A5,OPPO,8GB,256GB,Mediatek Dimensity 6300,6000.0,6.67,2025,1,5G,Android 15,https://www.gsmarena.com/oppo_a5_5g-13872.php,2026-08-20T13:55:58
Oppo A5 4G,OPPO,4GB,128GB,Qualcomm SM-6115 Snapdragon 6s 4G Gen1,6000.0,6.67,2025,1,4G,Android 15,https://www.gsmarena.com/oppo_a5_4g-13871.php,2026-08-20T13:56:36
Oppo A5 4G,OPPO,6GB,128GB,Qualcomm SM-6115 Snapdragon 6s 4G Gen1,6000.0,6.67,2025,1,4G,Android 15,https://www.gsmarena.com/oppo_a5_4g-13871.php,2026-08-20T13:56:36
Oppo A5 4G,OPPO,8GB,128GB,Qualcomm SM-6115 Snapdragon 6s 4G Gen1,6000.0,6.67,2025,1,4G,Android 15,https://www.gsmarena.com/oppo_a5_4g-13871.php,2026-08-20T13:56:36
Oppo A5 4G,OPPO,4GB,256GB,Qualcomm SM-6115 Snapdragon 6s 4G Gen1,6000.0,6.67,2025,1,4G,Android 15,https://www.gsmarena.com/oppo_a5_4g-13871.php,2026-08-20T13:56:36
Oppo A5 4G,OPPO,6GB,256GB,Qualcomm SM-6115 Snapdragon 6s 4G Gen1,6000.0,6.67,2025,1,4G,Android 15,https://www.gsmarena.com/oppo_a5_4g-13871.php,2026-08-20T13:56:36
Oppo A5 4G,OPPO,8GB,256GB,Qualcomm SM-6115 Snapdragon 6s 4G Gen1,6000.0,6.67,2025,1,4G,Android 15,https://www.gsmarena.com/oppo_a5_4g-13871.php,2026-08-20T13:56:36
Oppo A5x 4G,OPPO,4GB,64GB,Qualcomm SM-6115 Snapdragon 6s 4G Gen1,6000.0,6.67,2025,0,4G,Android 15,https://www.gsmarena.com/oppo_a5x-13873.php,2026-08-20T13:57:11
Oppo A5x 4G,OPPO,4GB,128GB,Qualcomm SM-6115 Snapdragon 6s 4G Gen1,6000.0,6.67,2025,0,4G,Android 15,https://www.gsmarena.com/oppo_a5x-13873.php,2026-08-20T13:57:11
Oppo A5x 4G,OPPO,6GB,128GB,Qualcomm SM-6115 Snapdragon 6s 4G Gen1,6000.0,6.67,2025,0,4G,Android 15,https://www.gsmarena.com/oppo_a5x-13873.php,2026-08-20T13:57:11
Oppo A5x 4G,OPPO,8GB,128GB,Qualcomm SM-6115 Snapdragon 6s 4G Gen1,6000.0,6.67,2025,0,4G,Android 15,https://www.gsmarena.com/oppo_a5x-13873.php,2026-08-20T13:57:11
Oppo Reno14 Pro,OPPO,12GB,256GB,Mediatek Dimensity 8450,6200.0,6.83,2025,1,5G,Android 15,https://www.gsmarena.com/oppo_reno14_pro_5g-13865.php,2026-08-20T13:57:35
Oppo Reno14 Pro,OPPO,12GB,512GB,Mediatek Dimensity 8450,6200.0,6.83,2025,1,5G,Android 15,https://www.gsmarena.com/oppo_reno14_pro_5g-13865.php,2026-08-20T13:57:35
Oppo Reno14 Pro,OPPO,16GB,512GB,Mediatek Dimensity 8450,6200.0,6.83,2025,1,5G,Android 15,https://www.gsmarena.com/oppo_reno14_pro_5g-13865.php,2026-08-20T13:57:35
Oppo Reno14 Pro,OPPO,16GB,1TB,Mediatek Dimensity 8450,6200.0,6.83,2025,1,5G,Android 15,https://www.gsmarena.com/oppo_reno14_pro_5g-13865.php,2026-08-20T13:57:35
Oppo Reno14,OPPO,8GB,256GB,Mediatek Dimensity 8350,6000.0,6.59,2025,1,5G,Android 15,https://www.gsmarena.com/oppo_reno14_5g-13866.php,2026-08-20T13:58:02
Oppo Reno14,OPPO,12GB,256GB,Mediatek Dimensity 8350,6000.0,6.59,2025,1,5G,Android 15,https://www.gsmarena.com/oppo_reno14_5g-13866.php,2026-08-20T13:58:02
Oppo Reno14,OPPO,16GB,256GB,Mediatek Dimensity 8350,6000.0,6.59,2025,1,5G,Android 15,https://www.gsmarena.com/oppo_reno14_5g-13866.php,2026-08-20T13:58:02
Oppo Reno14,OPPO,12GB,512GB,Mediatek Dimensity 8350,6000.0,6.59,2025,1,5G,Android 15,https://www.gsmarena.com/oppo_reno14_5g-13866.php,2026-08-20T13:58:02
Oppo Reno14,OPPO,16GB,512GB,Mediatek Dimensity 8350,6000.0,6.59,2025,1,5G,Android 15,https://www.gsmarena.com/oppo_reno14_5g-13866.php,2026-08-20T13:58:02
Oppo Reno14,OPPO,16GB,1TB,Mediatek Dimensity 8350,6000.0,6.59,2025,1,5G,Android 15,https://www.gsmarena.com/oppo_reno14_5g-13866.php,2026-08-20T13:58:02
Oppo K13,OPPO,6GB,128GB,Qualcomm Snapdragon 6 Gen 4,7000.0,6.67,2025,0,5G,Android 15,https://www.gsmarena.com/oppo_k13_5g-13789.php,2026-08-20T13:58:42
Oppo K13,OPPO,8GB,128GB,Qualcomm Snapdragon 6 Gen 4,7000.0,6.67,2025,0,5G,Android 15,https://www.gsmarena.com/oppo_k13_5g-13789.php,2026-08-20T13:58:42
Oppo K13,OPPO,8GB,256GB,Qualcomm Snapdragon 6 Gen 4,7000.0,6.67,2025,0,5G,Android 15,https://www.gsmarena.com/oppo_k13_5g-13789.php,2026-08-20T13:58:42
Oppo K13,OPPO,12GB,256GB,Qualcomm Snapdragon 6 Gen 4,7000.0,6.67,2025,0,5G,Android 15,https://www.gsmarena.com/oppo_k13_5g-13789.php,2026-08-20T13:58:42
Oppo K13,OPPO,12GB,512GB,Qualcomm Snapdragon 6 Gen 4,7000.0,6.67,2025,0,5G,Android 15,https://www.gsmarena.com/oppo_k13_5g-13789.php,2026-08-20T13:58:42
Oppo Find X8 Ultra,OPPO,12GB,256GB,Qualcomm SM8750-AB Snapdragon 8 Elite,6100.0,6.82,2025,1,5G,Android 15,https://www.gsmarena.com/oppo_find_x8_ultra-13753.php,2026-08-20T13:59:16
Oppo Find X8 Ultra,OPPO,16GB,512GB,Qualcomm SM8750-AB Snapdragon 8 Elite,6100.0,6.82,2025,1,5G,Android 15,https://www.gsmarena.com/oppo_find_x8_ultra-13753.php,2026-08-20T13:59:16
Oppo Find X8 Ultra,OPPO,16GB,1TB,Qualcomm SM8750-AB Snapdragon 8 Elite,6100.0,6.82,2025,1,5G,Android 15,https://www.gsmarena.com/oppo_find_x8_ultra-13753.php,2026-08-20T13:59:16
Oppo Find X8s+,OPPO,12GB,256GB,Mediatek Dimensity 9400+,6000.0,6.59,2025,1,5G,Android 15,https://www.gsmarena.com/oppo_find_x8s+_5g-13770.php,2026-08-20T13:59:50
Oppo Find X8s+,OPPO,12GB,512GB,Mediatek Dimensity 9400+,6000.0,6.59,2025,1,5G,Android 15,https://www.gsmarena.com/oppo_find_x8s+_5g-13770.php,2026-08-20T13:59:50
Oppo Find X8s+,OPPO,16GB,512GB,Mediatek Dimensity 9400+,6000.0,6.59,2025,1,5G,Android 15,https://www.gsmarena.com/oppo_find_x8s+_5g-13770.php,2026-08-20T13:59:50
Oppo Find X8s+,OPPO,16GB,1TB,Mediatek Dimensity 9400+,6000.0,6.59,2025,1,5G,Android 15,https://www.gsmarena.com/oppo_find_x8s+_5g-13770.php,2026-08-20T13:59:50
Oppo Find X8s,OPPO,12GB,256GB,Mediatek Dimensity 9400+,5700.0,6.32,2025,1,5G,Android 15,https://www.gsmarena.com/oppo_find_x8s_5g-13769.php,2026-08-20T14:00:25
Oppo Find X8s,OPPO,16GB,256GB,Mediatek Dimensity 9400+,5700.0,6.32,2025,1,5G,Android 15,https://www.gsmarena.com/oppo_find_x8s_5g-13769.php,2026-08-20T14:00:25
Oppo Find X8s,OPPO,12GB,512GB,Mediatek Dimensity 9400+,5700.0,6.32,2025,1,5G,Android 15,https://www.gsmarena.com/oppo_find_x8s_5g-13769.php,2026-08-20T14:00:25
Oppo Find X8s,OPPO,16GB,512GB,Mediatek Dimensity 9400+,5700.0,6.32,2025,1,5G,Android 15,https://www.gsmarena.com/oppo_find_x8s_5g-13769.php,2026-08-20T14:00:25
Oppo Find X8s,OPPO,16GB,1TB,Mediatek Dimensity 9400+,5700.0,6.32,2025,1,5G,Android 15,https://www.gsmarena.com/oppo_find_x8s_5g-13769.php,2026-08-20T14:00:25
Oppo F29 Pro,OPPO,8GB,128GB,Mediatek Dimensity 7300 Energy,6000.0,6.7,2025,0,5G,Android 15,https://www.gsmarena.com/oppo_f29_pro-13720.php,2026-08-20T14:01:04
Oppo F29 Pro,OPPO,8GB,256GB,Mediatek Dimensity 7300 Energy,6000.0,6.7,2025,0,5G,Android 15,https://www.gsmarena.com/oppo_f29_pro-13720.php,2026-08-20T14:01:04
Oppo F29 Pro,OPPO,12GB,256GB,Mediatek Dimensity 7300 Energy,6000.0,6.7,2025,0,5G,Android 15,https://www.gsmarena.com/oppo_f29_pro-13720.php,2026-08-20T14:01:04
Oppo F29,OPPO,8GB,128GB,Qualcomm SM6450 Snapdragon 6 Gen 1,6500.0,6.7,2025,0,5G,Android 15,https://www.gsmarena.com/oppo_f29-13722.php,2026-08-20T14:01:40
Oppo F29,OPPO,8GB,256GB,Qualcomm SM6450 Snapdragon 6 Gen 1,6500.0,6.7,2025,0,5G,Android 15,https://www.gsmarena.com/oppo_f29-13722.php,2026-08-20T14:01:40
Oppo A5 Energy,OPPO,8GB,256GB,Mediatek Dimensity 6300,5800.0,6.67,2025,1,5G,Android 15,https://www.gsmarena.com/oppo_a5_energy-13735.php,2026-08-20T14:02:01
Oppo A5 Energy,OPPO,12GB,256GB,Mediatek Dimensity 6300,5800.0,6.67,2025,1,5G,Android 15,https://www.gsmarena.com/oppo_a5_energy-13735.php,2026-08-20T14:02:01
Oppo A5 Energy,OPPO,12GB,512GB,Mediatek Dimensity 6300,5800.0,6.67,2025,1,5G,Android 15,https://www.gsmarena.com/oppo_a5_energy-13735.php,2026-08-20T14:02:01
Oppo A5 (China),OPPO,8GB,128GB,Qualcomm SM6450 Snapdragon 6 Gen 1,6500.0,6.7,2025,1,5G,Android 15,https://www.gsmarena.com/oppo_a5_(china)-13736.php,2026-08-20T14:02:22
Oppo A5 (China),OPPO,8GB,256GB,Qualcomm SM6450 Snapdragon 6 Gen 1,6500.0,6.7,2025,1,5G,Android 15,https://www.gsmarena.com/oppo_a5_(china)-13736.php,2026-08-20T14:02:22
Oppo A5 (China),OPPO,12GB,256GB,Qualcomm SM6450 Snapdragon 6 Gen 1,6500.0,6.7,2025,1,5G,Android 15,https://www.gsmarena.com/oppo_a5_(china)-13736.php,2026-08-20T14:02:22
Oppo A5 (China),OPPO,12GB,512GB,Qualcomm SM6450 Snapdragon 6 Gen 1,6500.0,6.7,2025,1,5G,Android 15,https://www.gsmarena.com/oppo_a5_(china)-13736.php,2026-08-20T14:02:22
Oppo A5 Pro 4G,OPPO,8GB,128GB,Qualcomm SM-6115 Snapdragon 6s 4G Gen1,5800.0,6.67,2025,1,4G,Android 15,https://www.gsmarena.com/oppo_a5_pro_4g-13738.php,2026-08-20T14:02:50
Oppo A5 Pro 4G,OPPO,8GB,256GB,Qualcomm SM-6115 Snapdragon 6s 4G Gen1,5800.0,6.67,2025,1,4G,Android 15,https://www.gsmarena.com/oppo_a5_pro_4g-13738.php,2026-08-20T14:02:50
Oppo A5 Pro,OPPO,6GB,128GB,Mediatek Dimensity 6300,5800.0,6.67,2025,1,5G,Android 15,https://www.gsmarena.com/oppo_a5_pro-13675.php,2026-08-20T14:03:29
Oppo A5 Pro,OPPO,8GB,128GB,Mediatek Dimensity 6300,5800.0,6.67,2025,1,5G,Android 15,https://www.gsmarena.com/oppo_a5_pro-13675.php,2026-08-20T14:03:29
Oppo A5 Pro,OPPO,8GB,256GB,Mediatek Dimensity 6300,5800.0,6.67,2025,1,5G,Android 15,https://www.gsmarena.com/oppo_a5_pro-13675.php,2026-08-20T14:03:29
Oppo A5 Pro,OPPO,12GB,256GB,Mediatek Dimensity 6300,5800.0,6.67,2025,1,5G,Android 15,https://www.gsmarena.com/oppo_a5_pro-13675.php,2026-08-20T14:03:29
Oppo Find N5,OPPO,12GB,256GB,Qualcomm SM8750-3-AB Snapdragon 8 Elite,5600.0,8.12,2025,1,5G,Android 15,https://www.gsmarena.com/oppo_find_n5-13659.php,2026-08-20T14:03:53
Oppo Find N5,OPPO,16GB,512GB,Qualcomm SM8750-3-AB Snapdragon 8 Elite,5600.0,8.12,2025,1,5G,Android 15,https://www.gsmarena.com/oppo_find_n5-13659.php,2026-08-20T14:03:53
Oppo Find N5,OPPO,16GB,1TB,Qualcomm SM8750-3-AB Snapdragon 8 Elite,5600.0,8.12,2025,1,5G,Android 15,https://www.gsmarena.com/oppo_find_n5-13659.php,2026-08-20T14:03:53
Oppo Reno13 F,OPPO,8GB,128GB,Qualcomm SM6450 Snapdragon 6 Gen 1,5800.0,6.67,2025,1,5G,Android 15,https://www.gsmarena.com/oppo_reno13_f-13607.php,2026-08-20T14:04:28
Oppo Reno13 F,OPPO,8GB,256GB,Qualcomm SM6450 Snapdragon 6 Gen 1,5800.0,6.67,2025,1,5G,Android 15,https://www.gsmarena.com/oppo_reno13_f-13607.php,2026-08-20T14:04:28
Oppo Reno13 F,OPPO,12GB,256GB,Qualcomm SM6450 Snapdragon 6 Gen 1,5800.0,6.67,2025,1,5G,Android 15,https://www.gsmarena.com/oppo_reno13_f-13607.php,2026-08-20T14:04:28
Oppo Reno13 F,OPPO,12GB,512GB,Qualcomm SM6450 Snapdragon 6 Gen 1,5800.0,6.67,2025,1,5G,Android 15,https://www.gsmarena.com/oppo_reno13_f-13607.php,2026-08-20T14:04:28
Oppo Reno13 F 4G,OPPO,8GB,256GB,Mediatek Helio G100,5800.0,6.67,2025,1,4G,Android 15,https://www.gsmarena.com/oppo_reno13_f_4g-13608.php,2026-08-20T14:04:56
Oppo Reno13 F 4G,OPPO,8GB,512GB,Mediatek Helio G100,5800.0,6.67,2025,1,4G,Android 15,https://www.gsmarena.com/oppo_reno13_f_4g-13608.php,2026-08-20T14:04:56
Oppo A5 Pro (China),OPPO,8GB,256GB,Mediatek Dimensity 7300,6000.0,6.7,2024,1,5G,Android 15,https://www.gsmarena.com/oppo_a5_pro_(china)-13491.php,2026-08-20T14:05:29
Oppo A5 Pro (China),OPPO,12GB,256GB,Mediatek Dimensity 7300,6000.0,6.7,2024,1,5G,Android 15,https://www.gsmarena.com/oppo_a5_pro_(china)-13491.php,2026-08-20T14:05:29
Oppo A5 Pro (China),OPPO,8GB,512GB,Mediatek Dimensity 7300,6000.0,6.7,2024,1,5G,Android 15,https://www.gsmarena.com/oppo_a5_pro_(china)-13491.php,2026-08-20T14:05:29
Oppo A5 Pro (China),OPPO,12GB,512GB,Mediatek Dimensity 7300,6000.0,6.7,2024,1,5G,Android 15,https://www.gsmarena.com/oppo_a5_pro_(china)-13491.php,2026-08-20T14:05:29
Oppo Reno13 Pro,OPPO,12GB,256GB,Mediatek Dimensity 8350,5800.0,6.83,2024,1,5G,Android 15,https://www.gsmarena.com/oppo_reno13_pro-13514.php,2026-08-20T14:05:59
Oppo Reno13 Pro,OPPO,12GB,512GB,Mediatek Dimensity 8350,5800.0,6.83,2024,1,5G,Android 15,https://www.gsmarena.com/oppo_reno13_pro-13514.php,2026-08-20T14:05:59
Oppo Reno13 Pro,OPPO,16GB,512GB,Mediatek Dimensity 8350,5800.0,6.83,2024,1,5G,Android 15,https://www.gsmarena.com/oppo_reno13_pro-13514.php,2026-08-20T14:05:59
Oppo Reno13 Pro,OPPO,16GB,1TB,Mediatek Dimensity 8350,5800.0,6.83,2024,1,5G,Android 15,https://www.gsmarena.com/oppo_reno13_pro-13514.php,2026-08-20T14:05:59
Oppo Reno13,OPPO,8GB,128GB,Mediatek Dimensity 8350,5600.0,6.59,2024,1,5G,Android 15,https://www.gsmarena.com/oppo_reno13-13515.php,2026-08-20T14:06:40
Oppo Reno13,OPPO,8GB,256GB,Mediatek Dimensity 8350,5600.0,6.59,2024,1,5G,Android 15,https://www.gsmarena.com/oppo_reno13-13515.php,2026-08-20T14:06:40
Oppo Reno13,OPPO,12GB,256GB,Mediatek Dimensity 8350,5600.0,6.59,2024,1,5G,Android 15,https://www.gsmarena.com/oppo_reno13-13515.php,2026-08-20T14:06:40
Oppo Reno13,OPPO,16GB,256GB,Mediatek Dimensity 8350,5600.0,6.59,2024,1,5G,Android 15,https://www.gsmarena.com/oppo_reno13-13515.php,2026-08-20T14:06:40
Oppo Reno13,OPPO,12GB,512GB,Mediatek Dimensity 8350,5600.0,6.59,2024,1,5G,Android 15,https://www.gsmarena.com/oppo_reno13-13515.php,2026-08-20T14:06:40
Oppo Reno13,OPPO,16GB,512GB,Mediatek Dimensity 8350,5600.0,6.59,2024,1,5G,Android 15,https://www.gsmarena.com/oppo_reno13-13515.php,2026-08-20T14:06:40
Oppo Reno13,OPPO,16GB,1TB,Mediatek Dimensity 8350,5600.0,6.59,2024,1,5G,Android 15,https://www.gsmarena.com/oppo_reno13-13515.php,2026-08-20T14:06:40
Oppo Find X8 Pro,OPPO,12GB,256GB,Mediatek Dimensity 9400,5910.0,6.78,2024,1,5G,Android 15,https://www.gsmarena.com/oppo_find_x8_pro-13467.php,2026-08-20T14:07:02
Oppo Find X8 Pro,OPPO,12GB,512GB,Mediatek Dimensity 9400,5910.0,6.78,2024,1,5G,Android 15,https://www.gsmarena.com/oppo_find_x8_pro-13467.php,2026-08-20T14:07:02
Oppo Find X8 Pro,OPPO,16GB,512GB,Mediatek Dimensity 9400,5910.0,6.78,2024,1,5G,Android 15,https://www.gsmarena.com/oppo_find_x8_pro-13467.php,2026-08-20T14:07:02
Oppo Find X8 Pro,OPPO,16GB,1TB,Mediatek Dimensity 9400,5910.0,6.78,2024,1,5G,Android 15,https://www.gsmarena.com/oppo_find_x8_pro-13467.php,2026-08-20T14:07:02
Oppo Find X8,OPPO,12GB,256GB,Mediatek Dimensity 9400,5630.0,6.59,2024,1,5G,Android 15,https://www.gsmarena.com/oppo_find_x8-13407.php,2026-08-20T14:07:27
Oppo Find X8,OPPO,16GB,256GB,Mediatek Dimensity 9400,5630.0,6.59,2024,1,5G,Android 15,https://www.gsmarena.com/oppo_find_x8-13407.php,2026-08-20T14:07:27
Oppo Find X8,OPPO,12GB,512GB,Mediatek Dimensity 9400,5630.0,6.59,2024,1,5G,Android 15,https://www.gsmarena.com/oppo_find_x8-13407.php,2026-08-20T14:07:27
Oppo Find X8,OPPO,16GB,512GB,Mediatek Dimensity 9400,5630.0,6.59,2024,1,5G,Android 15,https://www.gsmarena.com/oppo_find_x8-13407.php,2026-08-20T14:07:27
Oppo Find X8,OPPO,16GB,1TB,Mediatek Dimensity 9400,5630.0,6.59,2024,1,5G,Android 15,https://www.gsmarena.com/oppo_find_x8-13407.php,2026-08-20T14:07:27
Oppo K12 Plus,OPPO,8GB,256GB,Qualcomm SM7550-AB Snapdragon 7 Gen 3,6400.0,6.7,2024,1,5G,Android 14,https://www.gsmarena.com/oppo_k12_plus-13409.php,2026-08-20T14:07:49
Oppo K12 Plus,OPPO,12GB,256GB,Qualcomm SM7550-AB Snapdragon 7 Gen 3,6400.0,6.7,2024,1,5G,Android 14,https://www.gsmarena.com/oppo_k12_plus-13409.php,2026-08-20T14:07:49
Oppo K12 Plus,OPPO,12GB,512GB,Qualcomm SM7550-AB Snapdragon 7 Gen 3,6400.0,6.7,2024,1,5G,Android 14,https://www.gsmarena.com/oppo_k12_plus-13409.php,2026-08-20T14:07:49
Oppo A80,OPPO,8GB,128GB,Mediatek Dimensity 6300,5100.0,6.67,2024,1,5G,Android 14,https://www.gsmarena.com/oppo_a80-13292.php,2026-08-20T14:08:21
Oppo A80,OPPO,8GB,256GB,Mediatek Dimensity 6300,5100.0,6.67,2024,1,5G,Android 14,https://www.gsmarena.com/oppo_a80-13292.php,2026-08-20T14:08:21
Oppo A80,OPPO,12GB,256GB,Mediatek Dimensity 6300,5100.0,6.67,2024,1,5G,Android 14,https://www.gsmarena.com/oppo_a80-13292.php,2026-08-20T14:08:21
Oppo F27,OPPO,8GB,128GB,Mediatek Dimensity 6300,5000.0,6.67,2024,1,5G,Android 14,https://www.gsmarena.com/oppo_f27-13270.php,2026-08-20T14:09:01
Oppo F27,OPPO,8GB,256GB,Mediatek Dimensity 6300,5000.0,6.67,2024,1,5G,Android 14,https://www.gsmarena.com/oppo_f27-13270.php,2026-08-20T14:09:01
Oppo A3 4G,OPPO,4GB,128GB,Qualcomm SM-6115 Snapdragon 6s 4G Gen1,5100.0,6.67,2024,1,4G,Android 14,https://www.gsmarena.com/oppo_a3_4g-13275.php,2026-08-20T14:09:42
Oppo A3 4G,OPPO,6GB,128GB,Qualcomm SM-6115 Snapdragon 6s 4G Gen1,5100.0,6.67,2024,1,4G,Android 14,https://www.gsmarena.com/oppo_a3_4g-13275.php,2026-08-20T14:09:42
Oppo A3 4G,OPPO,8GB,128GB,Qualcomm SM-6115 Snapdragon 6s 4G Gen1,5100.0,6.67,2024,1,4G,Android 14,https://www.gsmarena.com/oppo_a3_4g-13275.php,2026-08-20T14:09:42
Oppo A3 4G,OPPO,4GB,256GB,Qualcomm SM-6115 Snapdragon 6s 4G Gen1,5100.0,6.67,2024,1,4G,Android 14,https://www.gsmarena.com/oppo_a3_4g-13275.php,2026-08-20T14:09:42
Oppo A3 4G,OPPO,6GB,256GB,Qualcomm SM-6115 Snapdragon 6s 4G Gen1,5100.0,6.67,2024,1,4G,Android 14,https://www.gsmarena.com/oppo_a3_4g-13275.php,2026-08-20T14:09:42
Oppo A3 4G,OPPO,8GB,256GB,Qualcomm SM-6115 Snapdragon 6s 4G Gen1,5100.0,6.67,2024,1,4G,Android 14,https://www.gsmarena.com/oppo_a3_4g-13275.php,2026-08-20T14:09:42
Oppo A3x 4G,OPPO,4GB,64GB,Qualcomm SM-6115 Snapdragon 6s 4G Gen1,5100.0,6.67,2024,0,4G,Android 14,https://www.gsmarena.com/oppo_a3x_4g-13261.php,2026-08-20T14:10:06
Oppo A3x 4G,OPPO,4GB,128GB,Qualcomm SM-6115 Snapdragon 6s 4G Gen1,5100.0,6.67,2024,0,4G,Android 14,https://www.gsmarena.com/oppo_a3x_4g-13261.php,2026-08-20T14:10:06
Oppo A3x 4G,OPPO,6GB,128GB,Qualcomm SM-6115 Snapdragon 6s 4G Gen1,5100.0,6.67,2024,0,4G,Android 14,https://www.gsmarena.com/oppo_a3x_4g-13261.php,2026-08-20T14:10:06
Oppo A3x 4G,OPPO,8GB,128GB,Qualcomm SM-6115 Snapdragon 6s 4G Gen1,5100.0,6.67,2024,0,4G,Android 14,https://www.gsmarena.com/oppo_a3x_4g-13261.php,2026-08-20T14:10:06
Oppo A3x 4G,OPPO,6GB,256GB,Qualcomm SM-6115 Snapdragon 6s 4G Gen1,5100.0,6.67,2024,0,4G,Android 14,https://www.gsmarena.com/oppo_a3x_4g-13261.php,2026-08-20T14:10:06
Oppo A3x 4G,OPPO,8GB,256GB,Qualcomm SM-6115 Snapdragon 6s 4G Gen1,5100.0,6.67,2024,0,4G,Android 14,https://www.gsmarena.com/oppo_a3x_4g-13261.php,2026-08-20T14:10:06
Oppo A3,OPPO,4GB,128GB,Mediatek Dimensity 6300,5100.0,6.67,2024,0,5G,Android 14,https://www.gsmarena.com/oppo_a3-13269.php,2026-08-20T14:10:33
Oppo A3,OPPO,6GB,128GB,Mediatek Dimensity 6300,5100.0,6.67,2024,0,5G,Android 14,https://www.gsmarena.com/oppo_a3-13269.php,2026-08-20T14:10:33
Oppo A3,OPPO,6GB,256GB,Mediatek Dimensity 6300,5100.0,6.67,2024,0,5G,Android 14,https://www.gsmarena.com/oppo_a3-13269.php,2026-08-20T14:10:33
Oppo A3,OPPO,8GB,256GB,Mediatek Dimensity 6300,5100.0,6.67,2024,0,5G,Android 14,https://www.gsmarena.com/oppo_a3-13269.php,2026-08-20T14:10:33
Oppo A3x,OPPO,4GB,64GB,Mediatek Dimensity 6300,5100.0,6.67,2024,0,5G,Android 14,https://www.gsmarena.com/oppo_a3x-13257.php,2026-08-20T14:11:08
Oppo A3x,OPPO,4GB,128GB,Mediatek Dimensity 6300,5100.0,6.67,2024,0,5G,Android 14,https://www.gsmarena.com/oppo_a3x-13257.php,2026-08-20T14:11:08
Oppo A3x (China),OPPO,4GB,128GB,Mediatek Dimensity 6300,5100.0,6.67,2024,0,5G,Android 14,https://www.gsmarena.com/oppo_a3x_(china)-13233.php,2026-08-20T14:11:45
Oppo A3x (China),OPPO,6GB,128GB,Mediatek Dimensity 6300,5100.0,6.67,2024,0,5G,Android 14,https://www.gsmarena.com/oppo_a3x_(china)-13233.php,2026-08-20T14:11:45
Oppo A3x (China),OPPO,8GB,256GB,Mediatek Dimensity 6300,5100.0,6.67,2024,0,5G,Android 14,https://www.gsmarena.com/oppo_a3x_(china)-13233.php,2026-08-20T14:11:45
Oppo A3x (China),OPPO,8GB,512GB,Mediatek Dimensity 6300,5100.0,6.67,2024,0,5G,Android 14,https://www.gsmarena.com/oppo_a3x_(china)-13233.php,2026-08-20T14:11:45
Oppo K12x,OPPO,6GB,128GB,Mediatek Dimensity 6300,5100.0,6.67,2024,0,5G,Android 14,https://www.gsmarena.com/oppo_k12x-13237.php,2026-08-20T14:12:18
Oppo K12x,OPPO,8GB,256GB,Mediatek Dimensity 6300,5100.0,6.67,2024,0,5G,Android 14,https://www.gsmarena.com/oppo_k12x-13237.php,2026-08-20T14:12:18
Oppo Reno12 F 4G,OPPO,8GB,256GB,Qualcomm SM6225 Snapdragon 685,5000.0,6.67,2024,0,4G,Android 14,https://www.gsmarena.com/oppo_reno12_f_4g-13216.php,2026-08-20T14:12:55
Oppo Reno12 F 4G,OPPO,8GB,512GB,Qualcomm SM6225 Snapdragon 685,5000.0,6.67,2024,0,4G,Android 14,https://www.gsmarena.com/oppo_reno12_f_4g-13216.php,2026-08-20T14:12:55
Oppo A3 (China),OPPO,8GB,256GB,Qualcomm SM6375 Snapdragon 695 5G,5000.0,6.7,2024,0,5G,Android 14,https://www.gsmarena.com/oppo_a3_(china)-13163.php,2026-08-20T14:13:17
Oppo A3 (China),OPPO,12GB,256GB,Qualcomm SM6375 Snapdragon 695 5G,5000.0,6.7,2024,0,5G,Android 14,https://www.gsmarena.com/oppo_a3_(china)-13163.php,2026-08-20T14:13:17
Oppo A3 (China),OPPO,12GB,512GB,Qualcomm SM6375 Snapdragon 695 5G,5000.0,6.7,2024,0,5G,Android 14,https://www.gsmarena.com/oppo_a3_(china)-13163.php,2026-08-20T14:13:17
Oppo Reno12 F,OPPO,8GB,256GB,Mediatek Dimensity 6300,5000.0,6.67,2024,1,5G,Android 14,https://www.gsmarena.com/oppo_reno12_f-13182.php,2026-08-20T14:13:39
Oppo Reno12 F,OPPO,12GB,256GB,Mediatek Dimensity 6300,5000.0,6.67,2024,1,5G,Android 14,https://www.gsmarena.com/oppo_reno12_f-13182.php,2026-08-20T14:13:39
Oppo Reno12 F,OPPO,8GB,512GB,Mediatek Dimensity 6300,5000.0,6.67,2024,1,5G,Android 14,https://www.gsmarena.com/oppo_reno12_f-13182.php,2026-08-20T14:13:39
Oppo Reno12 F,OPPO,12GB,512GB,Mediatek Dimensity 6300,5000.0,6.67,2024,1,5G,Android 14,https://www.gsmarena.com/oppo_reno12_f-13182.php,2026-08-20T14:13:39
Oppo A3 Pro,OPPO,6GB,128GB,Mediatek Dimensity 6300,5100.0,6.67,2024,1,5G,Android 14,https://www.gsmarena.com/oppo_a3_pro-13160.php,2026-08-20T14:14:01
Oppo A3 Pro,OPPO,8GB,128GB,Mediatek Dimensity 6300,5100.0,6.67,2024,1,5G,Android 14,https://www.gsmarena.com/oppo_a3_pro-13160.php,2026-08-20T14:14:01
Oppo A3 Pro,OPPO,8GB,256GB,Mediatek Dimensity 6300,5100.0,6.67,2024,1,5G,Android 14,https://www.gsmarena.com/oppo_a3_pro-13160.php,2026-08-20T14:14:01
Oppo Reno12 Pro,OPPO,12GB,256GB,Mediatek Dimensity 7300 Energy,5000.0,6.7,2024,1,5G,Android 14,https://www.gsmarena.com/oppo_reno12_pro-13132.php,2026-08-20T14:14:36
Oppo Reno12 Pro,OPPO,12GB,512GB,Mediatek Dimensity 7300 Energy,5000.0,6.7,2024,1,5G,Android 14,https://www.gsmarena.com/oppo_reno12_pro-13132.php,2026-08-20T14:14:36
Oppo Reno12,OPPO,8GB,256GB,Mediatek Dimensity 7300 Energy,5000.0,6.7,2024,1,5G,Android 14,https://www.gsmarena.com/oppo_reno12-13133.php,2026-08-20T14:15:09
Oppo Reno12,OPPO,12GB,256GB,Mediatek Dimensity 7300 Energy,5000.0,6.7,2024,1,5G,Android 14,https://www.gsmarena.com/oppo_reno12-13133.php,2026-08-20T14:15:09
Oppo Reno12,OPPO,12GB,512GB,Mediatek Dimensity 7300 Energy,5000.0,6.7,2024,1,5G,Android 14,https://www.gsmarena.com/oppo_reno12-13133.php,2026-08-20T14:15:09
vivo iQOO Z11 (India),Vivo,6GB,128GB,Mediatek Dimensity 7500 Turbo,7050.0,6.83,2026,0,5G,Android 16,https://www.gsmarena.com/vivo_iqoo_z11_5g_(india)-14886.php,2026-08-22T11:51:00
vivo iQOO Z11 (India),Vivo,8GB,128GB,Mediatek Dimensity 7500 Turbo,7050.0,6.83,2026,0,5G,Android 16,https://www.gsmarena.com/vivo_iqoo_z11_5g_(india)-14886.php,2026-08-22T11:51:00
vivo iQOO Z11 (India),Vivo,8GB,256GB,Mediatek Dimensity 7500 Turbo,7050.0,6.83,2026,0,5G,Android 16,https://www.gsmarena.com/vivo_iqoo_z11_5g_(india)-14886.php,2026-08-22T11:51:00
vivo iQOO Z11 (India),Vivo,12GB,256GB,Mediatek Dimensity 7500 Turbo,7050.0,6.83,2026,0,5G,Android 16,https://www.gsmarena.com/vivo_iqoo_z11_5g_(india)-14886.php,2026-08-22T11:51:00
vivo Y31t,Vivo,4GB,128GB,Qualcomm SM4450 Snapdragon 4 Gen 2,7200.0,6.75,2026,0,5G,Android 16,https://www.gsmarena.com/vivo_y31t_5g-14884.php,2026-08-22T11:51:29
vivo Y31t,Vivo,6GB,128GB,Qualcomm SM4450 Snapdragon 4 Gen 2,7200.0,6.75,2026,0,5G,Android 16,https://www.gsmarena.com/vivo_y31t_5g-14884.php,2026-08-22T11:51:29
vivo Y31t,Vivo,6GB,256GB,Qualcomm SM4450 Snapdragon 4 Gen 2,7200.0,6.75,2026,0,5G,Android 16,https://www.gsmarena.com/vivo_y31t_5g-14884.php,2026-08-22T11:51:29
vivo iQOO Neo11 Ultra,Vivo,12GB,256GB,MediaTek Dimensity 9500M,0.0,6.83,2026,1,5G,Android 16,https://www.gsmarena.com/vivo_iqoo_neo11_ultra_5g-14878.php,2026-08-22T11:52:04
vivo iQOO Neo11 Ultra,Vivo,16GB,256GB,MediaTek Dimensity 9500M,0.0,6.83,2026,1,5G,Android 16,https://www.gsmarena.com/vivo_iqoo_neo11_ultra_5g-14878.php,2026-08-22T11:52:04
vivo iQOO Neo11 Ultra,Vivo,12GB,512GB,MediaTek Dimensity 9500M,0.0,6.83,2026,1,5G,Android 16,https://www.gsmarena.com/vivo_iqoo_neo11_ultra_5g-14878.php,2026-08-22T11:52:04
vivo iQOO Neo11 Ultra,Vivo,16GB,512GB,MediaTek Dimensity 9500M,0.0,6.83,2026,1,5G,Android 16,https://www.gsmarena.com/vivo_iqoo_neo11_ultra_5g-14878.php,2026-08-22T11:52:04
vivo iQOO Z11S,Vivo,8GB,128GB,Mediatek Dimensity 7500,0.0,6.83,2026,1,5G,Android 16,https://www.gsmarena.com/vivo_iqoo_z11s_5g_(china)-14880.php,2026-08-22T11:52:37
vivo iQOO Z11S,Vivo,8GB,256GB,Mediatek Dimensity 7500,0.0,6.83,2026,1,5G,Android 16,https://www.gsmarena.com/vivo_iqoo_z11s_5g_(china)-14880.php,2026-08-22T11:52:37
vivo iQOO Z11S,Vivo,12GB,256GB,Mediatek Dimensity 7500,0.0,6.83,2026,1,5G,Android 16,https://www.gsmarena.com/vivo_iqoo_z11s_5g_(china)-14880.php,2026-08-22T11:52:37
vivo iQOO Z11S,Vivo,12GB,512GB,Mediatek Dimensity 7500,0.0,6.83,2026,1,5G,Android 16,https://www.gsmarena.com/vivo_iqoo_z11s_5g_(china)-14880.php,2026-08-22T11:52:37
vivo S2,Vivo,8GB,128GB,Mediatek Dimensity 7360 Turbo,7050.0,6.83,2026,0,5G,Android 16,https://www.gsmarena.com/vivo_s2_5g-14839.php,2026-08-22T11:53:04
vivo S2,Vivo,8GB,256GB,Mediatek Dimensity 7360 Turbo,7050.0,6.83,2026,0,5G,Android 16,https://www.gsmarena.com/vivo_s2_5g-14839.php,2026-08-22T11:53:04
vivo T5e,Vivo,4GB,64GB,Unisoc T7225,5500.0,6.74,2026,0,4G,Android 16,https://www.gsmarena.com/vivo_t5e-14829.php,2026-08-22T11:53:43
vivo X300 E,Vivo,12GB,256GB,Qualcomm SM8845 Snapdragon 8 Gen 5,7200.0,6.59,2026,1,5G,Android 16,https://www.gsmarena.com/vivo_x300_e_5g-14826.php,2026-08-22T11:54:04
vivo X300 E,Vivo,12GB,512GB,Qualcomm SM8845 Snapdragon 8 Gen 5,7200.0,6.59,2026,1,5G,Android 16,https://www.gsmarena.com/vivo_x300_e_5g-14826.php,2026-08-22T11:54:04
vivo iQOO Z11 Lite 44W,Vivo,4GB,128GB,Mediatek Dimensity 6300,6500.0,6.74,2026,0,5G,Android 16,https://www.gsmarena.com/vivo_iqoo_z11_lite_5g-14809.php,2026-08-22T11:54:41
vivo iQOO Z11 Lite 44W,Vivo,6GB,128GB,Mediatek Dimensity 6300,6500.0,6.74,2026,0,5G,Android 16,https://www.gsmarena.com/vivo_iqoo_z11_lite_5g-14809.php,2026-08-22T11:54:41
vivo iQOO Z11 Lite 44W,Vivo,6GB,256GB,Mediatek Dimensity 6300,6500.0,6.74,2026,0,5G,Android 16,https://www.gsmarena.com/vivo_iqoo_z11_lite_5g-14809.php,2026-08-22T11:54:41
vivo T5 Lite,Vivo,4GB,128GB,Mediatek Dimensity 6300,6500.0,6.74,2026,0,5G,Android 16,https://www.gsmarena.com/vivo_t5_lite_5g-14734.php,2026-08-22T11:55:02
vivo T5 Lite,Vivo,6GB,128GB,Mediatek Dimensity 6300,6500.0,6.74,2026,0,5G,Android 16,https://www.gsmarena.com/vivo_t5_lite_5g-14734.php,2026-08-22T11:55:02
vivo T5 Lite,Vivo,6GB,256GB,Mediatek Dimensity 6300,6500.0,6.74,2026,0,5G,Android 16,https://www.gsmarena.com/vivo_t5_lite_5g-14734.php,2026-08-22T11:55:02
vivo Y500,Vivo,8GB,128GB,Unisoc T7300,8100.0,6.83,2026,0,4G,Android 16,https://www.gsmarena.com/vivo_y500-14780.php,2026-08-22T11:55:28
vivo Y500,Vivo,8GB,256GB,Unisoc T7300,8100.0,6.83,2026,0,4G,Android 16,https://www.gsmarena.com/vivo_y500-14780.php,2026-08-22T11:55:28
vivo iQOO Z11i,Vivo,6GB,128GB,Qualcomm SM4450 Snapdragon 4 Gen 2,6500.0,6.74,2026,0,5G,Android 16,https://www.gsmarena.com/vivo_iqoo_z11i_5g-14771.php,2026-08-22T11:55:50
vivo iQOO Z11i,Vivo,8GB,128GB,Qualcomm SM4450 Snapdragon 4 Gen 2,6500.0,6.74,2026,0,5G,Android 16,https://www.gsmarena.com/vivo_iqoo_z11i_5g-14771.php,2026-08-22T11:55:50
vivo iQOO Z11i,Vivo,8GB,256GB,Qualcomm SM4450 Snapdragon 4 Gen 2,6500.0,6.74,2026,0,5G,Android 16,https://www.gsmarena.com/vivo_iqoo_z11i_5g-14771.php,2026-08-22T11:55:50
vivo X Fold6,Vivo,12GB,256GB,Mediatek Dimensity 9500 Super,7000.0,8.02,2026,1,5G,Android 16,https://www.gsmarena.com/vivo_x_fold6_5g-14748.php,2026-08-22T11:56:20
vivo X Fold6,Vivo,12GB,512GB,Mediatek Dimensity 9500 Super,7000.0,8.02,2026,1,5G,Android 16,https://www.gsmarena.com/vivo_x_fold6_5g-14748.php,2026-08-22T11:56:20
vivo X Fold6,Vivo,16GB,512GB,Mediatek Dimensity 9500 Super,7000.0,8.02,2026,1,5G,Android 16,https://www.gsmarena.com/vivo_x_fold6_5g-14748.php,2026-08-22T11:56:20
vivo X Fold6,Vivo,16GB,1TB,Mediatek Dimensity 9500 Super,7000.0,8.02,2026,1,5G,Android 16,https://www.gsmarena.com/vivo_x_fold6_5g-14748.php,2026-08-22T11:56:20
vivo V70 Lite,Vivo,8GB,256GB,Mediatek Dimensity 7400 Turbo,6500.0,6.77,2026,1,5G,Android 16,https://www.gsmarena.com/vivo_v70_lite_5g-14710.php,2026-08-22T11:56:50
vivo V70 Lite,Vivo,12GB,256GB,Mediatek Dimensity 7400 Turbo,6500.0,6.77,2026,1,5G,Android 16,https://www.gsmarena.com/vivo_v70_lite_5g-14710.php,2026-08-22T11:56:50
vivo S60,Vivo,12GB,256GB,Qualcomm SM8635 Snapdragon 8s Gen 3,7200.0,6.59,2026,1,5G,Android 16,https://www.gsmarena.com/vivo_s60_5g-14692.php,2026-08-22T11:57:15
vivo S60,Vivo,16GB,256GB,Qualcomm SM8635 Snapdragon 8s Gen 3,7200.0,6.59,2026,1,5G,Android 16,https://www.gsmarena.com/vivo_s60_5g-14692.php,2026-08-22T11:57:15
vivo S60,Vivo,12GB,512GB,Qualcomm SM8635 Snapdragon 8s Gen 3,7200.0,6.59,2026,1,5G,Android 16,https://www.gsmarena.com/vivo_s60_5g-14692.php,2026-08-22T11:57:15
vivo S60,Vivo,16GB,512GB,Qualcomm SM8635 Snapdragon 8s Gen 3,7200.0,6.59,2026,1,5G,Android 16,https://www.gsmarena.com/vivo_s60_5g-14692.php,2026-08-22T11:57:15
vivo S60e,Vivo,8GB,256GB,Mediatek Dimensity 7500,7200.0,6.59,2026,1,5G,Android 16,https://www.gsmarena.com/vivo_s60_vitality_5g-14693.php,2026-08-22T11:57:54
vivo S60e,Vivo,12GB,256GB,Mediatek Dimensity 7500,7200.0,6.59,2026,1,5G,Android 16,https://www.gsmarena.com/vivo_s60_vitality_5g-14693.php,2026-08-22T11:57:54
vivo S60e,Vivo,12GB,512GB,Mediatek Dimensity 7500,7200.0,6.59,2026,1,5G,Android 16,https://www.gsmarena.com/vivo_s60_vitality_5g-14693.php,2026-08-22T11:57:54
vivo T5,Vivo,6GB,128GB,Qualcomm Snapdragon 6s 4G Gen 2,7200.0,6.75,2026,0,4G,Android 16,https://www.gsmarena.com/vivo_t5-14697.php,2026-08-22T11:58:31
vivo T5,Vivo,8GB,128GB,Qualcomm Snapdragon 6s 4G Gen 2,7200.0,6.75,2026,0,4G,Android 16,https://www.gsmarena.com/vivo_t5-14697.php,2026-08-22T11:58:31
vivo T5,Vivo,6GB,256GB,Qualcomm Snapdragon 6s 4G Gen 2,7200.0,6.75,2026,0,4G,Android 16,https://www.gsmarena.com/vivo_t5-14697.php,2026-08-22T11:58:31
vivo T5,Vivo,8GB,256GB,Qualcomm Snapdragon 6s 4G Gen 2,7200.0,6.75,2026,0,4G,Android 16,https://www.gsmarena.com/vivo_t5-14697.php,2026-08-22T11:58:31
vivo Y600 Turbo,Vivo,8GB,256GB,Qualcomm SM7635-AC Snapdragon 7s Gen 4,0.0,6.83,2026,1,5G,Android 16,https://www.gsmarena.com/vivo_y600_turbo_5g-14687.php,2026-08-22T11:59:05
vivo Y600 Turbo,Vivo,12GB,256GB,Qualcomm SM7635-AC Snapdragon 7s Gen 4,0.0,6.83,2026,1,5G,Android 16,https://www.gsmarena.com/vivo_y600_turbo_5g-14687.php,2026-08-22T11:59:05
vivo Y600 Turbo,Vivo,12GB,512GB,Qualcomm SM7635-AC Snapdragon 7s Gen 4,0.0,6.83,2026,1,5G,Android 16,https://www.gsmarena.com/vivo_y600_turbo_5g-14687.php,2026-08-22T11:59:05
vivo iQOO 15T,Vivo,12GB,256GB,MediaTek Dimensity 9500 Monster,8000.0,6.82,2026,1,5G,Android 16,https://www.gsmarena.com/vivo_iqoo_15t_5g-14661.php,2026-08-22T11:59:32
vivo iQOO 15T,Vivo,16GB,256GB,MediaTek Dimensity 9500 Monster,8000.0,6.82,2026,1,5G,Android 16,https://www.gsmarena.com/vivo_iqoo_15t_5g-14661.php,2026-08-22T11:59:32
vivo iQOO 15T,Vivo,12GB,512GB,MediaTek Dimensity 9500 Monster,8000.0,6.82,2026,1,5G,Android 16,https://www.gsmarena.com/vivo_iqoo_15t_5g-14661.php,2026-08-22T11:59:32
vivo iQOO 15T,Vivo,16GB,512GB,MediaTek Dimensity 9500 Monster,8000.0,6.82,2026,1,5G,Android 16,https://www.gsmarena.com/vivo_iqoo_15t_5g-14661.php,2026-08-22T11:59:32
vivo iQOO 15T,Vivo,16GB,1TB,MediaTek Dimensity 9500 Monster,8000.0,6.82,2026,1,5G,Android 16,https://www.gsmarena.com/vivo_iqoo_15t_5g-14661.php,2026-08-22T11:59:32
vivo iQOO Z11,Vivo,8GB,128GB,Qualcomm Snapdragon 7s Gen 4,0.0,6.83,2026,1,5G,Android 16,https://www.gsmarena.com/vivo_iqoo_z11_5g-14654.php,2026-08-22T12:00:07
vivo iQOO Z11,Vivo,8GB,256GB,Qualcomm Snapdragon 7s Gen 4,0.0,6.83,2026,1,5G,Android 16,https://www.gsmarena.com/vivo_iqoo_z11_5g-14654.php,2026-08-22T12:00:07
vivo iQOO Z11,Vivo,12GB,256GB,Qualcomm Snapdragon 7s Gen 4,0.0,6.83,2026,1,5G,Android 16,https://www.gsmarena.com/vivo_iqoo_z11_5g-14654.php,2026-08-22T12:00:07
vivo Y600 Pro,Vivo,8GB,128GB,Mediatek Dimensity 7300e,0.0,6.83,2026,1,5G,Android 16,https://www.gsmarena.com/vivo_y600_pro_5g_(china)-14634.php,2026-08-22T12:00:46
vivo Y600 Pro,Vivo,8GB,256GB,Mediatek Dimensity 7300e,0.0,6.83,2026,1,5G,Android 16,https://www.gsmarena.com/vivo_y600_pro_5g_(china)-14634.php,2026-08-22T12:00:46
vivo Y600 Pro,Vivo,12GB,256GB,Mediatek Dimensity 7300e,0.0,6.83,2026,1,5G,Android 16,https://www.gsmarena.com/vivo_y600_pro_5g_(china)-14634.php,2026-08-22T12:00:46
vivo Y600 Pro,Vivo,8GB,512GB,Mediatek Dimensity 7300e,0.0,6.83,2026,1,5G,Android 16,https://www.gsmarena.com/vivo_y600_pro_5g_(china)-14634.php,2026-08-22T12:00:46
vivo Y600 Pro,Vivo,12GB,512GB,Mediatek Dimensity 7300e,0.0,6.83,2026,1,5G,Android 16,https://www.gsmarena.com/vivo_y600_pro_5g_(china)-14634.php,2026-08-22T12:00:46
vivo Y500s,Vivo,6GB,256GB,Qualcomm SM4450 Snapdragon 4 Gen 2,7200.0,6.75,2026,1,5G,Android 16,https://www.gsmarena.com/vivo_y500s_5g-14631.php,2026-08-22T12:01:15
vivo Y500s,Vivo,8GB,256GB,Qualcomm SM4450 Snapdragon 4 Gen 2,7200.0,6.75,2026,1,5G,Android 16,https://www.gsmarena.com/vivo_y500s_5g-14631.php,2026-08-22T12:01:15
vivo Y500s,Vivo,12GB,256GB,Qualcomm SM4450 Snapdragon 4 Gen 2,7200.0,6.75,2026,1,5G,Android 16,https://www.gsmarena.com/vivo_y500s_5g-14631.php,2026-08-22T12:01:15
vivo Y500s,Vivo,8GB,512GB,Qualcomm SM4450 Snapdragon 4 Gen 2,7200.0,6.75,2026,1,5G,Android 16,https://www.gsmarena.com/vivo_y500s_5g-14631.php,2026-08-22T12:01:15
vivo Y6,Vivo,8GB,128GB,Qualcomm SM4450 Snapdragon 4 Gen 2,7200.0,6.75,2026,1,5G,Android 16,https://www.gsmarena.com/vivo_y6_5g-14632.php,2026-08-22T12:01:53
vivo Y6,Vivo,8GB,256GB,Qualcomm SM4450 Snapdragon 4 Gen 2,7200.0,6.75,2026,1,5G,Android 16,https://www.gsmarena.com/vivo_y6_5g-14632.php,2026-08-22T12:01:53
vivo Y6,Vivo,12GB,256GB,Qualcomm SM4450 Snapdragon 4 Gen 2,7200.0,6.75,2026,1,5G,Android 16,https://www.gsmarena.com/vivo_y6_5g-14632.php,2026-08-22T12:01:53
vivo Y6t,Vivo,6GB,128GB,Qualcomm SM4450 Snapdragon 4 Gen 2,6500.0,6.74,2026,0,5G,Android 16,https://www.gsmarena.com/vivo_y6t_5g-14649.php,2026-08-22T12:02:33
vivo Y6t,Vivo,8GB,128GB,Qualcomm SM4450 Snapdragon 4 Gen 2,6500.0,6.74,2026,0,5G,Android 16,https://www.gsmarena.com/vivo_y6t_5g-14649.php,2026-08-22T12:02:33
vivo Y6t,Vivo,6GB,256GB,Qualcomm SM4450 Snapdragon 4 Gen 2,6500.0,6.74,2026,0,5G,Android 16,https://www.gsmarena.com/vivo_y6t_5g-14649.php,2026-08-22T12:02:33
vivo Y60,Vivo,6GB,128GB,Qualcomm SM4450 Snapdragon 4 Gen 2,6500.0,6.74,2026,0,5G,Android 16,https://www.gsmarena.com/vivo_y60_5g-14633.php,2026-08-22T12:02:55
vivo Y60,Vivo,6GB,256GB,Qualcomm SM4450 Snapdragon 4 Gen 2,6500.0,6.74,2026,0,5G,Android 16,https://www.gsmarena.com/vivo_y60_5g-14633.php,2026-08-22T12:02:55
vivo Y60,Vivo,8GB,256GB,Qualcomm SM4450 Snapdragon 4 Gen 2,6500.0,6.74,2026,0,5G,Android 16,https://www.gsmarena.com/vivo_y60_5g-14633.php,2026-08-22T12:02:55
vivo X300 FE,Vivo,12GB,256GB,Qualcomm SM8845 Snapdragon 8 Gen 5,6500.0,6.31,2026,1,5G,Android 16,https://www.gsmarena.com/vivo_x300_fe_5g-14491.php,2026-08-22T12:03:18
vivo X300 FE,Vivo,12GB,512GB,Qualcomm SM8845 Snapdragon 8 Gen 5,6500.0,6.31,2026,1,5G,Android 16,https://www.gsmarena.com/vivo_x300_fe_5g-14491.php,2026-08-22T12:03:18
vivo T5 Pro,Vivo,8GB,128GB,Qualcomm Snapdragon 7s Gen 4,0.0,6.83,2026,0,5G,Android 16,https://www.gsmarena.com/vivo_t5_pro_5g-14599.php,2026-08-22T12:03:46
vivo T5 Pro,Vivo,8GB,256GB,Qualcomm Snapdragon 7s Gen 4,0.0,6.83,2026,0,5G,Android 16,https://www.gsmarena.com/vivo_t5_pro_5g-14599.php,2026-08-22T12:03:46
vivo T5 Pro,Vivo,12GB,256GB,Qualcomm Snapdragon 7s Gen 4,0.0,6.83,2026,0,5G,Android 16,https://www.gsmarena.com/vivo_t5_pro_5g-14599.php,2026-08-22T12:03:46
vivo X300 Ultra,Vivo,12GB,256GB,Qualcomm SM8850-AC Snapdragon 8 Elite Gen 5,6600.0,6.82,2026,1,5G,Android 16,https://www.gsmarena.com/vivo_x300_ultra_5g-14388.php,2026-08-22T12:04:19
vivo X300 Ultra,Vivo,12GB,512GB,Qualcomm SM8850-AC Snapdragon 8 Elite Gen 5,6600.0,6.82,2026,1,5G,Android 16,https://www.gsmarena.com/vivo_x300_ultra_5g-14388.php,2026-08-22T12:04:19
vivo X300 Ultra,Vivo,16GB,512GB,Qualcomm SM8850-AC Snapdragon 8 Elite Gen 5,6600.0,6.82,2026,1,5G,Android 16,https://www.gsmarena.com/vivo_x300_ultra_5g-14388.php,2026-08-22T12:04:19
vivo X300 Ultra,Vivo,16GB,1TB,Qualcomm SM8850-AC Snapdragon 8 Elite Gen 5,6600.0,6.82,2026,1,5G,Android 16,https://www.gsmarena.com/vivo_x300_ultra_5g-14388.php,2026-08-22T12:04:19
vivo X300s,Vivo,12GB,256GB,Mediatek Dimensity 9500,7100.0,6.78,2026,1,5G,Android 16,https://www.gsmarena.com/vivo_x300s_5g-14557.php,2026-08-22T12:04:48
vivo X300s,Vivo,12GB,512GB,Mediatek Dimensity 9500,7100.0,6.78,2026,1,5G,Android 16,https://www.gsmarena.com/vivo_x300s_5g-14557.php,2026-08-22T12:04:48
vivo X300s,Vivo,16GB,512GB,Mediatek Dimensity 9500,7100.0,6.78,2026,1,5G,Android 16,https://www.gsmarena.com/vivo_x300s_5g-14557.php,2026-08-22T12:04:48
vivo X300s,Vivo,16GB,1TB,Mediatek Dimensity 9500,7100.0,6.78,2026,1,5G,Android 16,https://www.gsmarena.com/vivo_x300s_5g-14557.php,2026-08-22T12:04:48
vivo iQOO Z11 (China),Vivo,8GB,256GB,Mediatek Dimensity 8500,0.0,6.83,2026,1,5G,Android 16,https://www.gsmarena.com/vivo_iqoo_z11_5g_(china)-14562.php,2026-08-22T12:05:20
vivo iQOO Z11 (China),Vivo,12GB,256GB,Mediatek Dimensity 8500,0.0,6.83,2026,1,5G,Android 16,https://www.gsmarena.com/vivo_iqoo_z11_5g_(china)-14562.php,2026-08-22T12:05:20
vivo iQOO Z11 (China),Vivo,16GB,256GB,Mediatek Dimensity 8500,0.0,6.83,2026,1,5G,Android 16,https://www.gsmarena.com/vivo_iqoo_z11_5g_(china)-14562.php,2026-08-22T12:05:20
vivo iQOO Z11 (China),Vivo,12GB,512GB,Mediatek Dimensity 8500,0.0,6.83,2026,1,5G,Android 16,https://www.gsmarena.com/vivo_iqoo_z11_5g_(china)-14562.php,2026-08-22T12:05:20
vivo iQOO Z11 (China),Vivo,16GB,512GB,Mediatek Dimensity 8500,0.0,6.83,2026,1,5G,Android 16,https://www.gsmarena.com/vivo_iqoo_z11_5g_(china)-14562.php,2026-08-22T12:05:20
vivo iQOO Z11x (China),Vivo,8GB,256GB,Mediatek Dimensity 7400,7200.0,6.76,2026,1,5G,Android 16,https://www.gsmarena.com/vivo_iqoo_z11x_5g_(china)-14563.php,2026-08-22T12:05:56
vivo iQOO Z11x (China),Vivo,12GB,256GB,Mediatek Dimensity 7400,7200.0,6.76,2026,1,5G,Android 16,https://www.gsmarena.com/vivo_iqoo_z11x_5g_(china)-14563.php,2026-08-22T12:05:56
vivo iQOO Z11x (China),Vivo,8GB,512GB,Mediatek Dimensity 7400,7200.0,6.76,2026,1,5G,Android 16,https://www.gsmarena.com/vivo_iqoo_z11x_5g_(china)-14563.php,2026-08-22T12:05:56
vivo iQOO Z11x (China),Vivo,12GB,512GB,Mediatek Dimensity 7400,7200.0,6.76,2026,1,5G,Android 16,https://www.gsmarena.com/vivo_iqoo_z11x_5g_(china)-14563.php,2026-08-22T12:05:56
vivo Y21,Vivo,4GB,128GB,Mediatek Dimensity 6300,6500.0,6.74,2026,0,5G,Android 16,https://www.gsmarena.com/vivo_y21_5g-14561.php,2026-08-22T12:06:24
vivo Y21,Vivo,6GB,128GB,Mediatek Dimensity 6300,6500.0,6.74,2026,0,5G,Android 16,https://www.gsmarena.com/vivo_y21_5g-14561.php,2026-08-22T12:06:24
vivo Y21,Vivo,8GB,128GB,Mediatek Dimensity 6300,6500.0,6.74,2026,0,5G,Android 16,https://www.gsmarena.com/vivo_y21_5g-14561.php,2026-08-22T12:06:24
vivo Y21,Vivo,6GB,256GB,Mediatek Dimensity 6300,6500.0,6.74,2026,0,5G,Android 16,https://www.gsmarena.com/vivo_y21_5g-14561.php,2026-08-22T12:06:24
vivo Y21,Vivo,8GB,256GB,Mediatek Dimensity 6300,6500.0,6.74,2026,0,5G,Android 16,https://www.gsmarena.com/vivo_y21_5g-14561.php,2026-08-22T12:06:24
vivo Y11,Vivo,4GB,64GB,Mediatek Dimensity 6300,6500.0,6.74,2026,0,5G,Android 16,https://www.gsmarena.com/vivo_y11_5g-14564.php,2026-08-22T12:06:57
vivo Y11,Vivo,4GB,128GB,Mediatek Dimensity 6300,6500.0,6.74,2026,0,5G,Android 16,https://www.gsmarena.com/vivo_y11_5g-14564.php,2026-08-22T12:06:57
vivo Y11,Vivo,4GB,256GB,Mediatek Dimensity 6300,6500.0,6.74,2026,0,5G,Android 16,https://www.gsmarena.com/vivo_y11_5g-14564.php,2026-08-22T12:06:57
vivo T5x,Vivo,6GB,128GB,Mediatek Dimensity 7400 Turbo,7200.0,6.76,2026,0,5G,Android 16,https://www.gsmarena.com/vivo_t5x_5g-14536.php,2026-08-22T12:07:20
vivo T5x,Vivo,8GB,128GB,Mediatek Dimensity 7400 Turbo,7200.0,6.76,2026,0,5G,Android 16,https://www.gsmarena.com/vivo_t5x_5g-14536.php,2026-08-22T12:07:20
vivo T5x,Vivo,8GB,256GB,Mediatek Dimensity 7400 Turbo,7200.0,6.76,2026,0,5G,Android 16,https://www.gsmarena.com/vivo_t5x_5g-14536.php,2026-08-22T12:07:20
vivo iQOO Z11x,Vivo,6GB,128GB,Mediatek Dimensity 7400 Turbo,7200.0,6.76,2026,1,5G,Android 16,https://www.gsmarena.com/vivo_iqoo_z11x_5g-14531.php,2026-08-22T12:07:46
vivo iQOO Z11x,Vivo,8GB,128GB,Mediatek Dimensity 7400 Turbo,7200.0,6.76,2026,1,5G,Android 16,https://www.gsmarena.com/vivo_iqoo_z11x_5g-14531.php,2026-08-22T12:07:46
vivo iQOO Z11x,Vivo,8GB,256GB,Mediatek Dimensity 7400 Turbo,7200.0,6.76,2026,1,5G,Android 16,https://www.gsmarena.com/vivo_iqoo_z11x_5g-14531.php,2026-08-22T12:07:46
vivo iQOO Z11x,Vivo,12GB,256GB,Mediatek Dimensity 7400 Turbo,7200.0,6.76,2026,1,5G,Android 16,https://www.gsmarena.com/vivo_iqoo_z11x_5g-14531.php,2026-08-22T12:07:46
vivo iQOO Z11x,Vivo,12GB,512GB,Mediatek Dimensity 7400 Turbo,7200.0,6.76,2026,1,5G,Android 16,https://www.gsmarena.com/vivo_iqoo_z11x_5g-14531.php,2026-08-22T12:07:46
vivo Y51 Pro,Vivo,8GB,128GB,Mediatek Dimensity 7360 Turbo,7200.0,6.75,2026,0,5G,Android 16,https://www.gsmarena.com/vivo_y51_pro_5g-14539.php,2026-08-22T12:08:18
vivo Y51 Pro,Vivo,8GB,256GB,Mediatek Dimensity 7360 Turbo,7200.0,6.75,2026,0,5G,Android 16,https://www.gsmarena.com/vivo_y51_pro_5g-14539.php,2026-08-22T12:08:18
vivo V70 FE,Vivo,8GB,128GB,Mediatek Dimensity 7360 Turbo,7000.0,6.83,2026,1,5G,Android 16,https://www.gsmarena.com/vivo_v70_fe_5g-14504.php,2026-08-22T12:08:42
vivo V70 FE,Vivo,8GB,256GB,Mediatek Dimensity 7360 Turbo,7000.0,6.83,2026,1,5G,Android 16,https://www.gsmarena.com/vivo_v70_fe_5g-14504.php,2026-08-22T12:08:42
vivo V70 FE,Vivo,12GB,256GB,Mediatek Dimensity 7360 Turbo,7000.0,6.83,2026,1,5G,Android 16,https://www.gsmarena.com/vivo_v70_fe_5g-14504.php,2026-08-22T12:08:42
vivo V70 FE,Vivo,8GB,512GB,Mediatek Dimensity 7360 Turbo,7000.0,6.83,2026,1,5G,Android 16,https://www.gsmarena.com/vivo_v70_fe_5g-14504.php,2026-08-22T12:08:42
vivo X300 FE (Russia),Vivo,12GB,256GB,Qualcomm SM8845 Snapdragon 8 Gen 5,6500.0,6.31,2026,1,5G,Android 16,https://www.gsmarena.com/vivo_x300_fe_5g_(russia)-14603.php,2026-08-22T12:09:14
vivo X300 FE (Russia),Vivo,12GB,512GB,Qualcomm SM8845 Snapdragon 8 Gen 5,6500.0,6.31,2026,1,5G,Android 16,https://www.gsmarena.com/vivo_x300_fe_5g_(russia)-14603.php,2026-08-22T12:09:14
vivo iQOO 15R,Vivo,8GB,256GB,Qualcomm SM8845 Snapdragon 8 Gen 5,7600.0,6.59,2026,1,5G,Android 16,https://www.gsmarena.com/vivo_iqoo_15r_5g-14483.php,2026-08-22T12:09:54
vivo iQOO 15R,Vivo,12GB,256GB,Qualcomm SM8845 Snapdragon 8 Gen 5,7600.0,6.59,2026,1,5G,Android 16,https://www.gsmarena.com/vivo_iqoo_15r_5g-14483.php,2026-08-22T12:09:54
vivo iQOO 15R,Vivo,12GB,512GB,Qualcomm SM8845 Snapdragon 8 Gen 5,7600.0,6.59,2026,1,5G,Android 16,https://www.gsmarena.com/vivo_iqoo_15r_5g-14483.php,2026-08-22T12:09:54
vivo Y05,Vivo,4GB,64GB,Unisoc T7225,6500.0,6.74,2026,0,4G,Android 16,https://www.gsmarena.com/vivo_y05-14510.php,2026-08-22T12:10:26
vivo Y05,Vivo,4GB,128GB,Unisoc T7225,6500.0,6.74,2026,0,4G,Android 16,https://www.gsmarena.com/vivo_y05-14510.php,2026-08-22T12:10:26
vivo V70 Elite,Vivo,8GB,256GB,Qualcomm SM8635 Snapdragon 8s Gen 3,6500.0,6.59,2026,1,5G,Android 16,https://www.gsmarena.com/vivo_v70_elite_5g-14446.php,2026-08-22T12:10:52
vivo V70 Elite,Vivo,12GB,256GB,Qualcomm SM8635 Snapdragon 8s Gen 3,6500.0,6.59,2026,1,5G,Android 16,https://www.gsmarena.com/vivo_v70_elite_5g-14446.php,2026-08-22T12:10:52
vivo V70 Elite,Vivo,12GB,512GB,Qualcomm SM8635 Snapdragon 8s Gen 3,6500.0,6.59,2026,1,5G,Android 16,https://www.gsmarena.com/vivo_v70_elite_5g-14446.php,2026-08-22T12:10:52
vivo V70,Vivo,8GB,256GB,Qualcomm SM7750-AB Snapdragon 7 Gen 4,6500.0,6.59,2026,1,5G,Android 16,https://www.gsmarena.com/vivo_v70_5g-14505.php,2026-08-22T12:11:33
vivo V70,Vivo,12GB,256GB,Qualcomm SM7750-AB Snapdragon 7 Gen 4,6500.0,6.59,2026,1,5G,Android 16,https://www.gsmarena.com/vivo_v70_5g-14505.php,2026-08-22T12:11:33
vivo V70,Vivo,8GB,512GB,Qualcomm SM7750-AB Snapdragon 7 Gen 4,6500.0,6.59,2026,1,5G,Android 16,https://www.gsmarena.com/vivo_v70_5g-14505.php,2026-08-22T12:11:33
vivo V70,Vivo,12GB,512GB,Qualcomm SM7750-AB Snapdragon 7 Gen 4,6500.0,6.59,2026,1,5G,Android 16,https://www.gsmarena.com/vivo_v70_5g-14505.php,2026-08-22T12:11:33
vivo iQOO 15 Ultra,Vivo,16GB,256GB,Qualcomm SM8850-AC Snapdragon 8 Elite Gen 5,7400.0,6.85,2026,1,5G,Android 16,https://www.gsmarena.com/vivo_iqoo_15_ultra_5g-14445.php,2026-08-22T12:12:08
vivo iQOO 15 Ultra,Vivo,16GB,512GB,Qualcomm SM8850-AC Snapdragon 8 Elite Gen 5,7400.0,6.85,2026,1,5G,Android 16,https://www.gsmarena.com/vivo_iqoo_15_ultra_5g-14445.php,2026-08-22T12:12:08
vivo iQOO 15 Ultra,Vivo,16GB,1TB,Qualcomm SM8850-AC Snapdragon 8 Elite Gen 5,7400.0,6.85,2026,1,5G,Android 16,https://www.gsmarena.com/vivo_iqoo_15_ultra_5g-14445.php,2026-08-22T12:12:08
vivo iQOO 15 Ultra,Vivo,24GB,1TB,Qualcomm SM8850-AC Snapdragon 8 Elite Gen 5,7400.0,6.85,2026,1,5G,Android 16,https://www.gsmarena.com/vivo_iqoo_15_ultra_5g-14445.php,2026-08-22T12:12:08
vivo X200T,Vivo,12GB,256GB,Mediatek Dimensity 9400+,6200.0,6.67,2026,1,5G,Android 16,https://www.gsmarena.com/vivo_x200t_5g-14366.php,2026-08-22T12:12:39
vivo X200T,Vivo,12GB,512GB,Mediatek Dimensity 9400+,6200.0,6.67,2026,1,5G,Android 16,https://www.gsmarena.com/vivo_x200t_5g-14366.php,2026-08-22T12:12:39
vivo iQOO Z11 Turbo,Vivo,12GB,256GB,Qualcomm SM8845 Snapdragon 8 Gen 5,7600.0,6.59,2026,1,5G,Android 16,https://www.gsmarena.com/vivo_iqoo_z11_turbo_5g-14392.php,2026-08-22T12:13:01
vivo iQOO Z11 Turbo,Vivo,16GB,256GB,Qualcomm SM8845 Snapdragon 8 Gen 5,7600.0,6.59,2026,1,5G,Android 16,https://www.gsmarena.com/vivo_iqoo_z11_turbo_5g-14392.php,2026-08-22T12:13:01
vivo iQOO Z11 Turbo,Vivo,12GB,512GB,Qualcomm SM8845 Snapdragon 8 Gen 5,7600.0,6.59,2026,1,5G,Android 16,https://www.gsmarena.com/vivo_iqoo_z11_turbo_5g-14392.php,2026-08-22T12:13:01
vivo iQOO Z11 Turbo,Vivo,16GB,512GB,Qualcomm SM8845 Snapdragon 8 Gen 5,7600.0,6.59,2026,1,5G,Android 16,https://www.gsmarena.com/vivo_iqoo_z11_turbo_5g-14392.php,2026-08-22T12:13:01
vivo iQOO Z11 Turbo,Vivo,16GB,1TB,Qualcomm SM8845 Snapdragon 8 Gen 5,7600.0,6.59,2026,1,5G,Android 16,https://www.gsmarena.com/vivo_iqoo_z11_turbo_5g-14392.php,2026-08-22T12:13:01
vivo Y31d,Vivo,6GB,128GB,Qualcomm Snapdragon 6s 4G Gen 2,7200.0,6.75,2026,0,4G,Android 16,https://www.gsmarena.com/vivo_y31d-14450.php,2026-08-22T12:13:31
vivo Y31d,Vivo,8GB,128GB,Qualcomm Snapdragon 6s 4G Gen 2,7200.0,6.75,2026,0,4G,Android 16,https://www.gsmarena.com/vivo_y31d-14450.php,2026-08-22T12:13:31
vivo Y31d,Vivo,6GB,256GB,Qualcomm Snapdragon 6s 4G Gen 2,7200.0,6.75,2026,0,4G,Android 16,https://www.gsmarena.com/vivo_y31d-14450.php,2026-08-22T12:13:31
vivo Y31d,Vivo,8GB,256GB,Qualcomm Snapdragon 6s 4G Gen 2,7200.0,6.75,2026,0,4G,Android 16,https://www.gsmarena.com/vivo_y31d-14450.php,2026-08-22T12:13:31
vivo Y500i,Vivo,8GB,128GB,Qualcomm SM4450 Snapdragon 4 Gen 2,7200.0,6.75,2026,1,5G,Android 16,https://www.gsmarena.com/vivo_y500i_5g-14407.php,2026-08-22T12:13:55
vivo Y500i,Vivo,8GB,256GB,Qualcomm SM4450 Snapdragon 4 Gen 2,7200.0,6.75,2026,1,5G,Android 16,https://www.gsmarena.com/vivo_y500i_5g-14407.php,2026-08-22T12:13:55
vivo Y500i,Vivo,12GB,256GB,Qualcomm SM4450 Snapdragon 4 Gen 2,7200.0,6.75,2026,1,5G,Android 16,https://www.gsmarena.com/vivo_y500i_5g-14407.php,2026-08-22T12:13:55
vivo Y500i,Vivo,8GB,512GB,Qualcomm SM4450 Snapdragon 4 Gen 2,7200.0,6.75,2026,1,5G,Android 16,https://www.gsmarena.com/vivo_y500i_5g-14407.php,2026-08-22T12:13:55
vivo Y500i,Vivo,12GB,512GB,Qualcomm SM4450 Snapdragon 4 Gen 2,7200.0,6.75,2026,1,5G,Android 16,https://www.gsmarena.com/vivo_y500i_5g-14407.php,2026-08-22T12:13:55
vivo S50 Pro mini,Vivo,12GB,256GB,Qualcomm SM8845 Snapdragon 8 Gen 5,6500.0,6.31,2025,1,5G,Android 16,https://www.gsmarena.com/vivo_s50_pro_mini_5g-14356.php,2026-08-22T12:14:18
vivo S50 Pro mini,Vivo,12GB,512GB,Qualcomm SM8845 Snapdragon 8 Gen 5,6500.0,6.31,2025,1,5G,Android 16,https://www.gsmarena.com/vivo_s50_pro_mini_5g-14356.php,2026-08-22T12:14:18
vivo S50 Pro mini,Vivo,16GB,512GB,Qualcomm SM8845 Snapdragon 8 Gen 5,6500.0,6.31,2025,1,5G,Android 16,https://www.gsmarena.com/vivo_s50_pro_mini_5g-14356.php,2026-08-22T12:14:18
vivo S50,Vivo,12GB,256GB,Qualcomm SM8635 Snapdragon 8s Gen 3,6500.0,6.59,2025,1,5G,Android 16,https://www.gsmarena.com/vivo_s50_5g-14353.php,2026-08-22T12:14:49
vivo S50,Vivo,16GB,256GB,Qualcomm SM8635 Snapdragon 8s Gen 3,6500.0,6.59,2025,1,5G,Android 16,https://www.gsmarena.com/vivo_s50_5g-14353.php,2026-08-22T12:14:49
vivo S50,Vivo,12GB,512GB,Qualcomm SM8635 Snapdragon 8s Gen 3,6500.0,6.59,2025,1,5G,Android 16,https://www.gsmarena.com/vivo_s50_5g-14353.php,2026-08-22T12:14:49
vivo S50,Vivo,16GB,512GB,Qualcomm SM8635 Snapdragon 8s Gen 3,6500.0,6.59,2025,1,5G,Android 16,https://www.gsmarena.com/vivo_s50_5g-14353.php,2026-08-22T12:14:49
vivo Y500 Pro,Vivo,8GB,128GB,Mediatek Dimensity 7400,7000.0,6.67,2025,1,5G,Android 16,https://www.gsmarena.com/vivo_y500_pro_5g_(china)-14278.php,2026-08-22T12:15:22
vivo Y500 Pro,Vivo,8GB,256GB,Mediatek Dimensity 7400,7000.0,6.67,2025,1,5G,Android 16,https://www.gsmarena.com/vivo_y500_pro_5g_(china)-14278.php,2026-08-22T12:15:22
vivo Y500 Pro,Vivo,12GB,256GB,Mediatek Dimensity 7400,7000.0,6.67,2025,1,5G,Android 16,https://www.gsmarena.com/vivo_y500_pro_5g_(china)-14278.php,2026-08-22T12:15:22
vivo Y500 Pro,Vivo,12GB,512GB,Mediatek Dimensity 7400,7000.0,6.67,2025,1,5G,Android 16,https://www.gsmarena.com/vivo_y500_pro_5g_(china)-14278.php,2026-08-22T12:15:22
vivo Y21d,Vivo,4GB,128GB,Unisoc T7225,6500.0,6.68,2025,0,4G,Android 15,https://www.gsmarena.com/vivo_y21d-14508.php,2026-08-22T12:15:50
vivo Y21d,Vivo,6GB,128GB,Unisoc T7225,6500.0,6.68,2025,0,4G,Android 15,https://www.gsmarena.com/vivo_y21d-14508.php,2026-08-22T12:15:50
vivo Y21d,Vivo,8GB,128GB,Unisoc T7225,6500.0,6.68,2025,0,4G,Android 15,https://www.gsmarena.com/vivo_y21d-14508.php,2026-08-22T12:15:50
vivo Y21d,Vivo,6GB,256GB,Unisoc T7225,6500.0,6.68,2025,0,4G,Android 15,https://www.gsmarena.com/vivo_y21d-14508.php,2026-08-22T12:15:50
vivo Y19s,Vivo,4GB,64GB,Mediatek Dimensity 6300,6000.0,6.74,2025,0,5G,Android 15,https://www.gsmarena.com/vivo_y19s_5g-14276.php,2026-08-22T12:16:28
vivo Y19s,Vivo,4GB,128GB,Mediatek Dimensity 6300,6000.0,6.74,2025,0,5G,Android 15,https://www.gsmarena.com/vivo_y19s_5g-14276.php,2026-08-22T12:16:28
vivo Y19s,Vivo,6GB,128GB,Mediatek Dimensity 6300,6000.0,6.74,2025,0,5G,Android 15,https://www.gsmarena.com/vivo_y19s_5g-14276.php,2026-08-22T12:16:28
vivo iQOO Neo11 (China),Vivo,12GB,256GB,Qualcomm SM8750-AC Snapdragon 8 Elite,7500.0,6.82,2025,1,5G,Android 16,https://www.gsmarena.com/vivo_iqoo_neo11_5g_(china)-14268.php,2026-08-22T12:16:58
vivo iQOO Neo11 (China),Vivo,16GB,256GB,Qualcomm SM8750-AC Snapdragon 8 Elite,7500.0,6.82,2025,1,5G,Android 16,https://www.gsmarena.com/vivo_iqoo_neo11_5g_(china)-14268.php,2026-08-22T12:16:58
vivo iQOO Neo11 (China),Vivo,12GB,512GB,Qualcomm SM8750-AC Snapdragon 8 Elite,7500.0,6.82,2025,1,5G,Android 16,https://www.gsmarena.com/vivo_iqoo_neo11_5g_(china)-14268.php,2026-08-22T12:16:58
vivo iQOO Neo11 (China),Vivo,16GB,512GB,Qualcomm SM8750-AC Snapdragon 8 Elite,7500.0,6.82,2025,1,5G,Android 16,https://www.gsmarena.com/vivo_iqoo_neo11_5g_(china)-14268.php,2026-08-22T12:16:58
vivo iQOO Neo11 (China),Vivo,16GB,1TB,Qualcomm SM8750-AC Snapdragon 8 Elite,7500.0,6.82,2025,1,5G,Android 16,https://www.gsmarena.com/vivo_iqoo_neo11_5g_(china)-14268.php,2026-08-22T12:16:58
vivo iQOO 15,Vivo,12GB,256GB,Qualcomm SM8850-AC Snapdragon 8 Elite Gen 5,7000.0,6.85,2025,1,5G,Android 16,https://www.gsmarena.com/vivo_iqoo_15_5g-14198.php,2026-08-22T12:17:36
vivo iQOO 15,Vivo,16GB,256GB,Qualcomm SM8850-AC Snapdragon 8 Elite Gen 5,7000.0,6.85,2025,1,5G,Android 16,https://www.gsmarena.com/vivo_iqoo_15_5g-14198.php,2026-08-22T12:17:36
vivo iQOO 15,Vivo,12GB,512GB,Qualcomm SM8850-AC Snapdragon 8 Elite Gen 5,7000.0,6.85,2025,1,5G,Android 16,https://www.gsmarena.com/vivo_iqoo_15_5g-14198.php,2026-08-22T12:17:36
vivo iQOO 15,Vivo,16GB,512GB,Qualcomm SM8850-AC Snapdragon 8 Elite Gen 5,7000.0,6.85,2025,1,5G,Android 16,https://www.gsmarena.com/vivo_iqoo_15_5g-14198.php,2026-08-22T12:17:36
vivo iQOO 15,Vivo,16GB,1TB,Qualcomm SM8850-AC Snapdragon 8 Elite Gen 5,7000.0,6.85,2025,1,5G,Android 16,https://www.gsmarena.com/vivo_iqoo_15_5g-14198.php,2026-08-22T12:17:36
vivo X300 Pro,Vivo,12GB,256GB,Mediatek Dimensity 9500,6510.0,6.78,2025,1,5G,Android 16,https://www.gsmarena.com/vivo_x300_pro_5g-14225.php,2026-08-22T12:18:16
vivo X300 Pro,Vivo,16GB,512GB,Mediatek Dimensity 9500,6510.0,6.78,2025,1,5G,Android 16,https://www.gsmarena.com/vivo_x300_pro_5g-14225.php,2026-08-22T12:18:16
vivo X300 Pro,Vivo,16GB,1TB,Mediatek Dimensity 9500,6510.0,6.78,2025,1,5G,Android 16,https://www.gsmarena.com/vivo_x300_pro_5g-14225.php,2026-08-22T12:18:16
vivo X300,Vivo,12GB,256GB,Mediatek Dimensity 9500,6040.0,6.31,2025,1,5G,Android 16,https://www.gsmarena.com/vivo_x300_5g-14224.php,2026-08-22T12:18:52
vivo X300,Vivo,16GB,256GB,Mediatek Dimensity 9500,6040.0,6.31,2025,1,5G,Android 16,https://www.gsmarena.com/vivo_x300_5g-14224.php,2026-08-22T12:18:52
vivo X300,Vivo,12GB,512GB,Mediatek Dimensity 9500,6040.0,6.31,2025,1,5G,Android 16,https://www.gsmarena.com/vivo_x300_5g-14224.php,2026-08-22T12:18:52
vivo X300,Vivo,16GB,512GB,Mediatek Dimensity 9500,6040.0,6.31,2025,1,5G,Android 16,https://www.gsmarena.com/vivo_x300_5g-14224.php,2026-08-22T12:18:52
vivo X300,Vivo,16GB,1TB,Mediatek Dimensity 9500,6040.0,6.31,2025,1,5G,Android 16,https://www.gsmarena.com/vivo_x300_5g-14224.php,2026-08-22T12:18:52
vivo V60e,Vivo,8GB,128GB,Mediatek Dimensity 7360 Turbo,6500.0,6.77,2025,1,5G,Android 15,https://www.gsmarena.com/vivo_v60e_5g-14194.php,2026-08-22T12:19:21
vivo V60e,Vivo,8GB,256GB,Mediatek Dimensity 7360 Turbo,6500.0,6.77,2025,1,5G,Android 15,https://www.gsmarena.com/vivo_v60e_5g-14194.php,2026-08-22T12:19:21
vivo V60e,Vivo,12GB,256GB,Mediatek Dimensity 7360 Turbo,6500.0,6.77,2025,1,5G,Android 15,https://www.gsmarena.com/vivo_v60e_5g-14194.php,2026-08-22T12:19:21
vivo V60 Lite,Vivo,8GB,256GB,Mediatek Dimensity 7360 Turbo,6500.0,6.77,2025,1,5G,Android 15,https://www.gsmarena.com/vivo_v60_lite_5g-14180.php,2026-08-22T12:19:45
vivo V60 Lite,Vivo,12GB,256GB,Mediatek Dimensity 7360 Turbo,6500.0,6.77,2025,1,5G,Android 15,https://www.gsmarena.com/vivo_v60_lite_5g-14180.php,2026-08-22T12:19:45
vivo V60 Lite,Vivo,8GB,512GB,Mediatek Dimensity 7360 Turbo,6500.0,6.77,2025,1,5G,Android 15,https://www.gsmarena.com/vivo_v60_lite_5g-14180.php,2026-08-22T12:19:45
vivo V60 Lite,Vivo,12GB,512GB,Mediatek Dimensity 7360 Turbo,6500.0,6.77,2025,1,5G,Android 15,https://www.gsmarena.com/vivo_v60_lite_5g-14180.php,2026-08-22T12:19:45
vivo V60 Lite 4G,Vivo,8GB,128GB,Qualcomm SM6225 Snapdragon 685,6500.0,6.77,2025,1,4G,Android 15,https://www.gsmarena.com/vivo_v60_lite-14172.php,2026-08-22T12:20:07
vivo V60 Lite 4G,Vivo,8GB,256GB,Qualcomm SM6225 Snapdragon 685,6500.0,6.77,2025,1,4G,Android 15,https://www.gsmarena.com/vivo_v60_lite-14172.php,2026-08-22T12:20:07
vivo Y31 Pro,Vivo,8GB,128GB,Mediatek Dimensity 7300,6500.0,6.72,2025,0,5G,Android 15,https://www.gsmarena.com/vivo_y31_pro_5g-14144.php,2026-08-22T12:20:41
vivo Y31 Pro,Vivo,8GB,256GB,Mediatek Dimensity 7300,6500.0,6.72,2025,0,5G,Android 15,https://www.gsmarena.com/vivo_y31_pro_5g-14144.php,2026-08-22T12:20:41
vivo Y31,Vivo,4GB,128GB,Qualcomm SM4450 Snapdragon 4 Gen 2,6500.0,6.68,2025,0,5G,Android 15,https://www.gsmarena.com/vivo_y31_5g-14143.php,2026-08-22T12:21:04
vivo Y31,Vivo,6GB,128GB,Qualcomm SM4450 Snapdragon 4 Gen 2,6500.0,6.68,2025,0,5G,Android 15,https://www.gsmarena.com/vivo_y31_5g-14143.php,2026-08-22T12:21:04
vivo Y31,Vivo,8GB,128GB,Qualcomm SM4450 Snapdragon 4 Gen 2,6500.0,6.68,2025,0,5G,Android 15,https://www.gsmarena.com/vivo_y31_5g-14143.php,2026-08-22T12:21:04
vivo Y31,Vivo,6GB,256GB,Qualcomm SM4450 Snapdragon 4 Gen 2,6500.0,6.68,2025,0,5G,Android 15,https://www.gsmarena.com/vivo_y31_5g-14143.php,2026-08-22T12:21:04
vivo Y31,Vivo,8GB,256GB,Qualcomm SM4450 Snapdragon 4 Gen 2,6500.0,6.68,2025,0,5G,Android 15,https://www.gsmarena.com/vivo_y31_5g-14143.php,2026-08-22T12:21:04
vivo Y31,Vivo,6GB,512GB,Qualcomm SM4450 Snapdragon 4 Gen 2,6500.0,6.68,2025,0,5G,Android 15,https://www.gsmarena.com/vivo_y31_5g-14143.php,2026-08-22T12:21:04
vivo Y500 (China),Vivo,8GB,128GB,Mediatek Dimensity 7300,8200.0,6.77,2025,1,5G,Android 15,https://www.gsmarena.com/vivo_y500_5g_(china)-14097.php,2026-08-22T12:21:33
vivo Y500 (China),Vivo,8GB,256GB,Mediatek Dimensity 7300,8200.0,6.77,2025,1,5G,Android 15,https://www.gsmarena.com/vivo_y500_5g_(china)-14097.php,2026-08-22T12:21:33
vivo Y500 (China),Vivo,12GB,256GB,Mediatek Dimensity 7300,8200.0,6.77,2025,1,5G,Android 15,https://www.gsmarena.com/vivo_y500_5g_(china)-14097.php,2026-08-22T12:21:33
vivo Y500 (China),Vivo,12GB,512GB,Mediatek Dimensity 7300,8200.0,6.77,2025,1,5G,Android 15,https://www.gsmarena.com/vivo_y500_5g_(china)-14097.php,2026-08-22T12:21:33
vivo T4 Pro,Vivo,8GB,128GB,Qualcomm SM7750-AB Snapdragon 7 Gen 4,6500.0,6.77,2025,0,5G,Android 15,https://www.gsmarena.com/vivo_t4_pro_5g-14095.php,2026-08-22T12:22:12
vivo T4 Pro,Vivo,8GB,256GB,Qualcomm SM7750-AB Snapdragon 7 Gen 4,6500.0,6.77,2025,0,5G,Android 15,https://www.gsmarena.com/vivo_t4_pro_5g-14095.php,2026-08-22T12:22:12
vivo T4 Pro,Vivo,12GB,256GB,Qualcomm SM7750-AB Snapdragon 7 Gen 4,6500.0,6.77,2025,0,5G,Android 15,https://www.gsmarena.com/vivo_t4_pro_5g-14095.php,2026-08-22T12:22:12
vivo V60,Vivo,8GB,128GB,Qualcomm SM7750-AB Snapdragon 7 Gen 4,6500.0,6.77,2025,1,5G,Android 15,https://www.gsmarena.com/vivo_v60_5g-14021.php,2026-08-22T12:22:34
vivo V60,Vivo,8GB,256GB,Qualcomm SM7750-AB Snapdragon 7 Gen 4,6500.0,6.77,2025,1,5G,Android 15,https://www.gsmarena.com/vivo_v60_5g-14021.php,2026-08-22T12:22:34
vivo V60,Vivo,12GB,256GB,Qualcomm SM7750-AB Snapdragon 7 Gen 4,6500.0,6.77,2025,1,5G,Android 15,https://www.gsmarena.com/vivo_v60_5g-14021.php,2026-08-22T12:22:34
vivo V60,Vivo,12GB,512GB,Qualcomm SM7750-AB Snapdragon 7 Gen 4,6500.0,6.77,2025,1,5G,Android 15,https://www.gsmarena.com/vivo_v60_5g-14021.php,2026-08-22T12:22:34
vivo V60,Vivo,16GB,512GB,Qualcomm SM7750-AB Snapdragon 7 Gen 4,6500.0,6.77,2025,1,5G,Android 15,https://www.gsmarena.com/vivo_v60_5g-14021.php,2026-08-22T12:22:34
vivo iQOO Z10 Turbo+,Vivo,12GB,256GB,Mediatek Dimensity 9400+,8000.0,6.78,2025,1,5G,Android 15,https://www.gsmarena.com/vivo_iqoo_z10_turbo+_5g-14038.php,2026-08-22T12:23:06
vivo iQOO Z10 Turbo+,Vivo,16GB,256GB,Mediatek Dimensity 9400+,8000.0,6.78,2025,1,5G,Android 15,https://www.gsmarena.com/vivo_iqoo_z10_turbo+_5g-14038.php,2026-08-22T12:23:06
vivo iQOO Z10 Turbo+,Vivo,12GB,512GB,Mediatek Dimensity 9400+,8000.0,6.78,2025,1,5G,Android 15,https://www.gsmarena.com/vivo_iqoo_z10_turbo+_5g-14038.php,2026-08-22T12:23:06
vivo iQOO Z10 Turbo+,Vivo,16GB,512GB,Mediatek Dimensity 9400+,8000.0,6.78,2025,1,5G,Android 15,https://www.gsmarena.com/vivo_iqoo_z10_turbo+_5g-14038.php,2026-08-22T12:23:06
vivo Y19s GT,Vivo,6GB,128GB,Mediatek Dimensity 6300,5500.0,6.74,2025,1,5G,Android 15,https://www.gsmarena.com/vivo_y19s_gt_5g-14045.php,2026-08-22T12:23:32
vivo Y19s GT,Vivo,8GB,128GB,Mediatek Dimensity 6300,5500.0,6.74,2025,1,5G,Android 15,https://www.gsmarena.com/vivo_y19s_gt_5g-14045.php,2026-08-22T12:23:32
vivo Y19s GT,Vivo,8GB,256GB,Mediatek Dimensity 6300,5500.0,6.74,2025,1,5G,Android 15,https://www.gsmarena.com/vivo_y19s_gt_5g-14045.php,2026-08-22T12:23:32
vivo Y400,Vivo,8GB,128GB,Qualcomm SM4450 Snapdragon 4 Gen 2,6000.0,6.67,2025,0,5G,Android 15,https://www.gsmarena.com/vivo_y400_5g-14043.php,2026-08-22T12:23:53
vivo Y400,Vivo,8GB,256GB,Qualcomm SM4450 Snapdragon 4 Gen 2,6000.0,6.67,2025,0,5G,Android 15,https://www.gsmarena.com/vivo_y400_5g-14043.php,2026-08-22T12:23:53
vivo Y400 4G,Vivo,8GB,128GB,Qualcomm SM6225 Snapdragon 685,6000.0,6.67,2025,1,4G,Android 15,https://www.gsmarena.com/vivo_y400-14040.php,2026-08-22T12:24:30
vivo Y400 4G,Vivo,8GB,256GB,Qualcomm SM6225 Snapdragon 685,6000.0,6.67,2025,1,4G,Android 15,https://www.gsmarena.com/vivo_y400-14040.php,2026-08-22T12:24:30
vivo T4R,Vivo,8GB,128GB,Mediatek Dimensity 7400,5700.0,6.77,2025,0,5G,Android 15,https://www.gsmarena.com/vivo_t4r_5g-14035.php,2026-08-22T12:25:02
vivo T4R,Vivo,8GB,256GB,Mediatek Dimensity 7400,5700.0,6.77,2025,0,5G,Android 15,https://www.gsmarena.com/vivo_t4r_5g-14035.php,2026-08-22T12:25:02
vivo T4R,Vivo,12GB,256GB,Mediatek Dimensity 7400,5700.0,6.77,2025,0,5G,Android 15,https://www.gsmarena.com/vivo_t4r_5g-14035.php,2026-08-22T12:25:02
vivo Y50 (China),Vivo,4GB,128GB,Mediatek Dimensity 6300,6000.0,6.74,2025,1,5G,Android 15,https://www.gsmarena.com/vivo_y50_5g_(china)-14004.php,2026-08-22T12:25:34
vivo Y50 (China),Vivo,6GB,128GB,Mediatek Dimensity 6300,6000.0,6.74,2025,1,5G,Android 15,https://www.gsmarena.com/vivo_y50_5g_(china)-14004.php,2026-08-22T12:25:34
vivo Y50 (China),Vivo,6GB,256GB,Mediatek Dimensity 6300,6000.0,6.74,2025,1,5G,Android 15,https://www.gsmarena.com/vivo_y50_5g_(china)-14004.php,2026-08-22T12:25:34
vivo Y50 (China),Vivo,8GB,256GB,Mediatek Dimensity 6300,6000.0,6.74,2025,1,5G,Android 15,https://www.gsmarena.com/vivo_y50_5g_(china)-14004.php,2026-08-22T12:25:34
vivo Y50 (China),Vivo,12GB,256GB,Mediatek Dimensity 6300,6000.0,6.74,2025,1,5G,Android 15,https://www.gsmarena.com/vivo_y50_5g_(china)-14004.php,2026-08-22T12:25:34
vivo iQOO Z10R (India),Vivo,8GB,128GB,Mediatek Dimensity 7400,5700.0,6.77,2025,0,5G,Android 15,https://www.gsmarena.com/vivo_iqoo_z10r-14024.php,2026-08-22T12:26:04
vivo iQOO Z10R (India),Vivo,8GB,256GB,Mediatek Dimensity 7400,5700.0,6.77,2025,0,5G,Android 15,https://www.gsmarena.com/vivo_iqoo_z10r-14024.php,2026-08-22T12:26:04
vivo iQOO Z10R (India),Vivo,12GB,256GB,Mediatek Dimensity 7400,5700.0,6.77,2025,0,5G,Android 15,https://www.gsmarena.com/vivo_iqoo_z10r-14024.php,2026-08-22T12:26:04
vivo X Fold5,Vivo,12GB,256GB,Qualcomm SM8650-AB Snapdragon 8 Gen 3,6000.0,8.03,2025,1,5G,Android 15,https://www.gsmarena.com/vivo_x_fold5_5g-13858.php,2026-08-22T12:26:34
vivo X Fold5,Vivo,12GB,512GB,Qualcomm SM8650-AB Snapdragon 8 Gen 3,6000.0,8.03,2025,1,5G,Android 15,https://www.gsmarena.com/vivo_x_fold5_5g-13858.php,2026-08-22T12:26:34
vivo X Fold5,Vivo,16GB,512GB,Qualcomm SM8650-AB Snapdragon 8 Gen 3,6000.0,8.03,2025,1,5G,Android 15,https://www.gsmarena.com/vivo_x_fold5_5g-13858.php,2026-08-22T12:26:34
vivo X Fold5,Vivo,16GB,1TB,Qualcomm SM8650-AB Snapdragon 8 Gen 3,6000.0,8.03,2025,1,5G,Android 15,https://www.gsmarena.com/vivo_x_fold5_5g-13858.php,2026-08-22T12:26:34
vivo T4 Lite,Vivo,4GB,64GB,Mediatek Dimensity 6300,6000.0,6.74,2025,0,5G,Android 15,https://www.gsmarena.com/vivo_t4_lite_5g-13961.php,2026-08-22T12:27:14
vivo T4 Lite,Vivo,4GB,128GB,Mediatek Dimensity 6300,6000.0,6.74,2025,0,5G,Android 15,https://www.gsmarena.com/vivo_t4_lite_5g-13961.php,2026-08-22T12:27:14
vivo T4 Lite,Vivo,6GB,128GB,Mediatek Dimensity 6300,6000.0,6.74,2025,0,5G,Android 15,https://www.gsmarena.com/vivo_t4_lite_5g-13961.php,2026-08-22T12:27:14
vivo T4 Lite,Vivo,8GB,256GB,Mediatek Dimensity 6300,6000.0,6.74,2025,0,5G,Android 15,https://www.gsmarena.com/vivo_t4_lite_5g-13961.php,2026-08-22T12:27:14
vivo X200 FE,Vivo,12GB,256GB,Mediatek Dimensity 9300+,6500.0,6.31,2025,1,5G,Android 15,https://www.gsmarena.com/vivo_x200_fe_5g-13847.php,2026-08-22T12:27:42
vivo X200 FE,Vivo,12GB,512GB,Mediatek Dimensity 9300+,6500.0,6.31,2025,1,5G,Android 15,https://www.gsmarena.com/vivo_x200_fe_5g-13847.php,2026-08-22T12:27:42
vivo X200 FE,Vivo,16GB,512GB,Mediatek Dimensity 9300+,6500.0,6.31,2025,1,5G,Android 15,https://www.gsmarena.com/vivo_x200_fe_5g-13847.php,2026-08-22T12:27:42
vivo Y400 Pro,Vivo,8GB,128GB,Mediatek Dimensity 7300,5500.0,6.77,2025,0,5G,Android 15,https://www.gsmarena.com/vivo_y400_pro_5g-13941.php,2026-08-22T12:28:10
vivo Y400 Pro,Vivo,8GB,256GB,Mediatek Dimensity 7300,5500.0,6.77,2025,0,5G,Android 15,https://www.gsmarena.com/vivo_y400_pro_5g-13941.php,2026-08-22T12:28:10
vivo iQOO Z10 Lite,Vivo,4GB,64GB,Mediatek Dimensity 6300,6000.0,6.74,2025,0,5G,Android 15,https://www.gsmarena.com/vivo_iqoo_z10_lite_5g-13959.php,2026-08-22T12:28:49
vivo iQOO Z10 Lite,Vivo,4GB,128GB,Mediatek Dimensity 6300,6000.0,6.74,2025,0,5G,Android 15,https://www.gsmarena.com/vivo_iqoo_z10_lite_5g-13959.php,2026-08-22T12:28:49
vivo iQOO Z10 Lite,Vivo,6GB,128GB,Mediatek Dimensity 6300,6000.0,6.74,2025,0,5G,Android 15,https://www.gsmarena.com/vivo_iqoo_z10_lite_5g-13959.php,2026-08-22T12:28:49
vivo iQOO Z10 Lite,Vivo,8GB,256GB,Mediatek Dimensity 6300,6000.0,6.74,2025,0,5G,Android 15,https://www.gsmarena.com/vivo_iqoo_z10_lite_5g-13959.php,2026-08-22T12:28:49
vivo T4 Ultra,Vivo,8GB,256GB,Mediatek Dimensity 9300+,5500.0,6.67,2025,1,5G,Android 15,https://www.gsmarena.com/vivo_t4_ultra_5g-13927.php,2026-08-22T12:29:14
vivo T4 Ultra,Vivo,12GB,256GB,Mediatek Dimensity 9300+,5500.0,6.67,2025,1,5G,Android 15,https://www.gsmarena.com/vivo_t4_ultra_5g-13927.php,2026-08-22T12:29:14
vivo T4 Ultra,Vivo,12GB,512GB,Mediatek Dimensity 9300+,5500.0,6.67,2025,1,5G,Android 15,https://www.gsmarena.com/vivo_t4_ultra_5g-13927.php,2026-08-22T12:29:14
vivo Y19s Pro,Vivo,4GB,64GB,Unisoc Tiger T612,6000.0,6.68,2025,0,4G,Android 15,https://www.gsmarena.com/vivo_y19s_pro-13942.php,2026-08-22T12:29:36
vivo Y19s Pro,Vivo,4GB,128GB,Unisoc Tiger T612,6000.0,6.68,2025,0,4G,Android 15,https://www.gsmarena.com/vivo_y19s_pro-13942.php,2026-08-22T12:29:36
vivo Y19s Pro,Vivo,6GB,128GB,Unisoc Tiger T612,6000.0,6.68,2025,0,4G,Android 15,https://www.gsmarena.com/vivo_y19s_pro-13942.php,2026-08-22T12:29:36
vivo Y19s Pro,Vivo,6GB,256GB,Unisoc Tiger T612,6000.0,6.68,2025,0,4G,Android 15,https://www.gsmarena.com/vivo_y19s_pro-13942.php,2026-08-22T12:29:36
vivo Y19s Pro,Vivo,8GB,256GB,Unisoc Tiger T612,6000.0,6.68,2025,0,4G,Android 15,https://www.gsmarena.com/vivo_y19s_pro-13942.php,2026-08-22T12:29:36
vivo S30 Pro mini,Vivo,12GB,256GB,Mediatek Dimensity 9300+,6500.0,6.31,2025,1,5G,Android 15,https://www.gsmarena.com/vivo_s30_pro_mini_5g-13920.php,2026-08-22T12:30:09
vivo S30 Pro mini,Vivo,12GB,512GB,Mediatek Dimensity 9300+,6500.0,6.31,2025,1,5G,Android 15,https://www.gsmarena.com/vivo_s30_pro_mini_5g-13920.php,2026-08-22T12:30:09
vivo S30 Pro mini,Vivo,16GB,512GB,Mediatek Dimensity 9300+,6500.0,6.31,2025,1,5G,Android 15,https://www.gsmarena.com/vivo_s30_pro_mini_5g-13920.php,2026-08-22T12:30:09
vivo S30,Vivo,12GB,256GB,Qualcomm SM7750-AB Snapdragon 7 Gen 4,6500.0,6.67,2025,1,5G,Android 15,https://www.gsmarena.com/vivo_s30_5g-13919.php,2026-08-22T12:30:42
vivo S30,Vivo,12GB,512GB,Qualcomm SM7750-AB Snapdragon 7 Gen 4,6500.0,6.67,2025,1,5G,Android 15,https://www.gsmarena.com/vivo_s30_5g-13919.php,2026-08-22T12:30:42
vivo S30,Vivo,16GB,512GB,Qualcomm SM7750-AB Snapdragon 7 Gen 4,6500.0,6.67,2025,1,5G,Android 15,https://www.gsmarena.com/vivo_s30_5g-13919.php,2026-08-22T12:30:42
vivo iQOO Neo 10,Vivo,8GB,128GB,Qualcomm SM8735 Snapdragon 8s Gen 4,7000.0,6.78,2025,1,5G,Android 15,https://www.gsmarena.com/vivo_iqoo_neo_10_5g-13904.php,2026-08-22T12:31:18
vivo iQOO Neo 10,Vivo,8GB,256GB,Qualcomm SM8735 Snapdragon 8s Gen 4,7000.0,6.78,2025,1,5G,Android 15,https://www.gsmarena.com/vivo_iqoo_neo_10_5g-13904.php,2026-08-22T12:31:18
vivo iQOO Neo 10,Vivo,12GB,256GB,Qualcomm SM8735 Snapdragon 8s Gen 4,7000.0,6.78,2025,1,5G,Android 15,https://www.gsmarena.com/vivo_iqoo_neo_10_5g-13904.php,2026-08-22T12:31:18
vivo iQOO Neo 10,Vivo,16GB,512GB,Qualcomm SM8735 Snapdragon 8s Gen 4,7000.0,6.78,2025,1,5G,Android 15,https://www.gsmarena.com/vivo_iqoo_neo_10_5g-13904.php,2026-08-22T12:31:18
vivo iQOO Neo10 Pro+ (China),Vivo,12GB,256GB,Qualcomm SM8750-AB Snapdragon 8 Elite,6800.0,6.82,2025,1,5G,Android 15,https://www.gsmarena.com/vivo_iqoo_neo10_pro+_(china)-13882.php,2026-08-22T12:31:46
vivo iQOO Neo10 Pro+ (China),Vivo,16GB,256GB,Qualcomm SM8750-AB Snapdragon 8 Elite,6800.0,6.82,2025,1,5G,Android 15,https://www.gsmarena.com/vivo_iqoo_neo10_pro+_(china)-13882.php,2026-08-22T12:31:46
vivo iQOO Neo10 Pro+ (China),Vivo,12GB,512GB,Qualcomm SM8750-AB Snapdragon 8 Elite,6800.0,6.82,2025,1,5G,Android 15,https://www.gsmarena.com/vivo_iqoo_neo10_pro+_(china)-13882.php,2026-08-22T12:31:46
vivo iQOO Neo10 Pro+ (China),Vivo,16GB,512GB,Qualcomm SM8750-AB Snapdragon 8 Elite,6800.0,6.82,2025,1,5G,Android 15,https://www.gsmarena.com/vivo_iqoo_neo10_pro+_(china)-13882.php,2026-08-22T12:31:46
vivo iQOO Neo10 Pro+ (China),Vivo,16GB,1TB,Qualcomm SM8750-AB Snapdragon 8 Elite,6800.0,6.82,2025,1,5G,Android 15,https://www.gsmarena.com/vivo_iqoo_neo10_pro+_(china)-13882.php,2026-08-22T12:31:46
vivo Y300 GT,Vivo,8GB,256GB,Mediatek Dimensity 8400,7620.0,6.78,2025,1,5G,Android 15,https://www.gsmarena.com/vivo_y300_gt_5g-13857.php,2026-08-22T12:32:11
vivo Y300 GT,Vivo,12GB,256GB,Mediatek Dimensity 8400,7620.0,6.78,2025,1,5G,Android 15,https://www.gsmarena.com/vivo_y300_gt_5g-13857.php,2026-08-22T12:32:11
vivo Y300 GT,Vivo,12GB,512GB,Mediatek Dimensity 8400,7620.0,6.78,2025,1,5G,Android 15,https://www.gsmarena.com/vivo_y300_gt_5g-13857.php,2026-08-22T12:32:11
vivo Y19,Vivo,4GB,64GB,Mediatek Dimensity 6300,5500.0,6.74,2025,0,5G,Android 15,https://www.gsmarena.com/vivo_y19_5g-13828.php,2026-08-22T12:32:36
vivo Y19,Vivo,4GB,128GB,Mediatek Dimensity 6300,5500.0,6.74,2025,0,5G,Android 15,https://www.gsmarena.com/vivo_y19_5g-13828.php,2026-08-22T12:32:36
vivo Y19,Vivo,6GB,128GB,Mediatek Dimensity 6300,5500.0,6.74,2025,0,5G,Android 15,https://www.gsmarena.com/vivo_y19_5g-13828.php,2026-08-22T12:32:36
vivo iQOO Z10 Turbo Pro,Vivo,12GB,256GB,Qualcomm SM8735 Snapdragon 8s Gen 4,7000.0,6.78,2025,1,5G,Android 15,https://www.gsmarena.com/vivo_iqoo_z10_turbo_pro_5g-13800.php,2026-08-22T12:33:10
vivo iQOO Z10 Turbo Pro,Vivo,16GB,256GB,Qualcomm SM8735 Snapdragon 8s Gen 4,7000.0,6.78,2025,1,5G,Android 15,https://www.gsmarena.com/vivo_iqoo_z10_turbo_pro_5g-13800.php,2026-08-22T12:33:10
vivo iQOO Z10 Turbo Pro,Vivo,12GB,512GB,Qualcomm SM8735 Snapdragon 8s Gen 4,7000.0,6.78,2025,1,5G,Android 15,https://www.gsmarena.com/vivo_iqoo_z10_turbo_pro_5g-13800.php,2026-08-22T12:33:10
vivo iQOO Z10 Turbo Pro,Vivo,16GB,512GB,Qualcomm SM8735 Snapdragon 8s Gen 4,7000.0,6.78,2025,1,5G,Android 15,https://www.gsmarena.com/vivo_iqoo_z10_turbo_pro_5g-13800.php,2026-08-22T12:33:10
vivo iQOO Z10 Turbo,Vivo,12GB,256GB,Mediatek Dimensity 8400,7620.0,6.78,2025,1,5G,Android 15,https://www.gsmarena.com/vivo_iqoo_z10_turbo_5g-13822.php,2026-08-22T12:33:33
vivo iQOO Z10 Turbo,Vivo,16GB,256GB,Mediatek Dimensity 8400,7620.0,6.78,2025,1,5G,Android 15,https://www.gsmarena.com/vivo_iqoo_z10_turbo_5g-13822.php,2026-08-22T12:33:33
vivo iQOO Z10 Turbo,Vivo,12GB,512GB,Mediatek Dimensity 8400,7620.0,6.78,2025,1,5G,Android 15,https://www.gsmarena.com/vivo_iqoo_z10_turbo_5g-13822.php,2026-08-22T12:33:33
vivo iQOO Z10 Turbo,Vivo,16GB,512GB,Mediatek Dimensity 8400,7620.0,6.78,2025,1,5G,Android 15,https://www.gsmarena.com/vivo_iqoo_z10_turbo_5g-13822.php,2026-08-22T12:33:33
vivo T4,Vivo,8GB,128GB,Qualcomm SM7635 Snapdragon 7s Gen 3,7300.0,6.77,2025,0,5G,Android 15,https://www.gsmarena.com/vivo_t4_5g-13781.php,2026-08-22T12:33:58
vivo T4,Vivo,8GB,256GB,Qualcomm SM7635 Snapdragon 7s Gen 3,7300.0,6.77,2025,0,5G,Android 15,https://www.gsmarena.com/vivo_t4_5g-13781.php,2026-08-22T12:33:58
vivo T4,Vivo,12GB,256GB,Qualcomm SM7635 Snapdragon 7s Gen 3,7300.0,6.77,2025,0,5G,Android 15,https://www.gsmarena.com/vivo_t4_5g-13781.php,2026-08-22T12:33:58
vivo X200 Ultra,Vivo,12GB,256GB,Qualcomm SM8750-AB Snapdragon 8 Elite,6000.0,6.82,2025,1,5G,Android 15,https://www.gsmarena.com/vivo_x200_ultra-13762.php,2026-08-22T12:34:26
vivo X200 Ultra,Vivo,12GB,512GB,Qualcomm SM8750-AB Snapdragon 8 Elite,6000.0,6.82,2025,1,5G,Android 15,https://www.gsmarena.com/vivo_x200_ultra-13762.php,2026-08-22T12:34:26
vivo X200 Ultra,Vivo,16GB,512GB,Qualcomm SM8750-AB Snapdragon 8 Elite,6000.0,6.82,2025,1,5G,Android 15,https://www.gsmarena.com/vivo_x200_ultra-13762.php,2026-08-22T12:34:26
vivo X200 Ultra,Vivo,16GB,1TB,Qualcomm SM8750-AB Snapdragon 8 Elite,6000.0,6.82,2025,1,5G,Android 15,https://www.gsmarena.com/vivo_x200_ultra-13762.php,2026-08-22T12:34:26
vivo X200s,Vivo,12GB,256GB,Mediatek Dimensity 9400+,6200.0,6.67,2025,1,5G,Android 15,https://www.gsmarena.com/vivo_x200s_5g-13783.php,2026-08-22T12:34:51
vivo X200s,Vivo,16GB,256GB,Mediatek Dimensity 9400+,6200.0,6.67,2025,1,5G,Android 15,https://www.gsmarena.com/vivo_x200s_5g-13783.php,2026-08-22T12:34:51
vivo X200s,Vivo,12GB,512GB,Mediatek Dimensity 9400+,6200.0,6.67,2025,1,5G,Android 15,https://www.gsmarena.com/vivo_x200s_5g-13783.php,2026-08-22T12:34:51
vivo X200s,Vivo,16GB,512GB,Mediatek Dimensity 9400+,6200.0,6.67,2025,1,5G,Android 15,https://www.gsmarena.com/vivo_x200s_5g-13783.php,2026-08-22T12:34:51
vivo X200s,Vivo,16GB,1TB,Mediatek Dimensity 9400+,6200.0,6.67,2025,1,5G,Android 15,https://www.gsmarena.com/vivo_x200s_5g-13783.php,2026-08-22T12:34:51
vivo iQOO Z10,Vivo,8GB,128GB,Qualcomm SM7635 Snapdragon 7s Gen 3,7300.0,6.77,2025,1,5G,Android 15,https://www.gsmarena.com/vivo_iqoo_z10-13755.php,2026-08-22T12:35:22
vivo iQOO Z10,Vivo,8GB,256GB,Qualcomm SM7635 Snapdragon 7s Gen 3,7300.0,6.77,2025,1,5G,Android 15,https://www.gsmarena.com/vivo_iqoo_z10-13755.php,2026-08-22T12:35:22
vivo iQOO Z10,Vivo,12GB,256GB,Qualcomm SM7635 Snapdragon 7s Gen 3,7300.0,6.77,2025,1,5G,Android 15,https://www.gsmarena.com/vivo_iqoo_z10-13755.php,2026-08-22T12:35:22
vivo iQOO Z10,Vivo,12GB,512GB,Qualcomm SM7635 Snapdragon 7s Gen 3,7300.0,6.77,2025,1,5G,Android 15,https://www.gsmarena.com/vivo_iqoo_z10-13755.php,2026-08-22T12:35:22
vivo iQOO Z10x,Vivo,6GB,128GB,Mediatek Dimensity 7300,6500.0,6.72,2025,0,5G,Android 15,https://www.gsmarena.com/vivo_iqoo_z10x_5g-13773.php,2026-08-22T12:36:00
vivo iQOO Z10x,Vivo,8GB,128GB,Mediatek Dimensity 7300,6500.0,6.72,2025,0,5G,Android 15,https://www.gsmarena.com/vivo_iqoo_z10x_5g-13773.php,2026-08-22T12:36:00
vivo iQOO Z10x,Vivo,8GB,256GB,Mediatek Dimensity 7300,6500.0,6.72,2025,0,5G,Android 15,https://www.gsmarena.com/vivo_iqoo_z10x_5g-13773.php,2026-08-22T12:36:00
vivo iQOO Z10x,Vivo,12GB,256GB,Mediatek Dimensity 7300,6500.0,6.72,2025,0,5G,Android 15,https://www.gsmarena.com/vivo_iqoo_z10x_5g-13773.php,2026-08-22T12:36:00
vivo iQOO Z10x,Vivo,12GB,512GB,Mediatek Dimensity 7300,6500.0,6.72,2025,0,5G,Android 15,https://www.gsmarena.com/vivo_iqoo_z10x_5g-13773.php,2026-08-22T12:36:00
vivo V50e,Vivo,8GB,128GB,Mediatek Dimensity 7300,5600.0,6.77,2025,0,5G,Android 15,https://www.gsmarena.com/vivo_v50e_5g-13768.php,2026-08-22T12:36:27
vivo V50e,Vivo,6GB,256GB,Mediatek Dimensity 7300,5600.0,6.77,2025,0,5G,Android 15,https://www.gsmarena.com/vivo_v50e_5g-13768.php,2026-08-22T12:36:27
vivo V50e,Vivo,8GB,256GB,Mediatek Dimensity 7300,5600.0,6.77,2025,0,5G,Android 15,https://www.gsmarena.com/vivo_v50e_5g-13768.php,2026-08-22T12:36:27
vivo Y300t,Vivo,8GB,128GB,Mediatek Dimensity 7300,6500.0,6.72,2025,1,5G,Android 15,https://www.gsmarena.com/vivo_y300t_5g-13766.php,2026-08-22T12:37:01
vivo Y300t,Vivo,8GB,256GB,Mediatek Dimensity 7300,6500.0,6.72,2025,1,5G,Android 15,https://www.gsmarena.com/vivo_y300t_5g-13766.php,2026-08-22T12:37:01
vivo Y300t,Vivo,12GB,256GB,Mediatek Dimensity 7300,6500.0,6.72,2025,1,5G,Android 15,https://www.gsmarena.com/vivo_y300t_5g-13766.php,2026-08-22T12:37:01
vivo Y300t,Vivo,12GB,512GB,Mediatek Dimensity 7300,6500.0,6.72,2025,1,5G,Android 15,https://www.gsmarena.com/vivo_y300t_5g-13766.php,2026-08-22T12:37:01
vivo Y300 Pro+,Vivo,8GB,128GB,Qualcomm SM7635 Snapdragon 7s Gen 3,7300.0,6.77,2025,1,5G,Android 15,https://www.gsmarena.com/vivo_y300_pro+-13754.php,2026-08-22T12:37:41
vivo Y300 Pro+,Vivo,8GB,256GB,Qualcomm SM7635 Snapdragon 7s Gen 3,7300.0,6.77,2025,1,5G,Android 15,https://www.gsmarena.com/vivo_y300_pro+-13754.php,2026-08-22T12:37:41
vivo Y300 Pro+,Vivo,12GB,256GB,Qualcomm SM7635 Snapdragon 7s Gen 3,7300.0,6.77,2025,1,5G,Android 15,https://www.gsmarena.com/vivo_y300_pro+-13754.php,2026-08-22T12:37:41
vivo Y300 Pro+,Vivo,12GB,512GB,Qualcomm SM7635 Snapdragon 7s Gen 3,7300.0,6.77,2025,1,5G,Android 15,https://www.gsmarena.com/vivo_y300_pro+-13754.php,2026-08-22T12:37:41
vivo Y39,Vivo,8GB,128GB,Qualcomm SM4450 Snapdragon 4 Gen 2,6500.0,6.68,2025,0,5G,Android 15,https://www.gsmarena.com/vivo_y39_5g-13763.php,2026-08-22T12:38:16
vivo Y39,Vivo,8GB,256GB,Qualcomm SM4450 Snapdragon 4 Gen 2,6500.0,6.68,2025,0,5G,Android 15,https://www.gsmarena.com/vivo_y39_5g-13763.php,2026-08-22T12:38:16
vivo V50 Lite,Vivo,8GB,256GB,Mediatek Dimensity 6300,6500.0,6.77,2025,1,5G,Android 15,https://www.gsmarena.com/vivo_v50_lite-13745.php,2026-08-22T12:38:50
vivo V50 Lite,Vivo,12GB,256GB,Mediatek Dimensity 6300,6500.0,6.77,2025,1,5G,Android 15,https://www.gsmarena.com/vivo_v50_lite-13745.php,2026-08-22T12:38:50
vivo V50 Lite,Vivo,12GB,512GB,Mediatek Dimensity 6300,6500.0,6.77,2025,1,5G,Android 15,https://www.gsmarena.com/vivo_v50_lite-13745.php,2026-08-22T12:38:50
vivo V50 Lite 4G,Vivo,8GB,128GB,Qualcomm SM6225 Snapdragon 685,6500.0,6.77,2025,1,4G,Android 15,https://www.gsmarena.com/vivo_v50_lite_4g-13718.php,2026-08-22T12:39:29
vivo V50 Lite 4G,Vivo,8GB,256GB,Qualcomm SM6225 Snapdragon 685,6500.0,6.77,2025,1,4G,Android 15,https://www.gsmarena.com/vivo_v50_lite_4g-13718.php,2026-08-22T12:39:29
vivo Y29s,Vivo,6GB,128GB,Mediatek Dimensity 6300,5500.0,6.74,2025,1,5G,Android 15,https://www.gsmarena.com/vivo_y29s-13717.php,2026-08-22T12:40:09
vivo Y29s,Vivo,6GB,256GB,Mediatek Dimensity 6300,5500.0,6.74,2025,1,5G,Android 15,https://www.gsmarena.com/vivo_y29s-13717.php,2026-08-22T12:40:09
vivo Y29s,Vivo,8GB,256GB,Mediatek Dimensity 6300,5500.0,6.74,2025,1,5G,Android 15,https://www.gsmarena.com/vivo_y29s-13717.php,2026-08-22T12:40:09
vivo iQOO Neo 10R,Vivo,8GB,128GB,Qualcomm SM8635 Snapdragon 8s Gen 3,6400.0,6.78,2025,0,5G,Android 15,https://www.gsmarena.com/vivo_iqoo_neo_10r-13682.php,2026-08-22T12:40:49
vivo iQOO Neo 10R,Vivo,8GB,256GB,Qualcomm SM8635 Snapdragon 8s Gen 3,6400.0,6.78,2025,0,5G,Android 15,https://www.gsmarena.com/vivo_iqoo_neo_10r-13682.php,2026-08-22T12:40:49
vivo iQOO Neo 10R,Vivo,12GB,256GB,Qualcomm SM8635 Snapdragon 8s Gen 3,6400.0,6.78,2025,0,5G,Android 15,https://www.gsmarena.com/vivo_iqoo_neo_10r-13682.php,2026-08-22T12:40:49
vivo Y300i,Vivo,8GB,128GB,Qualcomm SM4450 Snapdragon 4 Gen 2,6500.0,6.68,2025,1,5G,Android 15,https://www.gsmarena.com/vivo_y300i-13713.php,2026-08-22T12:41:25
vivo Y300i,Vivo,8GB,256GB,Qualcomm SM4450 Snapdragon 4 Gen 2,6500.0,6.68,2025,1,5G,Android 15,https://www.gsmarena.com/vivo_y300i-13713.php,2026-08-22T12:41:25
vivo Y300i,Vivo,12GB,256GB,Qualcomm SM4450 Snapdragon 4 Gen 2,6500.0,6.68,2025,1,5G,Android 15,https://www.gsmarena.com/vivo_y300i-13713.php,2026-08-22T12:41:25
vivo Y300i,Vivo,12GB,512GB,Qualcomm SM4450 Snapdragon 4 Gen 2,6500.0,6.68,2025,1,5G,Android 15,https://www.gsmarena.com/vivo_y300i-13713.php,2026-08-22T12:41:25
vivo T4x,Vivo,6GB,128GB,Mediatek Dimensity 7300,6500.0,6.72,2025,0,5G,Android 15,https://www.gsmarena.com/vivo_t4x-13707.php,2026-08-22T12:41:50
vivo T4x,Vivo,8GB,128GB,Mediatek Dimensity 7300,6500.0,6.72,2025,0,5G,Android 15,https://www.gsmarena.com/vivo_t4x-13707.php,2026-08-22T12:41:50
vivo T4x,Vivo,8GB,256GB,Mediatek Dimensity 7300,6500.0,6.72,2025,0,5G,Android 15,https://www.gsmarena.com/vivo_t4x-13707.php,2026-08-22T12:41:50
vivo Y04,Vivo,4GB,64GB,Unisoc T7225,5500.0,6.74,2025,0,4G,Android 14,https://www.gsmarena.com/vivo_y04-13683.php,2026-08-22T13:01:40
vivo Y04,Vivo,4GB,128GB,Unisoc T7225,5500.0,6.74,2025,0,4G,Android 14,https://www.gsmarena.com/vivo_y04-13683.php,2026-08-22T13:01:40
vivo Y04,Vivo,6GB,128GB,Unisoc T7225,5500.0,6.74,2025,0,4G,Android 14,https://www.gsmarena.com/vivo_y04-13683.php,2026-08-22T13:01:40
vivo Y04,Vivo,4GB,256GB,Unisoc T7225,5500.0,6.74,2025,0,4G,Android 14,https://www.gsmarena.com/vivo_y04-13683.php,2026-08-22T13:01:40
vivo Y29 4G,Vivo,6GB,128GB,Qualcomm SM6225 Snapdragon 685,6500.0,6.68,2025,1,4G,Android 15,https://www.gsmarena.com/vivo_y29_4g-13670.php,2026-08-22T13:02:02
vivo Y29 4G,Vivo,8GB,128GB,Qualcomm SM6225 Snapdragon 685,6500.0,6.68,2025,1,4G,Android 15,https://www.gsmarena.com/vivo_y29_4g-13670.php,2026-08-22T13:02:02
vivo Y29 4G,Vivo,8GB,256GB,Qualcomm SM6225 Snapdragon 685,6500.0,6.68,2025,1,4G,Android 15,https://www.gsmarena.com/vivo_y29_4g-13670.php,2026-08-22T13:02:02
vivo V50,Vivo,8GB,128GB,Qualcomm SM7550-AB Snapdragon 7 Gen 3,6000.0,6.77,2025,1,5G,Android 15,https://www.gsmarena.com/vivo_v50-13656.php,2026-08-22T13:02:31
vivo V50,Vivo,8GB,256GB,Qualcomm SM7550-AB Snapdragon 7 Gen 3,6000.0,6.77,2025,1,5G,Android 15,https://www.gsmarena.com/vivo_v50-13656.php,2026-08-22T13:02:31
vivo V50,Vivo,12GB,256GB,Qualcomm SM7550-AB Snapdragon 7 Gen 3,6000.0,6.77,2025,1,5G,Android 15,https://www.gsmarena.com/vivo_v50-13656.php,2026-08-22T13:02:31
vivo V50,Vivo,12GB,512GB,Qualcomm SM7550-AB Snapdragon 7 Gen 3,6000.0,6.77,2025,1,5G,Android 15,https://www.gsmarena.com/vivo_v50-13656.php,2026-08-22T13:02:31
vivo Y200 4G,Vivo,8GB,128GB,Qualcomm SM6225 Snapdragon 685,5000.0,6.67,2025,0,4G,Android 14,https://www.gsmarena.com/vivo_y200_4g-13655.php,2026-08-22T13:03:06
vivo Y200 4G,Vivo,8GB,256GB,Qualcomm SM6225 Snapdragon 685,5000.0,6.67,2025,0,4G,Android 14,https://www.gsmarena.com/vivo_y200_4g-13655.php,2026-08-22T13:03:06
vivo Y200 (Asia),Vivo,8GB,256GB,Qualcomm SM4450 Snapdragon 4 Gen 2,5000.0,6.67,2024,0,5G,Android 14,https://www.gsmarena.com/vivo_y200_(asia)-13629.php,2026-08-22T13:03:46
vivo Y200 (Asia),Vivo,12GB,512GB,Qualcomm SM4450 Snapdragon 4 Gen 2,5000.0,6.67,2024,0,5G,Android 14,https://www.gsmarena.com/vivo_y200_(asia)-13629.php,2026-08-22T13:03:46
vivo Y200,Vivo,8GB,128GB,Qualcomm SM4375 Snapdragon 4 Gen 1,4800.0,6.67,2023,0,5G,Android 13,https://www.gsmarena.com/vivo_y200_(global)-13628.php,2026-08-22T13:04:15
vivo Y200,Vivo,8GB,256GB,Qualcomm SM4375 Snapdragon 4 Gen 1,4800.0,6.67,2023,0,5G,Android 13,https://www.gsmarena.com/vivo_y200_(global)-13628.php,2026-08-22T13:04:15
vivo iQOO Z9 Turbo Endurance,Vivo,12GB,256GB,Qualcomm SM8635 Snapdragon 8s Gen 3,6400.0,6.78,2025,1,5G,Android 14,https://www.gsmarena.com/vivo_iqoo_z9_turbo_endurance-13599.php,2026-08-22T13:04:51
vivo iQOO Z9 Turbo Endurance,Vivo,16GB,256GB,Qualcomm SM8635 Snapdragon 8s Gen 3,6400.0,6.78,2025,1,5G,Android 14,https://www.gsmarena.com/vivo_iqoo_z9_turbo_endurance-13599.php,2026-08-22T13:04:51
vivo iQOO Z9 Turbo Endurance,Vivo,12GB,512GB,Qualcomm SM8635 Snapdragon 8s Gen 3,6400.0,6.78,2025,1,5G,Android 14,https://www.gsmarena.com/vivo_iqoo_z9_turbo_endurance-13599.php,2026-08-22T13:04:51
vivo iQOO Z9 Turbo Endurance,Vivo,16GB,512GB,Qualcomm SM8635 Snapdragon 8s Gen 3,6400.0,6.78,2025,1,5G,Android 14,https://www.gsmarena.com/vivo_iqoo_z9_turbo_endurance-13599.php,2026-08-22T13:04:51
vivo Y200+,Vivo,8GB,256GB,Qualcomm SM4450 Snapdragon 4 Gen 2,6000.0,6.68,2025,0,5G,Android 14,https://www.gsmarena.com/vivo_y200+-13602.php,2026-08-22T13:05:31
vivo Y200+,Vivo,12GB,256GB,Qualcomm SM4450 Snapdragon 4 Gen 2,6000.0,6.68,2025,0,5G,Android 14,https://www.gsmarena.com/vivo_y200+-13602.php,2026-08-22T13:05:31
vivo Y200+,Vivo,12GB,512GB,Qualcomm SM4450 Snapdragon 4 Gen 2,6000.0,6.68,2025,0,5G,Android 14,https://www.gsmarena.com/vivo_y200+-13602.php,2026-08-22T13:05:31
vivo Y29,Vivo,4GB,128GB,Mediatek Dimensity 6300,5500.0,6.68,2024,0,5G,Android 14,https://www.gsmarena.com/vivo_y29-13587.php,2026-08-22T13:06:08
vivo Y29,Vivo,6GB,128GB,Mediatek Dimensity 6300,5500.0,6.68,2024,0,5G,Android 14,https://www.gsmarena.com/vivo_y29-13587.php,2026-08-22T13:06:08
vivo Y29,Vivo,8GB,128GB,Mediatek Dimensity 6300,5500.0,6.68,2024,0,5G,Android 14,https://www.gsmarena.com/vivo_y29-13587.php,2026-08-22T13:06:08
vivo Y29,Vivo,8GB,256GB,Mediatek Dimensity 6300,5500.0,6.68,2024,0,5G,Android 14,https://www.gsmarena.com/vivo_y29-13587.php,2026-08-22T13:06:08
vivo Y300 (China),Vivo,8GB,128GB,Mediatek Dimensity 6300,6500.0,6.77,2024,0,5G,Android 15,https://www.gsmarena.com/vivo_y300_(china)-13567.php,2026-08-22T13:06:45
vivo Y300 (China),Vivo,8GB,256GB,Mediatek Dimensity 6300,6500.0,6.77,2024,0,5G,Android 15,https://www.gsmarena.com/vivo_y300_(china)-13567.php,2026-08-22T13:06:45
vivo Y300 (China),Vivo,12GB,256GB,Mediatek Dimensity 6300,6500.0,6.77,2024,0,5G,Android 15,https://www.gsmarena.com/vivo_y300_(china)-13567.php,2026-08-22T13:06:45
vivo Y300 (China),Vivo,12GB,512GB,Mediatek Dimensity 6300,6500.0,6.77,2024,0,5G,Android 15,https://www.gsmarena.com/vivo_y300_(china)-13567.php,2026-08-22T13:06:45
vivo iQOO Neo10 Pro (China),Vivo,12GB,256GB,Mediatek Dimensity 9400,6100.0,6.78,2024,1,5G,Android 15,https://www.gsmarena.com/vivo_iqoo_neo10_pro_(china)-13489.php,2026-08-22T13:07:22
vivo iQOO Neo10 Pro (China),Vivo,16GB,256GB,Mediatek Dimensity 9400,6100.0,6.78,2024,1,5G,Android 15,https://www.gsmarena.com/vivo_iqoo_neo10_pro_(china)-13489.php,2026-08-22T13:07:22
vivo iQOO Neo10 Pro (China),Vivo,12GB,512GB,Mediatek Dimensity 9400,6100.0,6.78,2024,1,5G,Android 15,https://www.gsmarena.com/vivo_iqoo_neo10_pro_(china)-13489.php,2026-08-22T13:07:22
vivo iQOO Neo10 Pro (China),Vivo,16GB,512GB,Mediatek Dimensity 9400,6100.0,6.78,2024,1,5G,Android 15,https://www.gsmarena.com/vivo_iqoo_neo10_pro_(china)-13489.php,2026-08-22T13:07:22
vivo iQOO Neo10 Pro (China),Vivo,16GB,1TB,Mediatek Dimensity 9400,6100.0,6.78,2024,1,5G,Android 15,https://www.gsmarena.com/vivo_iqoo_neo10_pro_(china)-13489.php,2026-08-22T13:07:22
vivo iQOO Neo10 (China),Vivo,12GB,256GB,Qualcomm SM8650-AB Snapdragon 8 Gen 3,6100.0,6.78,2024,1,5G,Android 15,https://www.gsmarena.com/vivo_iqoo_neo10_(china)-13531.php,2026-08-22T13:07:43
vivo iQOO Neo10 (China),Vivo,16GB,256GB,Qualcomm SM8650-AB Snapdragon 8 Gen 3,6100.0,6.78,2024,1,5G,Android 15,https://www.gsmarena.com/vivo_iqoo_neo10_(china)-13531.php,2026-08-22T13:07:43
vivo iQOO Neo10 (China),Vivo,12GB,512GB,Qualcomm SM8650-AB Snapdragon 8 Gen 3,6100.0,6.78,2024,1,5G,Android 15,https://www.gsmarena.com/vivo_iqoo_neo10_(china)-13531.php,2026-08-22T13:07:43
vivo iQOO Neo10 (China),Vivo,16GB,512GB,Qualcomm SM8650-AB Snapdragon 8 Gen 3,6100.0,6.78,2024,1,5G,Android 15,https://www.gsmarena.com/vivo_iqoo_neo10_(china)-13531.php,2026-08-22T13:07:43
vivo iQOO Neo10 (China),Vivo,16GB,1TB,Qualcomm SM8650-AB Snapdragon 8 Gen 3,6100.0,6.78,2024,1,5G,Android 15,https://www.gsmarena.com/vivo_iqoo_neo10_(china)-13531.php,2026-08-22T13:07:43
vivo S20 Pro,Vivo,12GB,256GB,Mediatek Dimensity 9300+,5500.0,6.67,2024,1,5G,Android 15,https://www.gsmarena.com/vivo_s20_pro-13527.php,2026-08-22T13:08:20
vivo S20 Pro,Vivo,12GB,512GB,Mediatek Dimensity 9300+,5500.0,6.67,2024,1,5G,Android 15,https://www.gsmarena.com/vivo_s20_pro-13527.php,2026-08-22T13:08:20
vivo S20 Pro,Vivo,16GB,512GB,Mediatek Dimensity 9300+,5500.0,6.67,2024,1,5G,Android 15,https://www.gsmarena.com/vivo_s20_pro-13527.php,2026-08-22T13:08:20
vivo S20,Vivo,8GB,256GB,Qualcomm SM7550-AB Snapdragon 7 Gen 3,6500.0,6.67,2024,1,5G,Android 15,https://www.gsmarena.com/vivo_s20-13528.php,2026-08-22T13:08:55
vivo S20,Vivo,12GB,256GB,Qualcomm SM7550-AB Snapdragon 7 Gen 3,6500.0,6.67,2024,1,5G,Android 15,https://www.gsmarena.com/vivo_s20-13528.php,2026-08-22T13:08:55
vivo S20,Vivo,12GB,512GB,Qualcomm SM7550-AB Snapdragon 7 Gen 3,6500.0,6.67,2024,1,5G,Android 15,https://www.gsmarena.com/vivo_s20-13528.php,2026-08-22T13:08:55
vivo S20,Vivo,16GB,512GB,Qualcomm SM7550-AB Snapdragon 7 Gen 3,6500.0,6.67,2024,1,5G,Android 15,https://www.gsmarena.com/vivo_s20-13528.php,2026-08-22T13:08:55
vivo Y300,Vivo,8GB,128GB,Qualcomm SM4450 Snapdragon 4 Gen 2,5000.0,6.67,2024,0,5G,Android 14,https://www.gsmarena.com/vivo_y300-13498.php,2026-08-22T13:09:23
vivo Y300,Vivo,8GB,256GB,Qualcomm SM4450 Snapdragon 4 Gen 2,5000.0,6.67,2024,0,5G,Android 14,https://www.gsmarena.com/vivo_y300-13498.php,2026-08-22T13:09:23
vivo Y18t,Vivo,4GB,128GB,Unisoc T612,5000.0,6.56,2024,0,4G,Android 14,https://www.gsmarena.com/vivo_y18t-13492.php,2026-08-22T13:09:44
vivo iQOO 13,Vivo,12GB,256GB,Qualcomm SM8750-AB Snapdragon 8 Elite,6150.0,6.82,2024,1,5G,Android 15,https://www.gsmarena.com/vivo_iqoo_13-13462.php,2026-08-22T13:10:10
vivo iQOO 13,Vivo,16GB,256GB,Qualcomm SM8750-AB Snapdragon 8 Elite,6150.0,6.82,2024,1,5G,Android 15,https://www.gsmarena.com/vivo_iqoo_13-13462.php,2026-08-22T13:10:10
vivo iQOO 13,Vivo,12GB,512GB,Qualcomm SM8750-AB Snapdragon 8 Elite,6150.0,6.82,2024,1,5G,Android 15,https://www.gsmarena.com/vivo_iqoo_13-13462.php,2026-08-22T13:10:10
vivo iQOO 13,Vivo,16GB,512GB,Qualcomm SM8750-AB Snapdragon 8 Elite,6150.0,6.82,2024,1,5G,Android 15,https://www.gsmarena.com/vivo_iqoo_13-13462.php,2026-08-22T13:10:10
vivo iQOO 13,Vivo,16GB,1TB,Qualcomm SM8750-AB Snapdragon 8 Elite,6150.0,6.82,2024,1,5G,Android 15,https://www.gsmarena.com/vivo_iqoo_13-13462.php,2026-08-22T13:10:10
vivo Y300 Plus,Vivo,8GB,128GB,Qualcomm SM6375 Snapdragon 695 5G,5000.0,6.78,2024,0,5G,Android 14,https://www.gsmarena.com/vivo_y300_plus-13427.php,2026-08-22T13:10:40
vivo X200 Pro mini,Vivo,12GB,256GB,Mediatek Dimensity 9400,5700.0,6.31,2024,1,5G,Android 15,https://www.gsmarena.com/vivo_x200_pro_mini-13434.php,2026-08-22T13:11:19
vivo X200 Pro mini,Vivo,12GB,512GB,Mediatek Dimensity 9400,5700.0,6.31,2024,1,5G,Android 15,https://www.gsmarena.com/vivo_x200_pro_mini-13434.php,2026-08-22T13:11:19
vivo X200 Pro mini,Vivo,16GB,512GB,Mediatek Dimensity 9400,5700.0,6.31,2024,1,5G,Android 15,https://www.gsmarena.com/vivo_x200_pro_mini-13434.php,2026-08-22T13:11:19
vivo X200 Pro mini,Vivo,16GB,1TB,Mediatek Dimensity 9400,5700.0,6.31,2024,1,5G,Android 15,https://www.gsmarena.com/vivo_x200_pro_mini-13434.php,2026-08-22T13:11:19
vivo X200 Pro,Vivo,12GB,256GB,Mediatek Dimensity 9400,6000.0,6.78,2024,1,5G,Android 15,https://www.gsmarena.com/vivo_x200_pro-13410.php,2026-08-22T13:11:59
vivo X200 Pro,Vivo,16GB,512GB,Mediatek Dimensity 9400,6000.0,6.78,2024,1,5G,Android 15,https://www.gsmarena.com/vivo_x200_pro-13410.php,2026-08-22T13:11:59
vivo X200 Pro,Vivo,16GB,1TB,Mediatek Dimensity 9400,6000.0,6.78,2024,1,5G,Android 15,https://www.gsmarena.com/vivo_x200_pro-13410.php,2026-08-22T13:11:59
vivo X200,Vivo,12GB,256GB,Mediatek Dimensity 9400,5800.0,6.67,2024,1,5G,Android 15,https://www.gsmarena.com/vivo_x200-13433.php,2026-08-22T13:12:26
vivo X200,Vivo,12GB,512GB,Mediatek Dimensity 9400,5800.0,6.67,2024,1,5G,Android 15,https://www.gsmarena.com/vivo_x200-13433.php,2026-08-22T13:12:26
vivo X200,Vivo,16GB,512GB,Mediatek Dimensity 9400,5800.0,6.67,2024,1,5G,Android 15,https://www.gsmarena.com/vivo_x200-13433.php,2026-08-22T13:12:26
vivo X200,Vivo,16GB,1TB,Mediatek Dimensity 9400,5800.0,6.67,2024,1,5G,Android 15,https://www.gsmarena.com/vivo_x200-13433.php,2026-08-22T13:12:26
vivo Y19s 4G,Vivo,4GB,64GB,Unisoc Tiger T612,5500.0,6.68,2024,0,4G,Android 14,https://www.gsmarena.com/vivo_y19s-13436.php,2026-08-22T13:12:48
vivo Y19s 4G,Vivo,4GB,128GB,Unisoc Tiger T612,5500.0,6.68,2024,0,4G,Android 14,https://www.gsmarena.com/vivo_y19s-13436.php,2026-08-22T13:12:48
vivo Y19s 4G,Vivo,6GB,128GB,Unisoc Tiger T612,5500.0,6.68,2024,0,4G,Android 14,https://www.gsmarena.com/vivo_y19s-13436.php,2026-08-22T13:12:48
vivo Y19s 4G,Vivo,6GB,256GB,Unisoc Tiger T612,5500.0,6.68,2024,0,4G,Android 14,https://www.gsmarena.com/vivo_y19s-13436.php,2026-08-22T13:12:48
vivo Y19s 4G,Vivo,8GB,256GB,Unisoc Tiger T612,5500.0,6.68,2024,0,4G,Android 14,https://www.gsmarena.com/vivo_y19s-13436.php,2026-08-22T13:12:48
vivo V40 Lite 4G (IDN),Vivo,8GB,128GB,Qualcomm SM6225 Snapdragon 685,5000.0,6.67,2024,1,4G,Android 14,https://www.gsmarena.com/vivo_v40_lite_4g_(idn)-13360.php,2026-08-22T13:13:10
vivo V40 Lite 4G (IDN),Vivo,8GB,256GB,Qualcomm SM6225 Snapdragon 685,5000.0,6.67,2024,1,4G,Android 14,https://www.gsmarena.com/vivo_v40_lite_4g_(idn)-13360.php,2026-08-22T13:13:10
vivo V40 Lite (IDN),Vivo,8GB,128GB,Qualcomm SM4450 Snapdragon 4 Gen 2,5000.0,6.67,2024,1,5G,Android 14,https://www.gsmarena.com/vivo_v40_lite_(idn)-13353.php,2026-08-22T13:13:35
vivo V40 Lite (IDN),Vivo,8GB,256GB,Qualcomm SM4450 Snapdragon 4 Gen 2,5000.0,6.67,2024,1,5G,Android 14,https://www.gsmarena.com/vivo_v40_lite_(idn)-13353.php,2026-08-22T13:13:35
vivo V40 Lite (IDN),Vivo,12GB,256GB,Qualcomm SM4450 Snapdragon 4 Gen 2,5000.0,6.67,2024,1,5G,Android 14,https://www.gsmarena.com/vivo_v40_lite_(idn)-13353.php,2026-08-22T13:13:35
vivo V40 Lite (IDN),Vivo,12GB,512GB,Qualcomm SM4450 Snapdragon 4 Gen 2,5000.0,6.67,2024,1,5G,Android 14,https://www.gsmarena.com/vivo_v40_lite_(idn)-13353.php,2026-08-22T13:13:35
vivo V40e,Vivo,8GB,128GB,Mediatek Dimensity 7300,5500.0,6.77,2024,0,5G,Android 14,https://www.gsmarena.com/vivo_v40e-13339.php,2026-08-22T13:14:02
vivo V40e,Vivo,8GB,256GB,Mediatek Dimensity 7300,5500.0,6.77,2024,0,5G,Android 14,https://www.gsmarena.com/vivo_v40e-13339.php,2026-08-22T13:14:02
vivo iQOO Z9 Turbo+,Vivo,12GB,256GB,Mediatek Dimensity 9300+,6400.0,6.78,2024,1,5G,Android 14,https://www.gsmarena.com/vivo_iqoo_z9_turbo+-13359.php,2026-08-22T13:14:29
vivo iQOO Z9 Turbo+,Vivo,16GB,256GB,Mediatek Dimensity 9300+,6400.0,6.78,2024,1,5G,Android 14,https://www.gsmarena.com/vivo_iqoo_z9_turbo+-13359.php,2026-08-22T13:14:29
vivo iQOO Z9 Turbo+,Vivo,12GB,512GB,Mediatek Dimensity 9300+,6400.0,6.78,2024,1,5G,Android 14,https://www.gsmarena.com/vivo_iqoo_z9_turbo+-13359.php,2026-08-22T13:14:29
vivo iQOO Z9 Turbo+,Vivo,16GB,512GB,Mediatek Dimensity 9300+,6400.0,6.78,2024,1,5G,Android 14,https://www.gsmarena.com/vivo_iqoo_z9_turbo+-13359.php,2026-08-22T13:14:29
vivo T3 Ultra,Vivo,8GB,128GB,Mediatek Dimensity 9200+,5500.0,6.78,2024,0,5G,Android 14,https://www.gsmarena.com/vivo_t3_ultra-13321.php,2026-08-22T13:14:58
vivo T3 Ultra,Vivo,8GB,256GB,Mediatek Dimensity 9200+,5500.0,6.78,2024,0,5G,Android 14,https://www.gsmarena.com/vivo_t3_ultra-13321.php,2026-08-22T13:14:58
vivo T3 Ultra,Vivo,12GB,256GB,Mediatek Dimensity 9200+,5500.0,6.78,2024,0,5G,Android 14,https://www.gsmarena.com/vivo_t3_ultra-13321.php,2026-08-22T13:14:58
vivo Y300 Pro,Vivo,8GB,128GB,Qualcomm SM6450 Snapdragon 6 Gen 1,6500.0,6.77,2024,0,5G,Android 14,https://www.gsmarena.com/vivo_y300_pro-13306.php,2026-08-22T13:15:28
vivo Y300 Pro,Vivo,8GB,256GB,Qualcomm SM6450 Snapdragon 6 Gen 1,6500.0,6.77,2024,0,5G,Android 14,https://www.gsmarena.com/vivo_y300_pro-13306.php,2026-08-22T13:15:28
vivo Y300 Pro,Vivo,12GB,256GB,Qualcomm SM6450 Snapdragon 6 Gen 1,6500.0,6.77,2024,0,5G,Android 14,https://www.gsmarena.com/vivo_y300_pro-13306.php,2026-08-22T13:15:28
vivo Y300 Pro,Vivo,12GB,512GB,Qualcomm SM6450 Snapdragon 6 Gen 1,6500.0,6.77,2024,0,5G,Android 14,https://www.gsmarena.com/vivo_y300_pro-13306.php,2026-08-22T13:15:28
vivo Y37 Pro,Vivo,8GB,256GB,Qualcomm SM4450 Snapdragon 4 Gen 2,6000.0,6.68,2024,0,5G,Android 14,https://www.gsmarena.com/vivo_y37_pro-13308.php,2026-08-22T13:15:51
vivo Y37,Vivo,4GB,64GB,Mediatek Dimensity 6300,5000.0,6.56,2024,0,5G,Android 14,https://www.gsmarena.com/vivo_y37-13309.php,2026-08-22T13:16:13
vivo Y37,Vivo,4GB,128GB,Mediatek Dimensity 6300,5000.0,6.56,2024,0,5G,Android 14,https://www.gsmarena.com/vivo_y37-13309.php,2026-08-22T13:16:13
vivo Y37,Vivo,6GB,128GB,Mediatek Dimensity 6300,5000.0,6.56,2024,0,5G,Android 14,https://www.gsmarena.com/vivo_y37-13309.php,2026-08-22T13:16:13
vivo Y37,Vivo,8GB,128GB,Mediatek Dimensity 6300,5000.0,6.56,2024,0,5G,Android 14,https://www.gsmarena.com/vivo_y37-13309.php,2026-08-22T13:16:13
vivo Y37,Vivo,8GB,256GB,Mediatek Dimensity 6300,5000.0,6.56,2024,0,5G,Android 14,https://www.gsmarena.com/vivo_y37-13309.php,2026-08-22T13:16:13
vivo Y37,Vivo,12GB,256GB,Mediatek Dimensity 6300,5000.0,6.56,2024,0,5G,Android 14,https://www.gsmarena.com/vivo_y37-13309.php,2026-08-22T13:16:13
vivo T3 Pro,Vivo,8GB,128GB,Qualcomm SM7550-AB Snapdragon 7 Gen 3,5500.0,6.77,2024,0,5G,Android 14,https://www.gsmarena.com/vivo_t3_pro-13285.php,2026-08-22T13:16:40
vivo T3 Pro,Vivo,8GB,256GB,Qualcomm SM7550-AB Snapdragon 7 Gen 3,5500.0,6.77,2024,0,5G,Android 14,https://www.gsmarena.com/vivo_t3_pro-13285.php,2026-08-22T13:16:40
vivo Y18i,Vivo,4GB,64GB,Unisoc T612,5000.0,6.56,2024,0,4G,Android 14,https://www.gsmarena.com/vivo_y18i-13280.php,2026-08-22T13:17:18
vivo Y03t,Vivo,4GB,64GB,Unisoc T612,5000.0,6.56,2024,0,4G,Android 14,https://www.gsmarena.com/vivo_y03t-13277.php,2026-08-22T13:17:49
vivo Y03t,Vivo,4GB,128GB,Unisoc T612,5000.0,6.56,2024,0,4G,Android 14,https://www.gsmarena.com/vivo_y03t-13277.php,2026-08-22T13:17:49
vivo iQOO Z9s Pro,Vivo,8GB,128GB,Qualcomm SM7550-AB Snapdragon 7 Gen 3,5500.0,6.77,2024,0,5G,Android 14,https://www.gsmarena.com/vivo_iqoo_z9s_pro-13272.php,2026-08-22T13:18:24
vivo iQOO Z9s Pro,Vivo,8GB,256GB,Qualcomm SM7550-AB Snapdragon 7 Gen 3,5500.0,6.77,2024,0,5G,Android 14,https://www.gsmarena.com/vivo_iqoo_z9s_pro-13272.php,2026-08-22T13:18:24
vivo iQOO Z9s Pro,Vivo,12GB,256GB,Qualcomm SM7550-AB Snapdragon 7 Gen 3,5500.0,6.77,2024,0,5G,Android 14,https://www.gsmarena.com/vivo_iqoo_z9s_pro-13272.php,2026-08-22T13:18:24
vivo iQOO Z9s,Vivo,8GB,128GB,Mediatek Dimensity 7300,5500.0,6.77,2024,0,5G,Android 14,https://www.gsmarena.com/vivo_iqoo_z9s-13273.php,2026-08-22T13:18:59
vivo iQOO Z9s,Vivo,8GB,256GB,Mediatek Dimensity 7300,5500.0,6.77,2024,0,5G,Android 14,https://www.gsmarena.com/vivo_iqoo_z9s-13273.php,2026-08-22T13:18:59
vivo iQOO Z9s,Vivo,12GB,256GB,Mediatek Dimensity 7300,5500.0,6.77,2024,0,5G,Android 14,https://www.gsmarena.com/vivo_iqoo_z9s-13273.php,2026-08-22T13:18:59
vivo V40 Pro,Vivo,8GB,256GB,Mediatek Dimensity 9200+,5500.0,6.78,2024,1,5G,Android 14,https://www.gsmarena.com/vivo_v40_pro-13239.php,2026-08-22T13:19:36
vivo V40 Pro,Vivo,12GB,256GB,Mediatek Dimensity 9200+,5500.0,6.78,2024,1,5G,Android 14,https://www.gsmarena.com/vivo_v40_pro-13239.php,2026-08-22T13:19:36
vivo V40 Pro,Vivo,12GB,512GB,Mediatek Dimensity 9200+,5500.0,6.78,2024,1,5G,Android 14,https://www.gsmarena.com/vivo_v40_pro-13239.php,2026-08-22T13:19:36
vivo V40 Lite,Vivo,8GB,128GB,Qualcomm SM6450 Snapdragon 6 Gen 1,5500.0,6.78,2024,1,5G,Android 14,https://www.gsmarena.com/vivo_v40_lite-13207.php,2026-08-22T13:20:00
vivo V40 Lite,Vivo,8GB,256GB,Qualcomm SM6450 Snapdragon 6 Gen 1,5500.0,6.78,2024,1,5G,Android 14,https://www.gsmarena.com/vivo_v40_lite-13207.php,2026-08-22T13:20:00
vivo iQOO Z9 Lite,Vivo,4GB,128GB,Mediatek Dimensity 6300,5000.0,6.56,2024,0,5G,Android 14,https://www.gsmarena.com/vivo_iqoo_z9_lite-13194.php,2026-08-22T13:20:36
vivo iQOO Z9 Lite,Vivo,6GB,128GB,Mediatek Dimensity 6300,5000.0,6.56,2024,0,5G,Android 14,https://www.gsmarena.com/vivo_iqoo_z9_lite-13194.php,2026-08-22T13:20:36
vivo iQOO Neo9S Pro+,Vivo,12GB,256GB,Qualcomm SM8650-AB Snapdragon 8 Gen 3,5500.0,6.78,2024,1,5G,Android 14,https://www.gsmarena.com/vivo_iqoo_neo9s_pro+-13187.php,2026-08-22T13:21:00
vivo iQOO Neo9S Pro+,Vivo,16GB,256GB,Qualcomm SM8650-AB Snapdragon 8 Gen 3,5500.0,6.78,2024,1,5G,Android 14,https://www.gsmarena.com/vivo_iqoo_neo9s_pro+-13187.php,2026-08-22T13:21:00
vivo iQOO Neo9S Pro+,Vivo,12GB,512GB,Qualcomm SM8650-AB Snapdragon 8 Gen 3,5500.0,6.78,2024,1,5G,Android 14,https://www.gsmarena.com/vivo_iqoo_neo9s_pro+-13187.php,2026-08-22T13:21:00
vivo iQOO Neo9S Pro+,Vivo,16GB,512GB,Qualcomm SM8650-AB Snapdragon 8 Gen 3,5500.0,6.78,2024,1,5G,Android 14,https://www.gsmarena.com/vivo_iqoo_neo9s_pro+-13187.php,2026-08-22T13:21:00
vivo iQOO Neo9S Pro+,Vivo,16GB,1TB,Qualcomm SM8650-AB Snapdragon 8 Gen 3,5500.0,6.78,2024,1,5G,Android 14,https://www.gsmarena.com/vivo_iqoo_neo9s_pro+-13187.php,2026-08-22T13:21:00
vivo V40,Vivo,8GB,128GB,Qualcomm SM7550-AB Snapdragon 7 Gen 3,5500.0,6.78,2024,1,5G,Android 14,https://www.gsmarena.com/vivo_v40-13121.php,2026-08-22T13:21:21
vivo V40,Vivo,8GB,256GB,Qualcomm SM7550-AB Snapdragon 7 Gen 3,5500.0,6.78,2024,1,5G,Android 14,https://www.gsmarena.com/vivo_v40-13121.php,2026-08-22T13:21:21
vivo V40,Vivo,12GB,256GB,Qualcomm SM7550-AB Snapdragon 7 Gen 3,5500.0,6.78,2024,1,5G,Android 14,https://www.gsmarena.com/vivo_v40-13121.php,2026-08-22T13:21:21
vivo V40,Vivo,12GB,512GB,Qualcomm SM7550-AB Snapdragon 7 Gen 3,5500.0,6.78,2024,1,5G,Android 14,https://www.gsmarena.com/vivo_v40-13121.php,2026-08-22T13:21:21
vivo T3 Lite,Vivo,4GB,128GB,Mediatek Dimensity 6300,5000.0,6.56,2024,0,5G,Android 14,https://www.gsmarena.com/vivo_t3_lite-13177.php,2026-08-22T13:21:53
vivo T3 Lite,Vivo,6GB,128GB,Mediatek Dimensity 6300,5000.0,6.56,2024,0,5G,Android 14,https://www.gsmarena.com/vivo_t3_lite-13177.php,2026-08-22T13:21:53
vivo Y28s,Vivo,4GB,128GB,Mediatek Dimensity 6300,5000.0,6.56,2024,1,5G,Android 14,https://www.gsmarena.com/vivo_y28s-13171.php,2026-08-22T13:22:31
vivo Y28s,Vivo,6GB,128GB,Mediatek Dimensity 6300,5000.0,6.56,2024,1,5G,Android 14,https://www.gsmarena.com/vivo_y28s-13171.php,2026-08-22T13:22:31
vivo Y28s,Vivo,8GB,128GB,Mediatek Dimensity 6300,5000.0,6.56,2024,1,5G,Android 14,https://www.gsmarena.com/vivo_y28s-13171.php,2026-08-22T13:22:31
vivo Y28s,Vivo,8GB,256GB,Mediatek Dimensity 6300,5000.0,6.56,2024,1,5G,Android 14,https://www.gsmarena.com/vivo_y28s-13171.php,2026-08-22T13:22:31
vivo Y28 4G,Vivo,4GB,128GB,Mediatek Helio G85,6000.0,6.68,2024,0,4G,Android 14,https://www.gsmarena.com/vivo_y28_4g-13201.php,2026-08-22T13:23:11
vivo Y28 4G,Vivo,6GB,128GB,Mediatek Helio G85,6000.0,6.68,2024,0,4G,Android 14,https://www.gsmarena.com/vivo_y28_4g-13201.php,2026-08-22T13:23:11
vivo Y28 4G,Vivo,8GB,128GB,Mediatek Helio G85,6000.0,6.68,2024,0,4G,Android 14,https://www.gsmarena.com/vivo_y28_4g-13201.php,2026-08-22T13:23:11
vivo Y28 4G,Vivo,8GB,256GB,Mediatek Helio G85,6000.0,6.68,2024,0,4G,Android 14,https://www.gsmarena.com/vivo_y28_4g-13201.php,2026-08-22T13:23:11
vivo Y58,Vivo,8GB,128GB,Qualcomm SM4450 Snapdragon 4 Gen 2,6000.0,6.72,2024,0,5G,Android 14,https://www.gsmarena.com/vivo_y58-13156.php,2026-08-22T13:23:38
vivo S19 Pro,Vivo,8GB,256GB,Mediatek Dimensity 9200+,5500.0,6.78,2024,1,5G,Android 14,https://www.gsmarena.com/vivo_s19_pro-13087.php,2026-08-22T13:24:15
vivo S19 Pro,Vivo,12GB,256GB,Mediatek Dimensity 9200+,5500.0,6.78,2024,1,5G,Android 14,https://www.gsmarena.com/vivo_s19_pro-13087.php,2026-08-22T13:24:15
vivo S19 Pro,Vivo,16GB,256GB,Mediatek Dimensity 9200+,5500.0,6.78,2024,1,5G,Android 14,https://www.gsmarena.com/vivo_s19_pro-13087.php,2026-08-22T13:24:15
vivo S19 Pro,Vivo,12GB,512GB,Mediatek Dimensity 9200+,5500.0,6.78,2024,1,5G,Android 14,https://www.gsmarena.com/vivo_s19_pro-13087.php,2026-08-22T13:24:15
vivo S19 Pro,Vivo,16GB,512GB,Mediatek Dimensity 9200+,5500.0,6.78,2024,1,5G,Android 14,https://www.gsmarena.com/vivo_s19_pro-13087.php,2026-08-22T13:24:15
vivo S19,Vivo,8GB,256GB,Qualcomm SM7550-AB Snapdragon 7 Gen 3,6000.0,6.78,2024,1,5G,Android 14,https://www.gsmarena.com/vivo_s19-13088.php,2026-08-22T13:24:40
vivo S19,Vivo,12GB,256GB,Qualcomm SM7550-AB Snapdragon 7 Gen 3,6000.0,6.78,2024,1,5G,Android 14,https://www.gsmarena.com/vivo_s19-13088.php,2026-08-22T13:24:40
vivo S19,Vivo,12GB,512GB,Qualcomm SM7550-AB Snapdragon 7 Gen 3,6000.0,6.78,2024,1,5G,Android 14,https://www.gsmarena.com/vivo_s19-13088.php,2026-08-22T13:24:40
vivo S19,Vivo,16GB,512GB,Qualcomm SM7550-AB Snapdragon 7 Gen 3,6000.0,6.78,2024,1,5G,Android 14,https://www.gsmarena.com/vivo_s19-13088.php,2026-08-22T13:24:40
vivo Y200 Pro,Vivo,8GB,128GB,Qualcomm SM6375 Snapdragon 695 5G,5000.0,6.78,2024,0,5G,Android 14,https://www.gsmarena.com/vivo_y200_pro-13019.php,2026-08-22T13:25:04
vivo iQOO Neo9S Pro,Vivo,12GB,256GB,Mediatek Dimensity 9300+,5160.0,6.78,2024,1,5G,Android 14,https://www.gsmarena.com/vivo_iqoo_neo9s_pro-13018.php,2026-08-22T13:25:34
vivo iQOO Neo9S Pro,Vivo,12GB,512GB,Mediatek Dimensity 9300+,5160.0,6.78,2024,1,5G,Android 14,https://www.gsmarena.com/vivo_iqoo_neo9s_pro-13018.php,2026-08-22T13:25:34
vivo iQOO Neo9S Pro,Vivo,16GB,512GB,Mediatek Dimensity 9300+,5160.0,6.78,2024,1,5G,Android 14,https://www.gsmarena.com/vivo_iqoo_neo9s_pro-13018.php,2026-08-22T13:25:34
vivo iQOO Neo9S Pro,Vivo,16GB,1TB,Mediatek Dimensity 9300+,5160.0,6.78,2024,1,5G,Android 14,https://www.gsmarena.com/vivo_iqoo_neo9s_pro-13018.php,2026-08-22T13:25:34
vivo Y200 GT,Vivo,8GB,128GB,Qualcomm SM7550-AB Snapdragon 7 Gen 3,6000.0,6.78,2024,1,5G,Android 14,https://www.gsmarena.com/vivo_y200_gt-13015.php,2026-08-22T13:25:58
vivo Y200 GT,Vivo,8GB,256GB,Qualcomm SM7550-AB Snapdragon 7 Gen 3,6000.0,6.78,2024,1,5G,Android 14,https://www.gsmarena.com/vivo_y200_gt-13015.php,2026-08-22T13:25:58
vivo Y200 GT,Vivo,12GB,256GB,Qualcomm SM7550-AB Snapdragon 7 Gen 3,6000.0,6.78,2024,1,5G,Android 14,https://www.gsmarena.com/vivo_y200_gt-13015.php,2026-08-22T13:25:58
vivo Y200 GT,Vivo,12GB,512GB,Qualcomm SM7550-AB Snapdragon 7 Gen 3,6000.0,6.78,2024,1,5G,Android 14,https://www.gsmarena.com/vivo_y200_gt-13015.php,2026-08-22T13:25:58
vivo Y200 (China),Vivo,8GB,128GB,Qualcomm SM6450 Snapdragon 6 Gen 1,6000.0,6.78,2024,0,5G,Android 14,https://www.gsmarena.com/vivo_y200_(china)-13016.php,2026-08-22T13:26:24
vivo Y200 (China),Vivo,8GB,256GB,Qualcomm SM6450 Snapdragon 6 Gen 1,6000.0,6.78,2024,0,5G,Android 14,https://www.gsmarena.com/vivo_y200_(china)-13016.php,2026-08-22T13:26:24
vivo Y200 (China),Vivo,12GB,256GB,Qualcomm SM6450 Snapdragon 6 Gen 1,6000.0,6.78,2024,0,5G,Android 14,https://www.gsmarena.com/vivo_y200_(china)-13016.php,2026-08-22T13:26:24
vivo Y200 (China),Vivo,12GB,512GB,Qualcomm SM6450 Snapdragon 6 Gen 1,6000.0,6.78,2024,0,5G,Android 14,https://www.gsmarena.com/vivo_y200_(china)-13016.php,2026-08-22T13:26:24
vivo Y200t,Vivo,8GB,128GB,Qualcomm SM6450 Snapdragon 6 Gen 1,6000.0,6.72,2024,0,5G,Android 14,https://www.gsmarena.com/vivo_y200t-13017.php,2026-08-22T13:26:57
vivo Y200t,Vivo,8GB,256GB,Qualcomm SM6450 Snapdragon 6 Gen 1,6000.0,6.72,2024,0,5G,Android 14,https://www.gsmarena.com/vivo_y200t-13017.php,2026-08-22T13:26:57
vivo Y200t,Vivo,12GB,256GB,Qualcomm SM6450 Snapdragon 6 Gen 1,6000.0,6.72,2024,0,5G,Android 14,https://www.gsmarena.com/vivo_y200t-13017.php,2026-08-22T13:26:57
vivo Y200t,Vivo,12GB,512GB,Qualcomm SM6450 Snapdragon 6 Gen 1,6000.0,6.72,2024,0,5G,Android 14,https://www.gsmarena.com/vivo_y200t-13017.php,2026-08-22T13:26:57
vivo X100 Ultra,Vivo,12GB,256GB,Qualcomm SM8650-AB Snapdragon 8 Gen 3,5500.0,6.78,2024,1,5G,Android 14,https://www.gsmarena.com/vivo_x100_ultra-12994.php,2026-08-22T13:27:35
vivo X100 Ultra,Vivo,16GB,512GB,Qualcomm SM8650-AB Snapdragon 8 Gen 3,5500.0,6.78,2024,1,5G,Android 14,https://www.gsmarena.com/vivo_x100_ultra-12994.php,2026-08-22T13:27:35
vivo X100 Ultra,Vivo,16GB,1TB,Qualcomm SM8650-AB Snapdragon 8 Gen 3,5500.0,6.78,2024,1,5G,Android 14,https://www.gsmarena.com/vivo_x100_ultra-12994.php,2026-08-22T13:27:35
vivo X100s Pro,Vivo,12GB,256GB,Mediatek Dimensity 9300+,5400.0,6.78,2024,1,5G,Android 14,https://www.gsmarena.com/vivo_x100s_pro-12998.php,2026-08-22T13:28:14
vivo X100s Pro,Vivo,16GB,512GB,Mediatek Dimensity 9300+,5400.0,6.78,2024,1,5G,Android 14,https://www.gsmarena.com/vivo_x100s_pro-12998.php,2026-08-22T13:28:14
vivo X100s Pro,Vivo,16GB,1TB,Mediatek Dimensity 9300+,5400.0,6.78,2024,1,5G,Android 14,https://www.gsmarena.com/vivo_x100s_pro-12998.php,2026-08-22T13:28:14
vivo X100s,Vivo,12GB,256GB,Mediatek Dimensity 9300+,5100.0,6.78,2024,1,5G,Android 14,https://www.gsmarena.com/vivo_x100s-12999.php,2026-08-22T13:28:48
vivo X100s,Vivo,16GB,256GB,Mediatek Dimensity 9300+,5100.0,6.78,2024,1,5G,Android 14,https://www.gsmarena.com/vivo_x100s-12999.php,2026-08-22T13:28:48
vivo X100s,Vivo,12GB,512GB,Mediatek Dimensity 9300+,5100.0,6.78,2024,1,5G,Android 14,https://www.gsmarena.com/vivo_x100s-12999.php,2026-08-22T13:28:48
vivo X100s,Vivo,16GB,512GB,Mediatek Dimensity 9300+,5100.0,6.78,2024,1,5G,Android 14,https://www.gsmarena.com/vivo_x100s-12999.php,2026-08-22T13:28:48
vivo X100s,Vivo,16GB,1TB,Mediatek Dimensity 9300+,5100.0,6.78,2024,1,5G,Android 14,https://www.gsmarena.com/vivo_x100s-12999.php,2026-08-22T13:28:48
vivo Y18,Vivo,4GB,64GB,Mediatek Helio G85,5000.0,6.56,2024,1,4G,Android 14,https://www.gsmarena.com/vivo_y18-13129.php,2026-08-22T13:29:14
vivo Y18,Vivo,4GB,128GB,Mediatek Helio G85,5000.0,6.56,2024,1,4G,Android 14,https://www.gsmarena.com/vivo_y18-13129.php,2026-08-22T13:29:14
vivo Y18,Vivo,6GB,128GB,Mediatek Helio G85,5000.0,6.56,2024,1,4G,Android 14,https://www.gsmarena.com/vivo_y18-13129.php,2026-08-22T13:29:14
vivo Y18,Vivo,8GB,128GB,Mediatek Helio G85,5000.0,6.56,2024,1,4G,Android 14,https://www.gsmarena.com/vivo_y18-13129.php,2026-08-22T13:29:14
vivo Y18,Vivo,8GB,256GB,Mediatek Helio G85,5000.0,6.56,2024,1,4G,Android 14,https://www.gsmarena.com/vivo_y18-13129.php,2026-08-22T13:29:14
vivo Y18 (India),Vivo,4GB,64GB,Mediatek Helio G85,5000.0,6.56,2024,0,4G,Android 14,https://www.gsmarena.com/vivo_y18_(india)-12977.php,2026-08-22T13:29:39
vivo Y18 (India),Vivo,4GB,128GB,Mediatek Helio G85,5000.0,6.56,2024,0,4G,Android 14,https://www.gsmarena.com/vivo_y18_(india)-12977.php,2026-08-22T13:29:39
vivo Y18 (India),Vivo,6GB,128GB,Mediatek Helio G85,5000.0,6.56,2024,0,4G,Android 14,https://www.gsmarena.com/vivo_y18_(india)-12977.php,2026-08-22T13:29:39
vivo Y18e,Vivo,4GB,64GB,Mediatek Helio G85,5000.0,6.56,2024,0,4G,Android 14,https://www.gsmarena.com/vivo_y18e-12978.php,2026-08-22T13:30:06
vivo Y100 4G,Vivo,8GB,128GB,Qualcomm SM6225 Snapdragon 685,5000.0,6.67,2024,0,4G,Android 14,https://www.gsmarena.com/vivo_y100_4g-12974.php,2026-08-22T13:30:35
vivo Y100 4G,Vivo,8GB,256GB,Qualcomm SM6225 Snapdragon 685,5000.0,6.67,2024,0,4G,Android 14,https://www.gsmarena.com/vivo_y100_4g-12974.php,2026-08-22T13:30:35
vivo V30e,Vivo,8GB,128GB,Qualcomm SM6450 Snapdragon 6 Gen 1,5500.0,6.78,2024,1,5G,Android 14,https://www.gsmarena.com/vivo_v30e-12971.php,2026-08-22T13:31:01
vivo V30e,Vivo,8GB,256GB,Qualcomm SM6450 Snapdragon 6 Gen 1,5500.0,6.78,2024,1,5G,Android 14,https://www.gsmarena.com/vivo_v30e-12971.php,2026-08-22T13:31:01
vivo V30e,Vivo,12GB,256GB,Qualcomm SM6450 Snapdragon 6 Gen 1,5500.0,6.78,2024,1,5G,Android 14,https://www.gsmarena.com/vivo_v30e-12971.php,2026-08-22T13:31:01
vivo Y38,Vivo,8GB,256GB,Qualcomm SM4450 Snapdragon 4 Gen 2,6000.0,6.68,2024,1,5G,Android 14,https://www.gsmarena.com/vivo_y38-12973.php,2026-08-22T13:31:37
vivo V30 SE,Vivo,8GB,256GB,Qualcomm SM4450 Snapdragon 4 Gen 2,5000.0,6.67,2024,0,5G,Android 14,https://www.gsmarena.com/vivo_v30_se-12970.php,2026-08-22T13:32:02
vivo iQOO Z9 Turbo,Vivo,12GB,256GB,Qualcomm SM8635 Snapdragon 8s Gen 3,6000.0,6.78,2024,1,5G,Android 14,https://www.gsmarena.com/vivo_iqoo_z9_turbo-12872.php,2026-08-22T13:32:41
vivo iQOO Z9 Turbo,Vivo,16GB,256GB,Qualcomm SM8635 Snapdragon 8s Gen 3,6000.0,6.78,2024,1,5G,Android 14,https://www.gsmarena.com/vivo_iqoo_z9_turbo-12872.php,2026-08-22T13:32:41
vivo iQOO Z9 Turbo,Vivo,12GB,512GB,Qualcomm SM8635 Snapdragon 8s Gen 3,6000.0,6.78,2024,1,5G,Android 14,https://www.gsmarena.com/vivo_iqoo_z9_turbo-12872.php,2026-08-22T13:32:41
vivo iQOO Z9 Turbo,Vivo,16GB,512GB,Qualcomm SM8635 Snapdragon 8s Gen 3,6000.0,6.78,2024,1,5G,Android 14,https://www.gsmarena.com/vivo_iqoo_z9_turbo-12872.php,2026-08-22T13:32:41
vivo iQOO Z9x,Vivo,4GB,128GB,Qualcomm SM6450 Snapdragon 6 Gen 1,6000.0,6.72,2024,1,5G,Android 14,https://www.gsmarena.com/vivo_iqoo_z9x-12958.php,2026-08-22T13:33:04
vivo iQOO Z9x,Vivo,6GB,128GB,Qualcomm SM6450 Snapdragon 6 Gen 1,6000.0,6.72,2024,1,5G,Android 14,https://www.gsmarena.com/vivo_iqoo_z9x-12958.php,2026-08-22T13:33:04
vivo iQOO Z9x,Vivo,8GB,128GB,Qualcomm SM6450 Snapdragon 6 Gen 1,6000.0,6.72,2024,1,5G,Android 14,https://www.gsmarena.com/vivo_iqoo_z9x-12958.php,2026-08-22T13:33:04
vivo iQOO Z9x,Vivo,8GB,256GB,Qualcomm SM6450 Snapdragon 6 Gen 1,6000.0,6.72,2024,1,5G,Android 14,https://www.gsmarena.com/vivo_iqoo_z9x-12958.php,2026-08-22T13:33:04
vivo iQOO Z9x,Vivo,12GB,256GB,Qualcomm SM6450 Snapdragon 6 Gen 1,6000.0,6.72,2024,1,5G,Android 14,https://www.gsmarena.com/vivo_iqoo_z9x-12958.php,2026-08-22T13:33:04
vivo iQOO Z9 (China),Vivo,8GB,128GB,Qualcomm SM7550-AB Snapdragon 7 Gen 3,6000.0,6.78,2024,1,5G,Android 14,https://www.gsmarena.com/vivo_iqoo_z9_(china)-12959.php,2026-08-22T13:33:33
vivo iQOO Z9 (China),Vivo,8GB,256GB,Qualcomm SM7550-AB Snapdragon 7 Gen 3,6000.0,6.78,2024,1,5G,Android 14,https://www.gsmarena.com/vivo_iqoo_z9_(china)-12959.php,2026-08-22T13:33:33
vivo iQOO Z9 (China),Vivo,12GB,256GB,Qualcomm SM7550-AB Snapdragon 7 Gen 3,6000.0,6.78,2024,1,5G,Android 14,https://www.gsmarena.com/vivo_iqoo_z9_(china)-12959.php,2026-08-22T13:33:33
vivo iQOO Z9 (China),Vivo,12GB,512GB,Qualcomm SM7550-AB Snapdragon 7 Gen 3,6000.0,6.78,2024,1,5G,Android 14,https://www.gsmarena.com/vivo_iqoo_z9_(china)-12959.php,2026-08-22T13:33:33
vivo Y200i,Vivo,8GB,256GB,Qualcomm SM4450 Snapdragon 4 Gen 2,6000.0,6.72,2024,0,5G,Android 14,https://www.gsmarena.com/vivo_y200i-12946.php,2026-08-22T13:34:07
vivo Y200i,Vivo,12GB,256GB,Qualcomm SM4450 Snapdragon 4 Gen 2,6000.0,6.72,2024,0,5G,Android 14,https://www.gsmarena.com/vivo_y200i-12946.php,2026-08-22T13:34:07
vivo Y200i,Vivo,12GB,512GB,Qualcomm SM4450 Snapdragon 4 Gen 2,6000.0,6.72,2024,0,5G,Android 14,https://www.gsmarena.com/vivo_y200i-12946.php,2026-08-22T13:34:07
vivo T3x,Vivo,4GB,128GB,Qualcomm SM6450 Snapdragon 6 Gen 1,6000.0,6.72,2024,0,5G,Android 14,https://www.gsmarena.com/vivo_t3x-12938.php,2026-08-22T13:34:45
vivo T3x,Vivo,6GB,128GB,Qualcomm SM6450 Snapdragon 6 Gen 1,6000.0,6.72,2024,0,5G,Android 14,https://www.gsmarena.com/vivo_t3x-12938.php,2026-08-22T13:34:45
vivo T3x,Vivo,8GB,128GB,Qualcomm SM6450 Snapdragon 6 Gen 1,6000.0,6.72,2024,0,5G,Android 14,https://www.gsmarena.com/vivo_t3x-12938.php,2026-08-22T13:34:45
vivo T3x,Vivo,8GB,256GB,Qualcomm SM6450 Snapdragon 6 Gen 1,6000.0,6.72,2024,0,5G,Android 14,https://www.gsmarena.com/vivo_t3x-12938.php,2026-08-22T13:34:45
vivo V30 Lite 4G,Vivo,8GB,128GB,Qualcomm SM6225 Snapdragon 685,5000.0,6.67,2024,0,4G,Android 14,https://www.gsmarena.com/vivo_v30_lite_4g-12912.php,2026-08-22T13:35:21
vivo V30 Lite 4G,Vivo,8GB,256GB,Qualcomm SM6225 Snapdragon 685,5000.0,6.67,2024,0,4G,Android 14,https://www.gsmarena.com/vivo_v30_lite_4g-12912.php,2026-08-22T13:35:21
vivo V30 Lite (ME),Vivo,12GB,256GB,Qualcomm SM4450 Snapdragon 4 Gen 2,5000.0,6.67,2024,1,5G,Android 14,https://www.gsmarena.com/vivo_v30_lite_(me)-12907.php,2026-08-22T13:35:55
vivo V40 SE,Vivo,8GB,256GB,Qualcomm SM4450 Snapdragon 4 Gen 2,5000.0,6.67,2024,1,5G,Android 14,https://www.gsmarena.com/vivo_v40_se-12905.php,2026-08-22T13:36:26
vivo X Fold3 Pro,Vivo,12GB,256GB,Qualcomm SM8650-AB Snapdragon 8 Gen 3,5700.0,8.03,2024,1,5G,Android 14,https://www.gsmarena.com/vivo_x_fold3_pro-12899.php,2026-08-22T13:36:54
vivo X Fold3 Pro,Vivo,16GB,512GB,Qualcomm SM8650-AB Snapdragon 8 Gen 3,5700.0,8.03,2024,1,5G,Android 14,https://www.gsmarena.com/vivo_x_fold3_pro-12899.php,2026-08-22T13:36:54
vivo X Fold3 Pro,Vivo,16GB,1TB,Qualcomm SM8650-AB Snapdragon 8 Gen 3,5700.0,8.03,2024,1,5G,Android 14,https://www.gsmarena.com/vivo_x_fold3_pro-12899.php,2026-08-22T13:36:54
vivo X Fold3,Vivo,12GB,256GB,Qualcomm SM8550-AB Snapdragon 8 Gen 2,5500.0,8.03,2024,1,5G,Android 14,https://www.gsmarena.com/vivo_x_fold3-12900.php,2026-08-22T13:37:22
vivo X Fold3,Vivo,16GB,256GB,Qualcomm SM8550-AB Snapdragon 8 Gen 2,5500.0,8.03,2024,1,5G,Android 14,https://www.gsmarena.com/vivo_x_fold3-12900.php,2026-08-22T13:37:22
vivo X Fold3,Vivo,16GB,512GB,Qualcomm SM8550-AB Snapdragon 8 Gen 2,5500.0,8.03,2024,1,5G,Android 14,https://www.gsmarena.com/vivo_x_fold3-12900.php,2026-08-22T13:37:22
vivo X Fold3,Vivo,16GB,1TB,Qualcomm SM8550-AB Snapdragon 8 Gen 2,5500.0,8.03,2024,1,5G,Android 14,https://www.gsmarena.com/vivo_x_fold3-12900.php,2026-08-22T13:37:22
vivo T3,Vivo,8GB,128GB,Mediatek Dimensity 7200,5000.0,6.67,2024,0,5G,Android 14,https://www.gsmarena.com/vivo_t3-12887.php,2026-08-22T13:37:44
vivo T3,Vivo,8GB,256GB,Mediatek Dimensity 7200,5000.0,6.67,2024,0,5G,Android 14,https://www.gsmarena.com/vivo_t3-12887.php,2026-08-22T13:37:44
vivo Y03,Vivo,4GB,64GB,Mediatek Helio G85,5000.0,6.56,2024,0,4G,Android 14,https://www.gsmarena.com/vivo_y03-12868.php,2026-08-22T13:38:24
vivo Y03,Vivo,4GB,128GB,Mediatek Helio G85,5000.0,6.56,2024,0,4G,Android 14,https://www.gsmarena.com/vivo_y03-12868.php,2026-08-22T13:38:24
vivo iQOO Z9,Vivo,8GB,128GB,Mediatek Dimensity 7200,5000.0,6.67,2024,0,5G,Android 14,https://www.gsmarena.com/vivo_iqoo_z9-12865.php,2026-08-22T13:38:50
vivo iQOO Z9,Vivo,8GB,256GB,Mediatek Dimensity 7200,5000.0,6.67,2024,0,5G,Android 14,https://www.gsmarena.com/vivo_iqoo_z9-12865.php,2026-08-22T13:38:50
vivo iQOO Z9,Vivo,12GB,256GB,Mediatek Dimensity 7200,5000.0,6.67,2024,0,5G,Android 14,https://www.gsmarena.com/vivo_iqoo_z9-12865.php,2026-08-22T13:38:50
vivo V30 Pro,Vivo,8GB,256GB,Mediatek Dimensity 8200,5000.0,6.78,2024,1,5G,Android 14,https://www.gsmarena.com/vivo_v30_pro-12829.php,2026-08-22T13:39:26
vivo V30 Pro,Vivo,12GB,256GB,Mediatek Dimensity 8200,5000.0,6.78,2024,1,5G,Android 14,https://www.gsmarena.com/vivo_v30_pro-12829.php,2026-08-22T13:39:26
vivo V30 Pro,Vivo,12GB,512GB,Mediatek Dimensity 8200,5000.0,6.78,2024,1,5G,Android 14,https://www.gsmarena.com/vivo_v30_pro-12829.php,2026-08-22T13:39:26
vivo Y100t,Vivo,8GB,256GB,Mediatek Dimensity 8200,5000.0,6.64,2024,1,5G,Android 13,https://www.gsmarena.com/vivo_y100t-12839.php,2026-08-22T13:39:54
vivo Y100t,Vivo,12GB,256GB,Mediatek Dimensity 8200,5000.0,6.64,2024,1,5G,Android 13,https://www.gsmarena.com/vivo_y100t-12839.php,2026-08-22T13:39:54
vivo Y100t,Vivo,12GB,512GB,Mediatek Dimensity 8200,5000.0,6.64,2024,1,5G,Android 13,https://www.gsmarena.com/vivo_y100t-12839.php,2026-08-22T13:39:54
vivo iQOO Neo9 Pro,Vivo,8GB,128GB,Qualcomm SM8550-AB Snapdragon 8 Gen 2,5160.0,6.78,2024,1,5G,Android 14,https://www.gsmarena.com/vivo_iqoo_neo9_pro-12819.php,2026-08-22T13:40:31
vivo iQOO Neo9 Pro,Vivo,8GB,256GB,Qualcomm SM8550-AB Snapdragon 8 Gen 2,5160.0,6.78,2024,1,5G,Android 14,https://www.gsmarena.com/vivo_iqoo_neo9_pro-12819.php,2026-08-22T13:40:31
vivo iQOO Neo9 Pro,Vivo,12GB,256GB,Qualcomm SM8550-AB Snapdragon 8 Gen 2,5160.0,6.78,2024,1,5G,Android 14,https://www.gsmarena.com/vivo_iqoo_neo9_pro-12819.php,2026-08-22T13:40:31
vivo Y200e,Vivo,6GB,128GB,Qualcomm SM4450 Snapdragon 4 Gen 2,5000.0,6.67,2024,0,5G,Android 14,https://www.gsmarena.com/vivo_y200e-12836.php,2026-08-22T13:41:09
vivo Y200e,Vivo,8GB,128GB,Qualcomm SM4450 Snapdragon 4 Gen 2,5000.0,6.67,2024,0,5G,Android 14,https://www.gsmarena.com/vivo_y200e-12836.php,2026-08-22T13:41:09
vivo V30,Vivo,8GB,128GB,Qualcomm SM7550-AB Snapdragon 7 Gen 3,5000.0,6.78,2024,1,5G,Android 14,https://www.gsmarena.com/vivo_v30-12818.php,2026-08-22T13:41:49
vivo V30,Vivo,8GB,256GB,Qualcomm SM7550-AB Snapdragon 7 Gen 3,5000.0,6.78,2024,1,5G,Android 14,https://www.gsmarena.com/vivo_v30-12818.php,2026-08-22T13:41:49
vivo V30,Vivo,12GB,256GB,Qualcomm SM7550-AB Snapdragon 7 Gen 3,5000.0,6.78,2024,1,5G,Android 14,https://www.gsmarena.com/vivo_v30-12818.php,2026-08-22T13:41:49
vivo V30,Vivo,12GB,512GB,Qualcomm SM7550-AB Snapdragon 7 Gen 3,5000.0,6.78,2024,1,5G,Android 14,https://www.gsmarena.com/vivo_v30-12818.php,2026-08-22T13:41:49
vivo Y100 (IDN),Vivo,8GB,128GB,Qualcomm SM4450 Snapdragon 4 Gen 2,5000.0,6.67,2024,1,5G,Android 14,https://www.gsmarena.com/vivo_y100_(idn)-12806.php,2026-08-22T13:42:19
vivo Y100 (IDN),Vivo,8GB,256GB,Qualcomm SM4450 Snapdragon 4 Gen 2,5000.0,6.67,2024,1,5G,Android 14,https://www.gsmarena.com/vivo_y100_(idn)-12806.php,2026-08-22T13:42:19
vivo Y28,Vivo,4GB,128GB,Mediatek Dimensity 6020,5000.0,6.56,2024,0,5G,Android 13,https://www.gsmarena.com/vivo_y28-12860.php,2026-08-22T13:42:46
vivo Y28,Vivo,6GB,128GB,Mediatek Dimensity 6020,5000.0,6.56,2024,0,5G,Android 13,https://www.gsmarena.com/vivo_y28-12860.php,2026-08-22T13:42:46
vivo Y28,Vivo,8GB,128GB,Mediatek Dimensity 6020,5000.0,6.56,2024,0,5G,Android 13,https://www.gsmarena.com/vivo_y28-12860.php,2026-08-22T13:42:46
vivo G2,Vivo,4GB,128GB,Mediatek Dimensity 6020,5000.0,6.56,2024,0,5G,Android 13,https://www.gsmarena.com/vivo_g2-12800.php,2026-08-22T13:43:19
vivo G2,Vivo,6GB,128GB,Mediatek Dimensity 6020,5000.0,6.56,2024,0,5G,Android 13,https://www.gsmarena.com/vivo_g2-12800.php,2026-08-22T13:43:19
vivo G2,Vivo,8GB,128GB,Mediatek Dimensity 6020,5000.0,6.56,2024,0,5G,Android 13,https://www.gsmarena.com/vivo_g2-12800.php,2026-08-22T13:43:19
vivo G2,Vivo,8GB,256GB,Mediatek Dimensity 6020,5000.0,6.56,2024,0,5G,Android 13,https://www.gsmarena.com/vivo_g2-12800.php,2026-08-22T13:43:19
Oppo F27 Pro+,OPPO,8GB,128GB,Mediatek Dimensity 7050,5000.0,6.7,2024,0,5G,Android 14,https://www.gsmarena.com/oppo_f27_pro+-13126.php,2026-08-22T13:50:38
Oppo F27 Pro+,OPPO,8GB,256GB,Mediatek Dimensity 7050,5000.0,6.7,2024,0,5G,Android 14,https://www.gsmarena.com/oppo_f27_pro+-13126.php,2026-08-22T13:50:38
Oppo Reno12 Pro (China),OPPO,12GB,256GB,Mediatek Dimensity 9200+,5000.0,6.7,2024,1,5G,Android 14,https://www.gsmarena.com/oppo_reno12_pro_(china)-13045.php,2026-08-22T13:51:10
Oppo Reno12 Pro (China),OPPO,16GB,256GB,Mediatek Dimensity 9200+,5000.0,6.7,2024,1,5G,Android 14,https://www.gsmarena.com/oppo_reno12_pro_(china)-13045.php,2026-08-22T13:51:10
Oppo Reno12 Pro (China),OPPO,16GB,512GB,Mediatek Dimensity 9200+,5000.0,6.7,2024,1,5G,Android 14,https://www.gsmarena.com/oppo_reno12_pro_(china)-13045.php,2026-08-22T13:51:10
Oppo Reno12 (China),OPPO,12GB,256GB,Mediatek Dimensity 8250,5000.0,6.7,2024,1,5G,Android 14,https://www.gsmarena.com/oppo_reno12_(china)-13046.php,2026-08-22T13:51:49
Oppo Reno12 (China),OPPO,16GB,256GB,Mediatek Dimensity 8250,5000.0,6.7,2024,1,5G,Android 14,https://www.gsmarena.com/oppo_reno12_(china)-13046.php,2026-08-22T13:51:49
Oppo Reno12 (China),OPPO,12GB,512GB,Mediatek Dimensity 8250,5000.0,6.7,2024,1,5G,Android 14,https://www.gsmarena.com/oppo_reno12_(china)-13046.php,2026-08-22T13:51:49
Oppo Reno12 (China),OPPO,16GB,512GB,Mediatek Dimensity 8250,5000.0,6.7,2024,1,5G,Android 14,https://www.gsmarena.com/oppo_reno12_(china)-13046.php,2026-08-22T13:51:49
Oppo K12x (China),OPPO,8GB,128GB,Qualcomm SM6375 Snapdragon 695 5G,5500.0,6.67,2024,0,5G,Android 14,https://www.gsmarena.com/oppo_k12x_(china)-13001.php,2026-08-22T13:52:22
Oppo K12x (China),OPPO,8GB,256GB,Qualcomm SM6375 Snapdragon 695 5G,5500.0,6.67,2024,0,5G,Android 14,https://www.gsmarena.com/oppo_k12x_(china)-13001.php,2026-08-22T13:52:22
Oppo K12x (China),OPPO,12GB,256GB,Qualcomm SM6375 Snapdragon 695 5G,5500.0,6.67,2024,0,5G,Android 14,https://www.gsmarena.com/oppo_k12x_(china)-13001.php,2026-08-22T13:52:22
Oppo K12x (China),OPPO,12GB,512GB,Qualcomm SM6375 Snapdragon 695 5G,5500.0,6.67,2024,0,5G,Android 14,https://www.gsmarena.com/oppo_k12x_(china)-13001.php,2026-08-22T13:52:22
Oppo A60,OPPO,8GB,128GB,Qualcomm SM6225 Snapdragon 680 4G,5000.0,6.67,2024,0,4G,Android 14,https://www.gsmarena.com/oppo_a60-12964.php,2026-08-22T13:52:50
Oppo A60,OPPO,8GB,256GB,Qualcomm SM6225 Snapdragon 680 4G,5000.0,6.67,2024,0,4G,Android 14,https://www.gsmarena.com/oppo_a60-12964.php,2026-08-22T13:52:50
Oppo K12,OPPO,8GB,256GB,Qualcomm SM7550-AB Snapdragon 7 Gen 3,5500.0,6.7,2024,1,5G,Android 14,https://www.gsmarena.com/oppo_k12-12949.php,2026-08-22T13:53:14
Oppo K12,OPPO,12GB,256GB,Qualcomm SM7550-AB Snapdragon 7 Gen 3,5500.0,6.7,2024,1,5G,Android 14,https://www.gsmarena.com/oppo_k12-12949.php,2026-08-22T13:53:14
Oppo K12,OPPO,12GB,512GB,Qualcomm SM7550-AB Snapdragon 7 Gen 3,5500.0,6.7,2024,1,5G,Android 14,https://www.gsmarena.com/oppo_k12-12949.php,2026-08-22T13:53:14
Oppo A3 Pro (China),OPPO,8GB,256GB,Mediatek Dimensity 7050,5000.0,6.7,2024,0,5G,Android 14,https://www.gsmarena.com/oppo_a3_pro_(china)-12932.php,2026-08-22T13:53:49
Oppo A3 Pro (China),OPPO,12GB,256GB,Mediatek Dimensity 7050,5000.0,6.7,2024,0,5G,Android 14,https://www.gsmarena.com/oppo_a3_pro_(china)-12932.php,2026-08-22T13:53:49
Oppo A3 Pro (China),OPPO,12GB,512GB,Mediatek Dimensity 7050,5000.0,6.7,2024,0,5G,Android 14,https://www.gsmarena.com/oppo_a3_pro_(china)-12932.php,2026-08-22T13:53:49
Oppo F25 Pro,OPPO,8GB,128GB,Mediatek Dimensity 7050,5000.0,6.7,2024,0,5G,Android 14,https://www.gsmarena.com/oppo_f25_pro-12854.php,2026-08-22T13:54:13
Oppo F25 Pro,OPPO,8GB,256GB,Mediatek Dimensity 7050,5000.0,6.7,2024,0,5G,Android 14,https://www.gsmarena.com/oppo_f25_pro-12854.php,2026-08-22T13:54:13
Oppo Reno11 F,OPPO,8GB,256GB,Mediatek Dimensity 7050,5000.0,6.7,2024,1,5G,Android 14,https://www.gsmarena.com/oppo_reno11_f-12797.php,2026-08-22T13:54:43
Oppo Reno11 Pro,OPPO,12GB,256GB,Mediatek Dimensity 8200,4600.0,6.7,2024,1,5G,Android 14,https://www.gsmarena.com/oppo_reno11_pro-12790.php,2026-08-22T13:55:17
Oppo Reno11 Pro,OPPO,12GB,512GB,Mediatek Dimensity 8200,4600.0,6.7,2024,1,5G,Android 14,https://www.gsmarena.com/oppo_reno11_pro-12790.php,2026-08-22T13:55:17
Oppo Reno11,OPPO,8GB,128GB,Mediatek Dimensity 7050,5000.0,6.7,2024,1,5G,Android 14,https://www.gsmarena.com/oppo_reno11-12791.php,2026-08-22T13:55:40
Oppo Reno11,OPPO,8GB,256GB,Mediatek Dimensity 7050,5000.0,6.7,2024,1,5G,Android 14,https://www.gsmarena.com/oppo_reno11-12791.php,2026-08-22T13:55:40
Oppo Reno11,OPPO,12GB,256GB,Mediatek Dimensity 7050,5000.0,6.7,2024,1,5G,Android 14,https://www.gsmarena.com/oppo_reno11-12791.php,2026-08-22T13:55:40
Oppo Find X7 Ultra,OPPO,12GB,256GB,Qualcomm SM8650-AB Snapdragon 8 Gen 3,5000.0,6.82,2024,1,5G,Android 14,https://www.gsmarena.com/oppo_find_x7_ultra-12752.php,2026-08-22T13:56:03
Oppo Find X7 Ultra,OPPO,16GB,256GB,Qualcomm SM8650-AB Snapdragon 8 Gen 3,5000.0,6.82,2024,1,5G,Android 14,https://www.gsmarena.com/oppo_find_x7_ultra-12752.php,2026-08-22T13:56:03
Oppo Find X7 Ultra,OPPO,16GB,512GB,Qualcomm SM8650-AB Snapdragon 8 Gen 3,5000.0,6.82,2024,1,5G,Android 14,https://www.gsmarena.com/oppo_find_x7_ultra-12752.php,2026-08-22T13:56:03
Oppo Find X7,OPPO,12GB,256GB,Mediatek Dimensity 9300,5000.0,6.78,2024,1,5G,Android 14,https://www.gsmarena.com/oppo_find_x7-12778.php,2026-08-22T13:56:27
Oppo Find X7,OPPO,16GB,256GB,Mediatek Dimensity 9300,5000.0,6.78,2024,1,5G,Android 14,https://www.gsmarena.com/oppo_find_x7-12778.php,2026-08-22T13:56:27
Oppo Find X7,OPPO,16GB,512GB,Mediatek Dimensity 9300,5000.0,6.78,2024,1,5G,Android 14,https://www.gsmarena.com/oppo_find_x7-12778.php,2026-08-22T13:56:27
Oppo Find X7,OPPO,16GB,1TB,Mediatek Dimensity 9300,5000.0,6.78,2024,1,5G,Android 14,https://www.gsmarena.com/oppo_find_x7-12778.php,2026-08-22T13:56:27
Oppo A59,OPPO,4GB,128GB,Mediatek Dimensity 6020,5000.0,6.56,2023,0,5G,Android 13,https://www.gsmarena.com/oppo_a59-12754.php,2026-08-22T13:56:51
Oppo A59,OPPO,6GB,128GB,Mediatek Dimensity 6020,5000.0,6.56,2023,0,5G,Android 13,https://www.gsmarena.com/oppo_a59-12754.php,2026-08-22T13:56:51
Oppo Reno11 Pro (China),OPPO,12GB,256GB,Qualcomm SM8475 Snapdragon 8+ Gen 1,4700.0,6.74,2023,1,5G,Android 14,https://www.gsmarena.com/oppo_reno11_pro_(china)-12706.php,2026-08-22T13:57:30
Oppo Reno11 Pro (China),OPPO,12GB,512GB,Qualcomm SM8475 Snapdragon 8+ Gen 1,4700.0,6.74,2023,1,5G,Android 14,https://www.gsmarena.com/oppo_reno11_pro_(china)-12706.php,2026-08-22T13:57:30
Oppo Reno11 (China),OPPO,8GB,256GB,Mediatek Dimensity 8200,4800.0,6.7,2023,1,5G,Android 14,https://www.gsmarena.com/oppo_reno11_(china)-12707.php,2026-08-22T13:57:54
Oppo Reno11 (China),OPPO,12GB,256GB,Mediatek Dimensity 8200,4800.0,6.7,2023,1,5G,Android 14,https://www.gsmarena.com/oppo_reno11_(china)-12707.php,2026-08-22T13:57:54
Oppo Reno11 (China),OPPO,12GB,512GB,Mediatek Dimensity 8200,4800.0,6.7,2023,1,5G,Android 14,https://www.gsmarena.com/oppo_reno11_(china)-12707.php,2026-08-22T13:57:54
Oppo A2,OPPO,12GB,256GB,Mediatek Dimensity 6020,5000.0,6.72,2023,0,5G,Android 13,https://www.gsmarena.com/oppo_a2-12683.php,2026-08-22T13:58:30
Oppo A2,OPPO,12GB,512GB,Mediatek Dimensity 6020,5000.0,6.72,2023,0,5G,Android 13,https://www.gsmarena.com/oppo_a2-12683.php,2026-08-22T13:58:30
Oppo A79,OPPO,4GB,128GB,Mediatek Dimensity 6020,5000.0,6.72,2023,0,5G,Android 13,https://www.gsmarena.com/oppo_a79-12636.php,2026-08-22T13:59:06
Oppo A79,OPPO,8GB,128GB,Mediatek Dimensity 6020,5000.0,6.72,2023,0,5G,Android 13,https://www.gsmarena.com/oppo_a79-12636.php,2026-08-22T13:59:06
Oppo A79,OPPO,8GB,256GB,Mediatek Dimensity 6020,5000.0,6.72,2023,0,5G,Android 13,https://www.gsmarena.com/oppo_a79-12636.php,2026-08-22T13:59:06
Oppo Find N3,OPPO,12GB,256GB,Qualcomm SM8550-AB Snapdragon 8 Gen 2,4805.0,7.82,2023,1,5G,Android 13,https://www.gsmarena.com/oppo_find_n3-12205.php,2026-08-22T13:59:37
Oppo Find N3,OPPO,16GB,256GB,Qualcomm SM8550-AB Snapdragon 8 Gen 2,4805.0,7.82,2023,1,5G,Android 13,https://www.gsmarena.com/oppo_find_n3-12205.php,2026-08-22T13:59:37
Oppo Find N3,OPPO,12GB,512GB,Qualcomm SM8550-AB Snapdragon 8 Gen 2,4805.0,7.82,2023,1,5G,Android 13,https://www.gsmarena.com/oppo_find_n3-12205.php,2026-08-22T13:59:37
Oppo Find N3,OPPO,16GB,512GB,Qualcomm SM8550-AB Snapdragon 8 Gen 2,4805.0,7.82,2023,1,5G,Android 13,https://www.gsmarena.com/oppo_find_n3-12205.php,2026-08-22T13:59:37
Oppo Find N3,OPPO,16GB,1TB,Qualcomm SM8550-AB Snapdragon 8 Gen 2,4805.0,7.82,2023,1,5G,Android 13,https://www.gsmarena.com/oppo_find_n3-12205.php,2026-08-22T13:59:37
Oppo A2x,OPPO,6GB,128GB,Mediatek Dimensity 6020,5000.0,6.56,2023,0,5G,Android 13,https://www.gsmarena.com/oppo_a2x-12621.php,2026-08-22T14:00:14
Oppo A2x,OPPO,8GB,256GB,Mediatek Dimensity 6020,5000.0,6.56,2023,0,5G,Android 13,https://www.gsmarena.com/oppo_a2x-12621.php,2026-08-22T14:00:14
Oppo A2x,OPPO,12GB,256GB,Mediatek Dimensity 6020,5000.0,6.56,2023,0,5G,Android 13,https://www.gsmarena.com/oppo_a2x-12621.php,2026-08-22T14:00:14
Oppo A18,OPPO,4GB,64GB,Mediatek MT6769 Helio G85,5000.0,6.56,2023,0,4G,Android 13,https://www.gsmarena.com/oppo_a18-12591.php,2026-08-22T14:00:41
Oppo A18,OPPO,4GB,128GB,Mediatek MT6769 Helio G85,5000.0,6.56,2023,0,4G,Android 13,https://www.gsmarena.com/oppo_a18-12591.php,2026-08-22T14:00:41
Oppo A2 Pro,OPPO,8GB,256GB,Mediatek Dimensity 7050,5000.0,6.7,2023,0,5G,Android 13,https://www.gsmarena.com/oppo_a2_pro-12551.php,2026-08-22T14:01:09
Oppo A2 Pro,OPPO,12GB,256GB,Mediatek Dimensity 7050,5000.0,6.7,2023,0,5G,Android 13,https://www.gsmarena.com/oppo_a2_pro-12551.php,2026-08-22T14:01:09
Oppo A2 Pro,OPPO,12GB,512GB,Mediatek Dimensity 7050,5000.0,6.7,2023,0,5G,Android 13,https://www.gsmarena.com/oppo_a2_pro-12551.php,2026-08-22T14:01:09
Oppo A38,OPPO,4GB,128GB,Mediatek MT6769 Helio G85,5000.0,6.56,2023,1,4G,Android 13,https://www.gsmarena.com/oppo_a38-12541.php,2026-08-22T14:01:49
Oppo A38,OPPO,6GB,128GB,Mediatek MT6769 Helio G85,5000.0,6.56,2023,1,4G,Android 13,https://www.gsmarena.com/oppo_a38-12541.php,2026-08-22T14:01:49
Oppo Find N3 Flip,OPPO,12GB,256GB,Mediatek Dimensity 9200,4300.0,6.8,2023,1,5G,Android 13,https://www.gsmarena.com/oppo_find_n3_flip-12531.php,2026-08-22T14:02:26
Oppo Find N3 Flip,OPPO,12GB,512GB,Mediatek Dimensity 9200,4300.0,6.8,2023,1,5G,Android 13,https://www.gsmarena.com/oppo_find_n3_flip-12531.php,2026-08-22T14:02:26
Oppo A58 4G,OPPO,6GB,128GB,Mediatek MT6769 Helio G85,5000.0,6.72,2023,1,4G,Android 13,https://www.gsmarena.com/oppo_a58_4g-12436.php,2026-08-22T14:02:58
Oppo A58 4G,OPPO,8GB,128GB,Mediatek MT6769 Helio G85,5000.0,6.72,2023,1,4G,Android 13,https://www.gsmarena.com/oppo_a58_4g-12436.php,2026-08-22T14:02:58
Oppo A58 4G,OPPO,8GB,256GB,Mediatek MT6769 Helio G85,5000.0,6.72,2023,1,4G,Android 13,https://www.gsmarena.com/oppo_a58_4g-12436.php,2026-08-22T14:02:58
Oppo K11,OPPO,8GB,256GB,Qualcomm Snapdragon 782G,5000.0,6.7,2023,1,5G,Android 13,https://www.gsmarena.com/oppo_k11-12390.php,2026-08-22T14:03:34
Oppo K11,OPPO,12GB,256GB,Qualcomm Snapdragon 782G,5000.0,6.7,2023,1,5G,Android 13,https://www.gsmarena.com/oppo_k11-12390.php,2026-08-22T14:03:34
Oppo K11,OPPO,12GB,512GB,Qualcomm Snapdragon 782G,5000.0,6.7,2023,1,5G,Android 13,https://www.gsmarena.com/oppo_k11-12390.php,2026-08-22T14:03:34
Oppo Reno10 Pro,OPPO,8GB,256GB,Qualcomm SM7325 Snapdragon 778G 5G,4600.0,6.7,2023,1,5G,Android 13,https://www.gsmarena.com/oppo_reno10_pro-12413.php,2026-08-22T14:04:02
Oppo Reno10 Pro,OPPO,12GB,256GB,Qualcomm SM7325 Snapdragon 778G 5G,4600.0,6.7,2023,1,5G,Android 13,https://www.gsmarena.com/oppo_reno10_pro-12413.php,2026-08-22T14:04:02
Oppo Reno10,OPPO,8GB,128GB,Mediatek Dimensity 7050,5000.0,6.7,2023,1,5G,Android 13,https://www.gsmarena.com/oppo_reno10-12414.php,2026-08-22T14:04:26
Oppo Reno10,OPPO,8GB,256GB,Mediatek Dimensity 7050,5000.0,6.7,2023,1,5G,Android 13,https://www.gsmarena.com/oppo_reno10-12414.php,2026-08-22T14:04:26
Oppo A78 4G,OPPO,8GB,128GB,Qualcomm SM6225 Snapdragon 680 4G,5000.0,6.43,2023,1,4G,Android 13,https://www.gsmarena.com/oppo_a78_4g-12387.php,2026-08-22T14:04:50
Oppo A78 4G,OPPO,8GB,256GB,Qualcomm SM6225 Snapdragon 680 4G,5000.0,6.43,2023,1,4G,Android 13,https://www.gsmarena.com/oppo_a78_4g-12387.php,2026-08-22T14:04:50
Oppo K11x,OPPO,8GB,128GB,Qualcomm SM6375 Snapdragon 695 5G,5000.0,6.72,2023,0,5G,Android 13,https://www.gsmarena.com/oppo_k11x-12295.php,2026-08-22T14:05:14
Oppo K11x,OPPO,8GB,256GB,Qualcomm SM6375 Snapdragon 695 5G,5000.0,6.72,2023,0,5G,Android 13,https://www.gsmarena.com/oppo_k11x-12295.php,2026-08-22T14:05:14
Oppo K11x,OPPO,12GB,256GB,Qualcomm SM6375 Snapdragon 695 5G,5000.0,6.72,2023,0,5G,Android 13,https://www.gsmarena.com/oppo_k11x-12295.php,2026-08-22T14:05:14
Oppo Reno10 Pro+,OPPO,12GB,256GB,Qualcomm SM8475 Snapdragon 8+ Gen 1,4700.0,6.74,2023,1,5G,Android 13,https://www.gsmarena.com/oppo_reno10_pro+-12275.php,2026-08-22T14:05:45
Oppo Reno10 Pro+,OPPO,16GB,256GB,Qualcomm SM8475 Snapdragon 8+ Gen 1,4700.0,6.74,2023,1,5G,Android 13,https://www.gsmarena.com/oppo_reno10_pro+-12275.php,2026-08-22T14:05:45
Oppo Reno10 Pro+,OPPO,16GB,512GB,Qualcomm SM8475 Snapdragon 8+ Gen 1,4700.0,6.74,2023,1,5G,Android 13,https://www.gsmarena.com/oppo_reno10_pro+-12275.php,2026-08-22T14:05:45
Oppo Reno10 Pro (China),OPPO,16GB,256GB,Mediatek Dimensity 8200,4600.0,6.74,2023,1,5G,Android 13,https://www.gsmarena.com/oppo_reno10_pro_(china)-12276.php,2026-08-22T14:06:12
Oppo Reno10 Pro (China),OPPO,16GB,512GB,Mediatek Dimensity 8200,4600.0,6.74,2023,1,5G,Android 13,https://www.gsmarena.com/oppo_reno10_pro_(china)-12276.php,2026-08-22T14:06:12
Oppo Reno10 (China),OPPO,8GB,256GB,Qualcomm SM7325 Snapdragon 778G 5G,4600.0,6.7,2023,1,5G,Android 13,https://www.gsmarena.com/oppo_reno10_(china)-12277.php,2026-08-22T14:06:37
Oppo Reno10 (China),OPPO,12GB,256GB,Qualcomm SM7325 Snapdragon 778G 5G,4600.0,6.7,2023,1,5G,Android 13,https://www.gsmarena.com/oppo_reno10_(china)-12277.php,2026-08-22T14:06:37
Oppo Reno10 (China),OPPO,12GB,512GB,Qualcomm SM7325 Snapdragon 778G 5G,4600.0,6.7,2023,1,5G,Android 13,https://www.gsmarena.com/oppo_reno10_(china)-12277.php,2026-08-22T14:06:37
Oppo F23,OPPO,8GB,128GB,Qualcomm SM6375 Snapdragon 695 5G,5000.0,6.72,2023,0,5G,Android 13,https://www.gsmarena.com/oppo_f23-12270.php,2026-08-22T14:07:08
Oppo F23,OPPO,8GB,256GB,Qualcomm SM6375 Snapdragon 695 5G,5000.0,6.72,2023,0,5G,Android 13,https://www.gsmarena.com/oppo_f23-12270.php,2026-08-22T14:07:08
Oppo A98,OPPO,8GB,256GB,Qualcomm SM6375 Snapdragon 695 5G,5000.0,6.72,2023,1,5G,Android 13,https://www.gsmarena.com/oppo_a98-11974.php,2026-08-22T14:07:49
Oppo A1,OPPO,8GB,256GB,Qualcomm SM6375 Snapdragon 695 5G,5000.0,6.72,2023,0,5G,Android 13,https://www.gsmarena.com/oppo_a1-12213.php,2026-08-22T14:08:20
Oppo A1,OPPO,12GB,256GB,Qualcomm SM6375 Snapdragon 695 5G,5000.0,6.72,2023,0,5G,Android 13,https://www.gsmarena.com/oppo_a1-12213.php,2026-08-22T14:08:20
Oppo A1x,OPPO,6GB,128GB,Mediatek Dimensity 700,5000.0,6.56,2023,0,5G,Android 12,https://www.gsmarena.com/oppo_a1x-12208.php,2026-08-22T14:09:01
Oppo A1x,OPPO,8GB,128GB,Mediatek Dimensity 700,5000.0,6.56,2023,0,5G,Android 12,https://www.gsmarena.com/oppo_a1x-12208.php,2026-08-22T14:09:01
Oppo Find X6 Pro,OPPO,12GB,256GB,Qualcomm SM8550-AB Snapdragon 8 Gen 2,5000.0,6.82,2023,1,5G,Android 13,https://www.gsmarena.com/oppo_find_x6_pro-12105.php,2026-08-22T14:09:41
Oppo Find X6 Pro,OPPO,16GB,256GB,Qualcomm SM8550-AB Snapdragon 8 Gen 2,5000.0,6.82,2023,1,5G,Android 13,https://www.gsmarena.com/oppo_find_x6_pro-12105.php,2026-08-22T14:09:41
Oppo Find X6 Pro,OPPO,16GB,512GB,Qualcomm SM8550-AB Snapdragon 8 Gen 2,5000.0,6.82,2023,1,5G,Android 13,https://www.gsmarena.com/oppo_find_x6_pro-12105.php,2026-08-22T14:09:41
Oppo Find X6,OPPO,12GB,256GB,Mediatek Dimensity 9200,4800.0,6.74,2023,1,5G,Android 13,https://www.gsmarena.com/oppo_find_x6-12106.php,2026-08-22T14:10:21
Oppo Find X6,OPPO,16GB,512GB,Mediatek Dimensity 9200,4800.0,6.74,2023,1,5G,Android 13,https://www.gsmarena.com/oppo_find_x6-12106.php,2026-08-22T14:10:21
Oppo Reno8 T,OPPO,8GB,128GB,Mediatek Helio G99,5000.0,6.43,2023,1,4G,Android 13,https://www.gsmarena.com/oppo_reno8_t-12109.php,2026-08-22T14:10:45
Oppo Reno8 T,OPPO,8GB,256GB,Mediatek Helio G99,5000.0,6.43,2023,1,4G,Android 13,https://www.gsmarena.com/oppo_reno8_t-12109.php,2026-08-22T14:10:45
Oppo Reno8 T 5G,OPPO,8GB,128GB,Qualcomm SM6375 Snapdragon 695 5G,4800.0,6.7,2023,1,5G,Android 13,https://www.gsmarena.com/oppo_reno8_t_5g-12069.php,2026-08-22T14:11:16
Oppo Reno8 T 5G,OPPO,8GB,256GB,Qualcomm SM6375 Snapdragon 695 5G,4800.0,6.7,2023,1,5G,Android 13,https://www.gsmarena.com/oppo_reno8_t_5g-12069.php,2026-08-22T14:11:16
Oppo A78,OPPO,4GB,128GB,Mediatek Dimensity 700,5000.0,6.56,2023,1,5G,Android 12,https://www.gsmarena.com/oppo_a78-12073.php,2026-08-22T14:11:47
Oppo A78,OPPO,8GB,128GB,Mediatek Dimensity 700,5000.0,6.56,2023,1,5G,Android 12,https://www.gsmarena.com/oppo_a78-12073.php,2026-08-22T14:11:47
Oppo A78,OPPO,8GB,256GB,Mediatek Dimensity 700,5000.0,6.56,2023,1,5G,Android 12,https://www.gsmarena.com/oppo_a78-12073.php,2026-08-22T14:11:47
Oppo A56s,OPPO,8GB,128GB,Mediatek Dimensity 810,5000.0,6.56,2023,0,5G,Android 12,https://www.gsmarena.com/oppo_a56s-12064.php,2026-08-22T14:12:19
Oppo A56s,OPPO,8GB,256GB,Mediatek Dimensity 810,5000.0,6.56,2023,0,5G,Android 12,https://www.gsmarena.com/oppo_a56s-12064.php,2026-08-22T14:12:19
Oppo Find N2 Flip,OPPO,8GB,256GB,Mediatek Dimensity 9000+,4300.0,6.8,2022,1,5G,Android 13,https://www.gsmarena.com/oppo_find_n2_flip-12014.php,2026-08-22T14:12:50
Oppo Find N2 Flip,OPPO,12GB,256GB,Mediatek Dimensity 9000+,4300.0,6.8,2022,1,5G,Android 13,https://www.gsmarena.com/oppo_find_n2_flip-12014.php,2026-08-22T14:12:50
Oppo Find N2 Flip,OPPO,16GB,512GB,Mediatek Dimensity 9000+,4300.0,6.8,2022,1,5G,Android 13,https://www.gsmarena.com/oppo_find_n2_flip-12014.php,2026-08-22T14:12:50
Oppo Find N2,OPPO,12GB,256GB,Qualcomm SM8475 Snapdragon 8+ Gen 1,4520.0,7.1,2022,1,5G,Android 13,https://www.gsmarena.com/oppo_find_n2-12002.php,2026-08-22T14:13:30
Oppo Find N2,OPPO,16GB,512GB,Qualcomm SM8475 Snapdragon 8+ Gen 1,4520.0,7.1,2022,1,5G,Android 13,https://www.gsmarena.com/oppo_find_n2-12002.php,2026-08-22T14:13:30
Oppo A58x,OPPO,6GB,128GB,Mediatek Dimensity 700,5000.0,6.56,2022,0,5G,Android 12,https://www.gsmarena.com/oppo_a58x-12027.php,2026-08-22T14:14:10
Oppo A58x,OPPO,8GB,128GB,Mediatek Dimensity 700,5000.0,6.56,2022,0,5G,Android 12,https://www.gsmarena.com/oppo_a58x-12027.php,2026-08-22T14:14:10
Oppo Reno9 Pro+,OPPO,16GB,256GB,Qualcomm SM8475 Snapdragon 8+ Gen 1,4700.0,6.7,2022,1,5G,Android 13,https://www.gsmarena.com/oppo_reno9_pro+-11996.php,2026-08-22T14:14:45
Oppo Reno9 Pro+,OPPO,16GB,512GB,Qualcomm SM8475 Snapdragon 8+ Gen 1,4700.0,6.7,2022,1,5G,Android 13,https://www.gsmarena.com/oppo_reno9_pro+-11996.php,2026-08-22T14:14:45
Oppo Reno9 Pro,OPPO,16GB,256GB,Mediatek Dimensity 8100 Max,4500.0,6.7,2022,1,5G,Android 13,https://www.gsmarena.com/oppo_reno9_pro-11997.php,2026-08-22T14:15:22
Oppo Reno9 Pro,OPPO,16GB,512GB,Mediatek Dimensity 8100 Max,4500.0,6.7,2022,1,5G,Android 13,https://www.gsmarena.com/oppo_reno9_pro-11997.php,2026-08-22T14:15:22
Oppo Reno9,OPPO,8GB,256GB,Qualcomm SM7325 Snapdragon 778G 5G,4500.0,6.7,2022,1,5G,Android 13,https://www.gsmarena.com/oppo_reno9-11998.php,2026-08-22T14:16:00
Oppo Reno9,OPPO,12GB,256GB,Qualcomm SM7325 Snapdragon 778G 5G,4500.0,6.7,2022,1,5G,Android 13,https://www.gsmarena.com/oppo_reno9-11998.php,2026-08-22T14:16:00
Oppo Reno9,OPPO,12GB,512GB,Qualcomm SM7325 Snapdragon 778G 5G,4500.0,6.7,2022,1,5G,Android 13,https://www.gsmarena.com/oppo_reno9-11998.php,2026-08-22T14:16:00
Oppo A1 Pro,OPPO,8GB,128GB,Qualcomm SM6375 Snapdragon 695 5G,4800.0,6.7,2022,1,5G,Android 13,https://www.gsmarena.com/oppo_a1_pro-11981.php,2026-08-22T14:16:24
Oppo A1 Pro,OPPO,8GB,256GB,Qualcomm SM6375 Snapdragon 695 5G,4800.0,6.7,2022,1,5G,Android 13,https://www.gsmarena.com/oppo_a1_pro-11981.php,2026-08-22T14:16:24
Oppo A1 Pro,OPPO,12GB,256GB,Qualcomm SM6375 Snapdragon 695 5G,4800.0,6.7,2022,1,5G,Android 13,https://www.gsmarena.com/oppo_a1_pro-11981.php,2026-08-22T14:16:24
Oppo A58 (China),OPPO,6GB,128GB,Mediatek Dimensity 700,5000.0,6.56,2022,0,5G,Android 12,https://www.gsmarena.com/oppo_a58_(china)-11967.php,2026-08-22T14:16:47
Oppo A58 (China),OPPO,8GB,128GB,Mediatek Dimensity 700,5000.0,6.56,2022,0,5G,Android 12,https://www.gsmarena.com/oppo_a58_(china)-11967.php,2026-08-22T14:16:47
Oppo A58 (China),OPPO,8GB,256GB,Mediatek Dimensity 700,5000.0,6.56,2022,0,5G,Android 12,https://www.gsmarena.com/oppo_a58_(china)-11967.php,2026-08-22T14:16:47
Oppo A17k,OPPO,3GB,64GB,Mediatek MT6765 Helio G35,5000.0,6.56,2022,0,4G,Android 12,https://www.gsmarena.com/oppo_a17k-11936.php,2026-08-22T14:17:21
Oppo A77s,OPPO,8GB,128GB,Qualcomm SM6225 Snapdragon 680 4G,5000.0,6.56,2022,1,4G,Android 12,https://www.gsmarena.com/oppo_a77s-11907.php,2026-08-22T14:17:58
Oppo A17,OPPO,3GB,64GB,Mediatek MT6765 Helio G35,5000.0,6.56,2022,0,4G,Android 12,https://www.gsmarena.com/oppo_a17-11902.php,2026-08-22T14:18:28
Oppo A17,OPPO,4GB,64GB,Mediatek MT6765 Helio G35,5000.0,6.56,2022,0,4G,Android 12,https://www.gsmarena.com/oppo_a17-11902.php,2026-08-22T14:18:28
Oppo A17,OPPO,6GB,128GB,Mediatek MT6765 Helio G35,5000.0,6.56,2022,0,4G,Android 12,https://www.gsmarena.com/oppo_a17-11902.php,2026-08-22T14:18:28
Oppo K10x,OPPO,6GB,128GB,Qualcomm SM6375 Snapdragon 695 5G,5000.0,6.59,2022,0,5G,Android 12,https://www.gsmarena.com/oppo_k10x-11877.php,2026-08-22T14:18:50
Oppo K10x,OPPO,8GB,128GB,Qualcomm SM6375 Snapdragon 695 5G,5000.0,6.59,2022,0,5G,Android 12,https://www.gsmarena.com/oppo_k10x-11877.php,2026-08-22T14:18:50
Oppo K10x,OPPO,8GB,256GB,Qualcomm SM6375 Snapdragon 695 5G,5000.0,6.59,2022,0,5G,Android 12,https://www.gsmarena.com/oppo_k10x-11877.php,2026-08-22T14:18:50
Oppo K10x,OPPO,12GB,256GB,Qualcomm SM6375 Snapdragon 695 5G,5000.0,6.59,2022,0,5G,Android 12,https://www.gsmarena.com/oppo_k10x-11877.php,2026-08-22T14:18:50
Oppo A57e,OPPO,4GB,64GB,Mediatek MT6765G Helio G35,5000.0,6.56,2022,0,4G,Android 12,https://www.gsmarena.com/oppo_a57e-11836.php,2026-08-22T14:19:28
Oppo A57s,OPPO,4GB,64GB,Mediatek MT6765G Helio G35,5000.0,6.56,2022,1,4G,Android 12,https://www.gsmarena.com/oppo_a57s-11835.php,2026-08-22T14:19:53
Oppo A57s,OPPO,4GB,128GB,Mediatek MT6765G Helio G35,5000.0,6.56,2022,1,4G,Android 12,https://www.gsmarena.com/oppo_a57s-11835.php,2026-08-22T14:19:53
Oppo Reno8 4G,OPPO,8GB,256GB,Qualcomm SM6225 Snapdragon 680 4G,4500.0,6.43,2022,1,4G,Android 12,https://www.gsmarena.com/oppo_reno8_4g-11743.php,2026-08-22T14:20:32
Oppo Reno8 Z,OPPO,8GB,128GB,Qualcomm SM6375 Snapdragon 695 5G,4500.0,6.43,2022,1,5G,Android 12,https://www.gsmarena.com/oppo_reno8_z-11735.php,2026-08-22T14:21:14
Oppo Reno8 Z,OPPO,8GB,256GB,Qualcomm SM6375 Snapdragon 695 5G,4500.0,6.43,2022,1,5G,Android 12,https://www.gsmarena.com/oppo_reno8_z-11735.php,2026-08-22T14:21:14
Oppo A77 4G,OPPO,4GB,64GB,Mediatek MT6765G Helio G35,5000.0,6.56,2022,1,4G,Android 12,https://www.gsmarena.com/oppo_a77_4g-11734.php,2026-08-22T14:21:51
Oppo A77 4G,OPPO,3GB,128GB,Mediatek MT6765G Helio G35,5000.0,6.56,2022,1,4G,Android 12,https://www.gsmarena.com/oppo_a77_4g-11734.php,2026-08-22T14:21:51
Oppo A77 4G,OPPO,4GB,128GB,Mediatek MT6765G Helio G35,5000.0,6.56,2022,1,4G,Android 12,https://www.gsmarena.com/oppo_a77_4g-11734.php,2026-08-22T14:21:51
Oppo Reno8 Pro,OPPO,8GB,256GB,Mediatek Dimensity 8100 Max,4500.0,6.7,2022,1,5G,Android 12,https://www.gsmarena.com/oppo_reno8_pro-11683.php,2026-08-22T14:22:30
Oppo Reno8 Pro,OPPO,12GB,256GB,Mediatek Dimensity 8100 Max,4500.0,6.7,2022,1,5G,Android 12,https://www.gsmarena.com/oppo_reno8_pro-11683.php,2026-08-22T14:22:30
Oppo Reno8,OPPO,8GB,128GB,Mediatek Dimensity 1300,4500.0,6.4,2022,1,5G,Android 12,https://www.gsmarena.com/oppo_reno8-11684.php,2026-08-22T14:23:04
Oppo Reno8,OPPO,8GB,256GB,Mediatek Dimensity 1300,4500.0,6.4,2022,1,5G,Android 12,https://www.gsmarena.com/oppo_reno8-11684.php,2026-08-22T14:23:04
Oppo Reno8,OPPO,12GB,256GB,Mediatek Dimensity 1300,4500.0,6.4,2022,1,5G,Android 12,https://www.gsmarena.com/oppo_reno8-11684.php,2026-08-22T14:23:04
Oppo A97,OPPO,8GB,256GB,Mediatek Dimensity 810,5000.0,6.6,2022,0,5G,Android 12,https://www.gsmarena.com/oppo_a97-11655.php,2026-08-22T14:23:41
Oppo A97,OPPO,12GB,256GB,Mediatek Dimensity 810,5000.0,6.6,2022,0,5G,Android 12,https://www.gsmarena.com/oppo_a97-11655.php,2026-08-22T14:23:41
Oppo A97,OPPO,12GB,512GB,Mediatek Dimensity 810,5000.0,6.6,2022,0,5G,Android 12,https://www.gsmarena.com/oppo_a97-11655.php,2026-08-22T14:23:41
Oppo Reno8 Lite,OPPO,8GB,128GB,Qualcomm SM6375 Snapdragon 695 5G,4500.0,6.43,2022,1,5G,Android 11,https://www.gsmarena.com/oppo_reno8_lite-11513.php,2026-08-22T14:24:15
Oppo Reno8 Lite,OPPO,12GB,128GB,Qualcomm SM6375 Snapdragon 695 5G,4500.0,6.43,2022,1,5G,Android 11,https://www.gsmarena.com/oppo_reno8_lite-11513.php,2026-08-22T14:24:15
Oppo K10 5G,OPPO,6GB,128GB,Mediatek Dimensity 810,5000.0,6.56,2022,1,5G,Android 12,https://www.gsmarena.com/oppo_k10_5g-11610.php,2026-08-22T14:24:43
Oppo K10 5G,OPPO,8GB,128GB,Mediatek Dimensity 810,5000.0,6.56,2022,1,5G,Android 12,https://www.gsmarena.com/oppo_k10_5g-11610.php,2026-08-22T14:24:43
Oppo A77,OPPO,4GB,64GB,Mediatek Dimensity 810,5000.0,6.56,2022,1,5G,Android 12,https://www.gsmarena.com/oppo_a77-11599.php,2026-08-22T14:25:17
Oppo A77,OPPO,4GB,128GB,Mediatek Dimensity 810,5000.0,6.56,2022,1,5G,Android 12,https://www.gsmarena.com/oppo_a77-11599.php,2026-08-22T14:25:17
Oppo A77,OPPO,6GB,128GB,Mediatek Dimensity 810,5000.0,6.56,2022,1,5G,Android 12,https://www.gsmarena.com/oppo_a77-11599.php,2026-08-22T14:25:17
Oppo A57 4G,OPPO,3GB,64GB,Mediatek MT6765G Helio G35,5000.0,6.56,2022,0,4G,Android 12,https://www.gsmarena.com/oppo_a57_4g-11565.php,2026-08-22T14:25:52
Oppo A57 4G,OPPO,4GB,64GB,Mediatek MT6765G Helio G35,5000.0,6.56,2022,0,4G,Android 12,https://www.gsmarena.com/oppo_a57_4g-11565.php,2026-08-22T14:25:52
Oppo A57 4G,OPPO,4GB,128GB,Mediatek MT6765G Helio G35,5000.0,6.56,2022,0,4G,Android 12,https://www.gsmarena.com/oppo_a57_4g-11565.php,2026-08-22T14:25:52
Oppo Reno8 Pro+,OPPO,8GB,256GB,Mediatek Dimensity 8100 Max,4500.0,6.7,2022,1,5G,Android 12,https://www.gsmarena.com/oppo_reno8_pro+-11543.php,2026-08-22T14:26:22
Oppo Reno8 Pro+,OPPO,12GB,256GB,Mediatek Dimensity 8100 Max,4500.0,6.7,2022,1,5G,Android 12,https://www.gsmarena.com/oppo_reno8_pro+-11543.php,2026-08-22T14:26:22
Oppo Reno8 Pro (China),OPPO,8GB,128GB,Qualcomm SM7450-AB Snapdragon 7 Gen 1,4500.0,6.62,2022,1,5G,Android 12,https://www.gsmarena.com/oppo_reno8_pro_(china)-11542.php,2026-08-22T14:26:53
Oppo Reno8 Pro (China),OPPO,8GB,256GB,Qualcomm SM7450-AB Snapdragon 7 Gen 1,4500.0,6.62,2022,1,5G,Android 12,https://www.gsmarena.com/oppo_reno8_pro_(china)-11542.php,2026-08-22T14:26:53
Oppo Reno8 Pro (China),OPPO,12GB,256GB,Qualcomm SM7450-AB Snapdragon 7 Gen 1,4500.0,6.62,2022,1,5G,Android 12,https://www.gsmarena.com/oppo_reno8_pro_(china)-11542.php,2026-08-22T14:26:53
Oppo Reno8 (China),OPPO,8GB,128GB,Mediatek Dimensity 1300,4500.0,6.43,2022,1,5G,Android 12,https://www.gsmarena.com/oppo_reno8_(china)-11541.php,2026-08-22T14:27:33
Oppo Reno8 (China),OPPO,8GB,256GB,Mediatek Dimensity 1300,4500.0,6.43,2022,1,5G,Android 12,https://www.gsmarena.com/oppo_reno8_(china)-11541.php,2026-08-22T14:27:33
Oppo Reno8 (China),OPPO,12GB,256GB,Mediatek Dimensity 1300,4500.0,6.43,2022,1,5G,Android 12,https://www.gsmarena.com/oppo_reno8_(china)-11541.php,2026-08-22T14:27:33
Oppo K10 Pro,OPPO,8GB,128GB,Qualcomm SM8350 Snapdragon 888 5G,5000.0,6.62,2022,1,5G,Android 12,https://www.gsmarena.com/oppo_k10_pro-11467.php,2026-08-22T14:28:12
Oppo K10 Pro,OPPO,8GB,256GB,Qualcomm SM8350 Snapdragon 888 5G,5000.0,6.62,2022,1,5G,Android 12,https://www.gsmarena.com/oppo_k10_pro-11467.php,2026-08-22T14:28:12
Oppo K10 Pro,OPPO,12GB,256GB,Qualcomm SM8350 Snapdragon 888 5G,5000.0,6.62,2022,1,5G,Android 12,https://www.gsmarena.com/oppo_k10_pro-11467.php,2026-08-22T14:28:12
Oppo K10 5G (China),OPPO,8GB,128GB,Mediatek Dimensity 8000 Max,5000.0,6.59,2022,1,5G,Android 12,https://www.gsmarena.com/oppo_k10_5g_(china)-11481.php,2026-08-22T14:28:52
Oppo K10 5G (China),OPPO,8GB,256GB,Mediatek Dimensity 8000 Max,5000.0,6.59,2022,1,5G,Android 12,https://www.gsmarena.com/oppo_k10_5g_(china)-11481.php,2026-08-22T14:28:52
Oppo K10 5G (China),OPPO,12GB,256GB,Mediatek Dimensity 8000 Max,5000.0,6.59,2022,1,5G,Android 12,https://www.gsmarena.com/oppo_k10_5g_(china)-11481.php,2026-08-22T14:28:52
Oppo A55s,OPPO,6GB,128GB,Mediatek Dimensity 700,5000.0,6.5,2022,0,5G,Android 11,https://www.gsmarena.com/oppo_a55s-11482.php,2026-08-22T14:29:22
Oppo A55s,OPPO,8GB,128GB,Mediatek Dimensity 700,5000.0,6.5,2022,0,5G,Android 11,https://www.gsmarena.com/oppo_a55s-11482.php,2026-08-22T14:29:22
Oppo A57,OPPO,6GB,128GB,Mediatek Dimensity 810,5000.0,6.56,2022,0,5G,Android 12,https://www.gsmarena.com/oppo_a57-11476.php,2026-08-22T14:30:00
Oppo A57,OPPO,8GB,128GB,Mediatek Dimensity 810,5000.0,6.56,2022,0,5G,Android 12,https://www.gsmarena.com/oppo_a57-11476.php,2026-08-22T14:30:00
Oppo A57,OPPO,8GB,256GB,Mediatek Dimensity 810,5000.0,6.56,2022,0,5G,Android 12,https://www.gsmarena.com/oppo_a57-11476.php,2026-08-22T14:30:00
Oppo Reno7 Lite,OPPO,8GB,128GB,Qualcomm SM6375 Snapdragon 695 5G,4500.0,6.43,2022,1,5G,Android 11,https://www.gsmarena.com/oppo_reno7_lite-11458.php,2026-08-22T14:30:22
Oppo Reno7 Lite,OPPO,8GB,256GB,Qualcomm SM6375 Snapdragon 695 5G,4500.0,6.43,2022,1,5G,Android 11,https://www.gsmarena.com/oppo_reno7_lite-11458.php,2026-08-22T14:30:22
Oppo F21 Pro 5G,OPPO,8GB,128GB,Qualcomm SM6375 Snapdragon 695 5G,4500.0,6.43,2022,1,5G,Android 12,https://www.gsmarena.com/oppo_f21_pro_5g-11471.php,2026-08-22T14:31:01
Oppo F21 Pro,OPPO,8GB,128GB,Qualcomm SM6225 Snapdragon 680 4G,4500.0,6.43,2022,0,4G,Android 12,https://www.gsmarena.com/oppo_f21_pro-11450.php,2026-08-22T14:31:25
Infinix Hot 70 Pro,Infinix,6GB,128GB,Mediatek Dimensity 7100,6000.0,6.76,2026,1,5G,Android 16,https://www.gsmarena.com/infinix_hot_70_pro_5g-14806.php,2026-08-23T18:23:13
Infinix Hot 70 Pro,Infinix,8GB,128GB,Mediatek Dimensity 7100,6000.0,6.76,2026,1,5G,Android 16,https://www.gsmarena.com/infinix_hot_70_pro_5g-14806.php,2026-08-23T18:23:13
Infinix Hot 70 Pro,Infinix,8GB,256GB,Mediatek Dimensity 7100,6000.0,6.76,2026,1,5G,Android 16,https://www.gsmarena.com/infinix_hot_70_pro_5g-14806.php,2026-08-23T18:23:13
Infinix Hot 70,Infinix,4GB,128GB,Mediatek Helio G100 Ultimate,6000.0,6.78,2026,1,4G,Android 16,https://www.gsmarena.com/infinix_hot_70-14683.php,2026-08-23T18:23:50
Infinix Hot 70,Infinix,6GB,128GB,Mediatek Helio G100 Ultimate,6000.0,6.78,2026,1,4G,Android 16,https://www.gsmarena.com/infinix_hot_70-14683.php,2026-08-23T18:23:50
Infinix Hot 70,Infinix,8GB,128GB,Mediatek Helio G100 Ultimate,6000.0,6.78,2026,1,4G,Android 16,https://www.gsmarena.com/infinix_hot_70-14683.php,2026-08-23T18:23:50
Infinix Hot 70,Infinix,6GB,256GB,Mediatek Helio G100 Ultimate,6000.0,6.78,2026,1,4G,Android 16,https://www.gsmarena.com/infinix_hot_70-14683.php,2026-08-23T18:23:50
Infinix Hot 70,Infinix,8GB,256GB,Mediatek Helio G100 Ultimate,6000.0,6.78,2026,1,4G,Android 16,https://www.gsmarena.com/infinix_hot_70-14683.php,2026-08-23T18:23:50
Infinix GT 50 Pro,Infinix,12GB,256GB,Mediatek Dimensity 8400 Ultimate,6500.0,6.78,2026,1,5G,Android 16,https://www.gsmarena.com/infinix_gt_50_pro_5g-14497.php,2026-08-23T18:24:27
Infinix GT 50 Pro,Infinix,12GB,512GB,Mediatek Dimensity 8400 Ultimate,6500.0,6.78,2026,1,5G,Android 16,https://www.gsmarena.com/infinix_gt_50_pro_5g-14497.php,2026-08-23T18:24:27
Infinix Note 60 Ultra,Infinix,12GB,256GB,Mediatek Dimensity 8400 Ultimate,7000.0,6.78,2026,1,5G,Android 16,https://www.gsmarena.com/infinix_note_60_ultra_5g-14528.php,2026-08-23T18:24:59
Infinix Note 60 Ultra,Infinix,12GB,512GB,Mediatek Dimensity 8400 Ultimate,7000.0,6.78,2026,1,5G,Android 16,https://www.gsmarena.com/infinix_note_60_ultra_5g-14528.php,2026-08-23T18:24:59
Infinix Note 60 Pro,Infinix,8GB,128GB,Qualcomm SM7635-AC Snapdragon 7s Gen 4,6500.0,6.78,2026,1,5G,Android 16,https://www.gsmarena.com/infinix_note_60_pro_5g-14499.php,2026-08-23T18:25:23
Infinix Note 60 Pro,Infinix,8GB,256GB,Qualcomm SM7635-AC Snapdragon 7s Gen 4,6500.0,6.78,2026,1,5G,Android 16,https://www.gsmarena.com/infinix_note_60_pro_5g-14499.php,2026-08-23T18:25:23
Infinix Note 60 Pro,Infinix,12GB,256GB,Qualcomm SM7635-AC Snapdragon 7s Gen 4,6500.0,6.78,2026,1,5G,Android 16,https://www.gsmarena.com/infinix_note_60_pro_5g-14499.php,2026-08-23T18:25:23
Infinix Note 60,Infinix,8GB,128GB,Mediatek Dimensity 7400 Ultimate,6500.0,6.78,2026,1,5G,Android 16,https://www.gsmarena.com/infinix_note_60_5g-14498.php,2026-08-23T18:25:49
Infinix Note 60,Infinix,8GB,256GB,Mediatek Dimensity 7400 Ultimate,6500.0,6.78,2026,1,5G,Android 16,https://www.gsmarena.com/infinix_note_60_5g-14498.php,2026-08-23T18:25:49
Infinix Smart 20,Infinix,4GB,64GB,Mediatek Helio G81 Ultimate,5200.0,6.78,2026,1,4G,Android 16,https://www.gsmarena.com/infinix_smart_20-14502.php,2026-08-23T18:26:19
Infinix Smart 20,Infinix,4GB,128GB,Mediatek Helio G81 Ultimate,5200.0,6.78,2026,1,4G,Android 16,https://www.gsmarena.com/infinix_smart_20-14502.php,2026-08-23T18:26:19
Infinix Note Edge,Infinix,8GB,128GB,Mediatek Dimensity 7100,6500.0,6.78,2026,1,5G,Android 16,https://www.gsmarena.com/infinix_note_edge_5g-14421.php,2026-08-23T18:26:59
Infinix Note Edge,Infinix,8GB,256GB,Mediatek Dimensity 7100,6500.0,6.78,2026,1,5G,Android 16,https://www.gsmarena.com/infinix_note_edge_5g-14421.php,2026-08-23T18:26:59
Infinix Hot 60i,Infinix,4GB,128GB,Mediatek Dimensity 6400,6000.0,6.75,2025,1,5G,Android 15,https://www.gsmarena.com/infinix_hot_60i_5g-14072.php,2026-08-23T18:27:22
Infinix GT 30,Infinix,8GB,128GB,Mediatek Dimensity 7400,5500.0,6.78,2025,1,5G,Android 15,https://www.gsmarena.com/infinix_gt_30_5g-14044.php,2026-08-23T18:27:51
Infinix GT 30,Infinix,8GB,256GB,Mediatek Dimensity 7400,5500.0,6.78,2025,1,5G,Android 15,https://www.gsmarena.com/infinix_gt_30_5g-14044.php,2026-08-23T18:27:51
Infinix Hot 60,Infinix,6GB,128GB,Mediatek Dimensity 7020,5200.0,6.7,2025,0,5G,Android 15,https://www.gsmarena.com/infinix_hot_60_5g-14006.php,2026-08-23T18:28:26
Infinix Hot 60,Infinix,8GB,256GB,Mediatek Dimensity 7020,5200.0,6.7,2025,0,5G,Android 15,https://www.gsmarena.com/infinix_hot_60_5g-14006.php,2026-08-23T18:28:26
Infinix Hot 60 Pro+,Infinix,6GB,128GB,Mediatek Helio G200,5160.0,6.78,2025,1,4G,Android 15,https://www.gsmarena.com/infinix_hot_60_pro+-14002.php,2026-08-23T18:28:52
Infinix Hot 60 Pro+,Infinix,8GB,128GB,Mediatek Helio G200,5160.0,6.78,2025,1,4G,Android 15,https://www.gsmarena.com/infinix_hot_60_pro+-14002.php,2026-08-23T18:28:52
Infinix Hot 60 Pro+,Infinix,8GB,256GB,Mediatek Helio G200,5160.0,6.78,2025,1,4G,Android 15,https://www.gsmarena.com/infinix_hot_60_pro+-14002.php,2026-08-23T18:28:52
Infinix Hot 60 Pro,Infinix,8GB,128GB,Mediatek Helio G200,5160.0,6.78,2025,1,4G,Android 15,https://www.gsmarena.com/infinix_hot_60_pro-14003.php,2026-08-23T18:29:17
Infinix Hot 60 Pro,Infinix,8GB,256GB,Mediatek Helio G200,5160.0,6.78,2025,1,4G,Android 15,https://www.gsmarena.com/infinix_hot_60_pro-14003.php,2026-08-23T18:29:17
Infinix Hot 60i 4G,Infinix,4GB,128GB,Mediatek Helio G81 Ultimate,5160.0,6.7,2025,1,4G,Android 15,https://www.gsmarena.com/infinix_hot_60i-13983.php,2026-08-23T18:29:51
Infinix Hot 60i 4G,Infinix,6GB,128GB,Mediatek Helio G81 Ultimate,5160.0,6.7,2025,1,4G,Android 15,https://www.gsmarena.com/infinix_hot_60i-13983.php,2026-08-23T18:29:51
Infinix Hot 60i 4G,Infinix,4GB,256GB,Mediatek Helio G81 Ultimate,5160.0,6.7,2025,1,4G,Android 15,https://www.gsmarena.com/infinix_hot_60i-13983.php,2026-08-23T18:29:51
Infinix Hot 60i 4G,Infinix,8GB,256GB,Mediatek Helio G81 Ultimate,5160.0,6.7,2025,1,4G,Android 15,https://www.gsmarena.com/infinix_hot_60i-13983.php,2026-08-23T18:29:51
Infinix Smart 10 HD,Infinix,2GB,64GB,,5000.0,6.6,2025,0,4G,Android 14 (Go edition),https://www.gsmarena.com/infinix_smart_10_hd-13954.php,2026-08-23T18:30:13
Infinix Smart 10 Plus,Infinix,4GB,128GB,Unisoc T7250,6000.0,6.67,2025,1,4G,Android 15,https://www.gsmarena.com/infinix_smart_10_plus-13953.php,2026-08-23T18:30:36
Infinix Smart 10 Plus,Infinix,8GB,128GB,Unisoc T7250,6000.0,6.67,2025,1,4G,Android 15,https://www.gsmarena.com/infinix_smart_10_plus-13953.php,2026-08-23T18:30:36
Infinix Smart 10,Infinix,3GB,64GB,Unisoc T7250,5000.0,6.67,2025,1,4G,Android 15/15 (Go edition),https://www.gsmarena.com/infinix_smart_10-13933.php,2026-08-23T18:31:15
Infinix Smart 10,Infinix,4GB,64GB,Unisoc T7250,5000.0,6.67,2025,1,4G,Android 15/15 (Go edition),https://www.gsmarena.com/infinix_smart_10-13933.php,2026-08-23T18:31:15
Infinix Smart 10,Infinix,4GB,128GB,Unisoc T7250,5000.0,6.67,2025,1,4G,Android 15/15 (Go edition),https://www.gsmarena.com/infinix_smart_10-13933.php,2026-08-23T18:31:15
Infinix Smart 10,Infinix,6GB,128GB,Unisoc T7250,5000.0,6.67,2025,1,4G,Android 15/15 (Go edition),https://www.gsmarena.com/infinix_smart_10-13933.php,2026-08-23T18:31:15
Infinix Smart 10,Infinix,4GB,256GB,Unisoc T7250,5000.0,6.67,2025,1,4G,Android 15/15 (Go edition),https://www.gsmarena.com/infinix_smart_10-13933.php,2026-08-23T18:31:15
Infinix Smart 10,Infinix,8GB,256GB,Unisoc T7250,5000.0,6.67,2025,1,4G,Android 15/15 (Go edition),https://www.gsmarena.com/infinix_smart_10-13933.php,2026-08-23T18:31:15
Infinix GT 30 Pro,Infinix,8GB,256GB,Mediatek Dimensity 8350 Ultimate,5500.0,6.78,2025,1,5G,Android 15,https://www.gsmarena.com/infinix_gt_30_pro_5g-13889.php,2026-08-23T18:31:39
Infinix GT 30 Pro,Infinix,12GB,256GB,Mediatek Dimensity 8350 Ultimate,5500.0,6.78,2025,1,5G,Android 15,https://www.gsmarena.com/infinix_gt_30_pro_5g-13889.php,2026-08-23T18:31:39
Infinix GT 30 Pro,Infinix,12GB,512GB,Mediatek Dimensity 8350 Ultimate,5500.0,6.78,2025,1,5G,Android 15,https://www.gsmarena.com/infinix_gt_30_pro_5g-13889.php,2026-08-23T18:31:39
Infinix Note 50s,Infinix,6GB,128GB,Mediatek Dimensity 7300 Ultimate,5500.0,6.78,2025,0,5G,Android 15,https://www.gsmarena.com/infinix_note_50s_5g-13793.php,2026-08-23T18:32:06
Infinix Note 50s,Infinix,8GB,128GB,Mediatek Dimensity 7300 Ultimate,5500.0,6.78,2025,0,5G,Android 15,https://www.gsmarena.com/infinix_note_50s_5g-13793.php,2026-08-23T18:32:06
Infinix Note 50s,Infinix,8GB,256GB,Mediatek Dimensity 7300 Ultimate,5500.0,6.78,2025,0,5G,Android 15,https://www.gsmarena.com/infinix_note_50s_5g-13793.php,2026-08-23T18:32:06
Infinix Note 50x,Infinix,6GB,128GB,Mediatek Dimensity 7300 Ultimate,5500.0,6.67,2025,0,5G,Android 15,https://www.gsmarena.com/infinix_note_50x-13747.php,2026-08-23T18:32:33
Infinix Note 50x,Infinix,8GB,128GB,Mediatek Dimensity 7300 Ultimate,5500.0,6.67,2025,0,5G,Android 15,https://www.gsmarena.com/infinix_note_50x-13747.php,2026-08-23T18:32:33
Infinix Note 50x,Infinix,8GB,256GB,Mediatek Dimensity 7300 Ultimate,5500.0,6.67,2025,0,5G,Android 15,https://www.gsmarena.com/infinix_note_50x-13747.php,2026-08-23T18:32:33
Infinix Note 50 Pro+,Infinix,12GB,256GB,Mediatek Dimensity 8350 Ultimate,5200.0,6.78,2025,1,5G,Android 15,https://www.gsmarena.com/infinix_note_50_pro+-13746.php,2026-08-23T18:32:56
Infinix Note 50 Pro 4G,Infinix,8GB,256GB,Mediatek Helio G100 Ultimate,5200.0,6.78,2025,1,4G,Android 15,https://www.gsmarena.com/infinix_note_50_pro_4g-13701.php,2026-08-23T18:33:19
Infinix Note 50 Pro 4G,Infinix,12GB,256GB,Mediatek Helio G100 Ultimate,5200.0,6.78,2025,1,4G,Android 15,https://www.gsmarena.com/infinix_note_50_pro_4g-13701.php,2026-08-23T18:33:19
Infinix Note 50 4G,Infinix,8GB,256GB,Mediatek Helio G100 Ultimate,5200.0,6.78,2025,1,4G,Android 15,https://www.gsmarena.com/infinix_note_50_4g-13705.php,2026-08-23T18:33:45
Infinix Smart 9 HD,Infinix,3GB,64GB,Mediatek Helio,5000.0,6.7,2024,0,4G,Android 14 (Go edition),https://www.gsmarena.com/infinix_smart_9_hd-13590.php,2026-08-23T18:34:07
Infinix Smart 9 HD,Infinix,4GB,64GB,Mediatek Helio,5000.0,6.7,2024,0,4G,Android 14 (Go edition),https://www.gsmarena.com/infinix_smart_9_hd-13590.php,2026-08-23T18:34:07
Infinix Hot 50 Pro 4G,Infinix,8GB,128GB,Mediatek Helio G100,5000.0,6.78,2024,1,4G,Android 14,https://www.gsmarena.com/infinix_hot_50_pro_4g-13461.php,2026-08-23T18:34:29
Infinix Hot 50 Pro 4G,Infinix,8GB,256GB,Mediatek Helio G100,5000.0,6.78,2024,1,4G,Android 14,https://www.gsmarena.com/infinix_hot_50_pro_4g-13461.php,2026-08-23T18:34:29
Infinix Hot 50 Pro+ 4G,Infinix,8GB,128GB,Mediatek Helio G100,5000.0,6.78,2024,1,4G,Android 14,https://www.gsmarena.com/infinix_hot_50_pro+_4g-13408.php,2026-08-23T18:34:57
Infinix Hot 50 Pro+ 4G,Infinix,8GB,256GB,Mediatek Helio G100,5000.0,6.78,2024,1,4G,Android 14,https://www.gsmarena.com/infinix_hot_50_pro+_4g-13408.php,2026-08-23T18:34:57
Infinix Note 40S,Infinix,8GB,256GB,Mediatek Helio G99 Ultimate,5000.0,6.78,2024,1,4G,Android 14,https://www.gsmarena.com/infinix_note_40s-13460.php,2026-08-23T18:35:31
Infinix Hot 50i,Infinix,4GB,128GB,Mediatek Helio G81,5000.0,6.7,2024,0,4G,Android 14,https://www.gsmarena.com/infinix_hot_50i-13375.php,2026-08-23T18:36:07
Infinix Hot 50i,Infinix,6GB,128GB,Mediatek Helio G81,5000.0,6.7,2024,0,4G,Android 14,https://www.gsmarena.com/infinix_hot_50i-13375.php,2026-08-23T18:36:07
Infinix Hot 50i,Infinix,4GB,256GB,Mediatek Helio G81,5000.0,6.7,2024,0,4G,Android 14,https://www.gsmarena.com/infinix_hot_50i-13375.php,2026-08-23T18:36:07
Infinix Hot 50i,Infinix,6GB,256GB,Mediatek Helio G81,5000.0,6.7,2024,0,4G,Android 14,https://www.gsmarena.com/infinix_hot_50i-13375.php,2026-08-23T18:36:07
Infinix Hot 50i,Infinix,8GB,256GB,Mediatek Helio G81,5000.0,6.7,2024,0,4G,Android 14,https://www.gsmarena.com/infinix_hot_50i-13375.php,2026-08-23T18:36:07
Infinix Smart 9,Infinix,3GB,64GB,Mediatek Helio G81,5000.0,6.7,2024,0,4G,Android 14 (Go edition),https://www.gsmarena.com/infinix_smart_9-13374.php,2026-08-23T18:36:30
Infinix Smart 9,Infinix,4GB,64GB,Mediatek Helio G81,5000.0,6.7,2024,0,4G,Android 14 (Go edition),https://www.gsmarena.com/infinix_smart_9-13374.php,2026-08-23T18:36:30
Infinix Smart 9,Infinix,3GB,128GB,Mediatek Helio G81,5000.0,6.7,2024,0,4G,Android 14 (Go edition),https://www.gsmarena.com/infinix_smart_9-13374.php,2026-08-23T18:36:30
Infinix Smart 9,Infinix,4GB,128GB,Mediatek Helio G81,5000.0,6.7,2024,0,4G,Android 14 (Go edition),https://www.gsmarena.com/infinix_smart_9-13374.php,2026-08-23T18:36:30
Infinix Smart 9,Infinix,6GB,128GB,Mediatek Helio G81,5000.0,6.7,2024,0,4G,Android 14 (Go edition),https://www.gsmarena.com/infinix_smart_9-13374.php,2026-08-23T18:36:30
Infinix Hot 50 4G,Infinix,6GB,128GB,Mediatek Helio G100,5000.0,6.78,2024,1,4G,Android 14,https://www.gsmarena.com/infinix_hot_50_4g-13367.php,2026-08-23T18:37:05
Infinix Hot 50 4G,Infinix,8GB,128GB,Mediatek Helio G100,5000.0,6.78,2024,1,4G,Android 14,https://www.gsmarena.com/infinix_hot_50_4g-13367.php,2026-08-23T18:37:05
Infinix Hot 50 4G,Infinix,6GB,256GB,Mediatek Helio G100,5000.0,6.78,2024,1,4G,Android 14,https://www.gsmarena.com/infinix_hot_50_4g-13367.php,2026-08-23T18:37:05
Infinix Hot 50 4G,Infinix,8GB,256GB,Mediatek Helio G100,5000.0,6.78,2024,1,4G,Android 14,https://www.gsmarena.com/infinix_hot_50_4g-13367.php,2026-08-23T18:37:05
Infinix Zero Flip,Infinix,8GB,256GB,Mediatek Dimensity 8020,4720.0,6.9,2024,1,5G,Android 14,https://www.gsmarena.com/infinix_zero_flip-13347.php,2026-08-23T18:37:43
Infinix Zero Flip,Infinix,8GB,512GB,Mediatek Dimensity 8020,4720.0,6.9,2024,1,5G,Android 14,https://www.gsmarena.com/infinix_zero_flip-13347.php,2026-08-23T18:37:43
Infinix Hot 50,Infinix,4GB,128GB,Mediatek Dimensity 6300,5000.0,6.7,2024,0,5G,Android 14,https://www.gsmarena.com/infinix_hot_50-13305.php,2026-08-23T18:38:22
Infinix Hot 50,Infinix,8GB,128GB,Mediatek Dimensity 6300,5000.0,6.7,2024,0,5G,Android 14,https://www.gsmarena.com/infinix_hot_50-13305.php,2026-08-23T18:38:22
Infinix Hot 50,Infinix,6GB,256GB,Mediatek Dimensity 6300,5000.0,6.7,2024,0,5G,Android 14,https://www.gsmarena.com/infinix_hot_50-13305.php,2026-08-23T18:38:22
Infinix Hot 50,Infinix,8GB,256GB,Mediatek Dimensity 6300,5000.0,6.7,2024,0,5G,Android 14,https://www.gsmarena.com/infinix_hot_50-13305.php,2026-08-23T18:38:22
Infinix Zero 40,Infinix,12GB,256GB,Mediatek Dimensity 8200 Ultimate,5000.0,6.78,2024,1,5G,Android 14,https://www.gsmarena.com/infinix_zero_40-13290.php,2026-08-23T18:38:44
Infinix Zero 40,Infinix,12GB,512GB,Mediatek Dimensity 8200 Ultimate,5000.0,6.78,2024,1,5G,Android 14,https://www.gsmarena.com/infinix_zero_40-13290.php,2026-08-23T18:38:44
Infinix Zero 40 4G,Infinix,8GB,256GB,Mediatek Helio G100,5000.0,6.78,2024,1,4G,Android 14,https://www.gsmarena.com/infinix_zero_40_4g-13276.php,2026-08-23T18:39:15
Infinix Zero 40 4G,Infinix,8GB,512GB,Mediatek Helio G100,5000.0,6.78,2024,1,4G,Android 14,https://www.gsmarena.com/infinix_zero_40_4g-13276.php,2026-08-23T18:39:15
Infinix Note 40X 5G,Infinix,8GB,256GB,Mediatek Dimensity 6300,5000.0,6.78,2024,1,5G,Android 14,https://www.gsmarena.com/infinix_note_40x_5g-13246.php,2026-08-23T18:39:51
Infinix Note 40X 5G,Infinix,12GB,256GB,Mediatek Dimensity 6300,5000.0,6.78,2024,1,5G,Android 14,https://www.gsmarena.com/infinix_note_40x_5g-13246.php,2026-08-23T18:39:51
Infinix Note 40 5G,Infinix,8GB,256GB,Mediatek Dimensity 7020,5000.0,6.78,2024,1,5G,Android 14,https://www.gsmarena.com/infinix_note_40_5g-13035.php,2026-08-23T18:40:19
Infinix Note 40 5G,Infinix,12GB,512GB,Mediatek Dimensity 7020,5000.0,6.78,2024,1,5G,Android 14,https://www.gsmarena.com/infinix_note_40_5g-13035.php,2026-08-23T18:40:19
Infinix GT 20 Pro,Infinix,8GB,256GB,Mediatek Dimensity 8200 Ultimate,5000.0,6.78,2024,1,5G,Android 14,https://www.gsmarena.com/infinix_gt_20_pro-12962.php,2026-08-23T18:40:54
Infinix GT 20 Pro,Infinix,12GB,256GB,Mediatek Dimensity 8200 Ultimate,5000.0,6.78,2024,1,5G,Android 14,https://www.gsmarena.com/infinix_gt_20_pro-12962.php,2026-08-23T18:40:54
Infinix Note 40 Pro+,Infinix,12GB,256GB,Mediatek Dimensity 7020,4600.0,6.78,2024,1,5G,Android 14,https://www.gsmarena.com/infinix_note_40_pro+-12874.php,2026-08-23T18:41:28
Infinix Note 40 Pro+,Infinix,12GB,512GB,Mediatek Dimensity 7020,4600.0,6.78,2024,1,5G,Android 14,https://www.gsmarena.com/infinix_note_40_pro+-12874.php,2026-08-23T18:41:28
Infinix Note 40 Pro,Infinix,8GB,256GB,Mediatek Dimensity 7020,5000.0,6.78,2024,1,5G,Android 14,https://www.gsmarena.com/infinix_note_40_pro-12875.php,2026-08-23T18:42:03
Infinix Note 40 Pro 4G,Infinix,8GB,256GB,Mediatek Helio G99 Ultimate,5000.0,6.78,2024,1,4G,Android 14,https://www.gsmarena.com/infinix_note_40_pro_4g-12876.php,2026-08-23T18:42:43
Infinix Note 40 Pro 4G,Infinix,12GB,256GB,Mediatek Helio G99 Ultimate,5000.0,6.78,2024,1,4G,Android 14,https://www.gsmarena.com/infinix_note_40_pro_4g-12876.php,2026-08-23T18:42:43
Infinix Note 40,Infinix,8GB,256GB,Mediatek Helio G99 Ultimate,5000.0,6.78,2024,1,4G,Android 14,https://www.gsmarena.com/infinix_note_40-12877.php,2026-08-23T18:43:13
Infinix Smart 8 Plus,Infinix,4GB,64GB,Mediatek Helio G36,6000.0,6.6,2024,0,4G,Android 13 (Go edition),https://www.gsmarena.com/infinix_smart_8_plus-12817.php,2026-08-23T18:43:51
Infinix Smart 8 Plus,Infinix,4GB,128GB,Mediatek Helio G36,6000.0,6.6,2024,0,4G,Android 13 (Go edition),https://www.gsmarena.com/infinix_smart_8_plus-12817.php,2026-08-23T18:43:51
Infinix Smart 8 Pro,Infinix,4GB,64GB,Mediatek Helio G36,5000.0,6.6,2024,0,4G,Android 13 (Go edition),https://www.gsmarena.com/infinix_smart_8_pro-12812.php,2026-08-23T18:44:19
Infinix Smart 8 Pro,Infinix,8GB,128GB,Mediatek Helio G36,5000.0,6.6,2024,0,4G,Android 13 (Go edition),https://www.gsmarena.com/infinix_smart_8_pro-12812.php,2026-08-23T18:44:19
Infinix Smart 8 Pro,Infinix,4GB,256GB,Mediatek Helio G36,5000.0,6.6,2024,0,4G,Android 13 (Go edition),https://www.gsmarena.com/infinix_smart_8_pro-12812.php,2026-08-23T18:44:19
Infinix Smart 8 (India),Infinix,4GB,64GB,Mediatek Helio G36,5000.0,6.6,2024,0,4G,Android 13 (Go edition),https://www.gsmarena.com/infinix_smart_8_(india)-12792.php,2026-08-23T18:44:53
Infinix Smart 8 HD,Infinix,3GB,64GB,Unisoc T606,5000.0,6.6,2023,0,4G,Android 13,https://www.gsmarena.com/infinix_smart_8_hd-12736.php,2026-08-23T18:45:21
Infinix Smart 8 HD,Infinix,4GB,64GB,Unisoc T606,5000.0,6.6,2023,0,4G,Android 13,https://www.gsmarena.com/infinix_smart_8_hd-12736.php,2026-08-23T18:45:21
Infinix Hot 40 Pro,Infinix,8GB,128GB,Mediatek Helio G99,5000.0,6.78,2023,1,4G,Android 13,https://www.gsmarena.com/infinix_hot_40_pro-12733.php,2026-08-23T18:45:58
Infinix Hot 40 Pro,Infinix,8GB,256GB,Mediatek Helio G99,5000.0,6.78,2023,1,4G,Android 13,https://www.gsmarena.com/infinix_hot_40_pro-12733.php,2026-08-23T18:45:58
Infinix Hot 40 Pro,Infinix,12GB,256GB,Mediatek Helio G99,5000.0,6.78,2023,1,4G,Android 13,https://www.gsmarena.com/infinix_hot_40_pro-12733.php,2026-08-23T18:45:58
Infinix Hot 40,Infinix,8GB,128GB,Mediatek MT6769H Helio G88,5000.0,6.78,2023,1,4G,Android 13,https://www.gsmarena.com/infinix_hot_40-12732.php,2026-08-23T18:46:23
Infinix Hot 40,Infinix,8GB,256GB,Mediatek MT6769H Helio G88,5000.0,6.78,2023,1,4G,Android 13,https://www.gsmarena.com/infinix_hot_40-12732.php,2026-08-23T18:46:23
Infinix Hot 40i,Infinix,4GB,128GB,Unisoc T606,5000.0,6.56,2023,1,4G,Android 13,https://www.gsmarena.com/infinix_hot_40i-12731.php,2026-08-23T18:46:46
Infinix Hot 40i,Infinix,8GB,128GB,Unisoc T606,5000.0,6.56,2023,1,4G,Android 13,https://www.gsmarena.com/infinix_hot_40i-12731.php,2026-08-23T18:46:46
Infinix Hot 40i,Infinix,8GB,256GB,Unisoc T606,5000.0,6.56,2023,1,4G,Android 13,https://www.gsmarena.com/infinix_hot_40i-12731.php,2026-08-23T18:46:46
Infinix Smart 8,Infinix,2GB,64GB,Unisoc T606,5000.0,6.6,2023,0,4G,Android 13,https://www.gsmarena.com/infinix_smart_8-12642.php,2026-08-23T18:47:20
Infinix Smart 8,Infinix,3GB,64GB,Unisoc T606,5000.0,6.6,2023,0,4G,Android 13,https://www.gsmarena.com/infinix_smart_8-12642.php,2026-08-23T18:47:20
Infinix Smart 8,Infinix,4GB,64GB,Unisoc T606,5000.0,6.6,2023,0,4G,Android 13,https://www.gsmarena.com/infinix_smart_8-12642.php,2026-08-23T18:47:20
Infinix Smart 8,Infinix,4GB,128GB,Unisoc T606,5000.0,6.6,2023,0,4G,Android 13,https://www.gsmarena.com/infinix_smart_8-12642.php,2026-08-23T18:47:20
Infinix Zero 30 4G,Infinix,8GB,256GB,Mediatek Helio G99,5000.0,6.78,2023,1,4G,Android 13,https://www.gsmarena.com/infinix_zero_30_4g-12641.php,2026-08-23T18:47:47
Infinix Zero 30,Infinix,8GB,256GB,Mediatek Dimensity 8020,5000.0,6.78,2023,1,5G,Android 13,https://www.gsmarena.com/infinix_zero_30-12518.php,2026-08-23T18:48:09
Infinix Zero 30,Infinix,12GB,256GB,Mediatek Dimensity 8020,5000.0,6.78,2023,1,5G,Android 13,https://www.gsmarena.com/infinix_zero_30-12518.php,2026-08-23T18:48:09
Infinix GT 10 Pro,Infinix,8GB,256GB,Mediatek Dimensity 8050,5000.0,6.67,2023,1,5G,Android 13,https://www.gsmarena.com/infinix_gt_10_pro-12451.php,2026-08-23T18:48:42
Infinix Hot 30 5G,Infinix,4GB,128GB,Mediatek Dimensity 6020,5000.0,6.78,2023,0,5G,Android 13,https://www.gsmarena.com/infinix_hot_30_5g-12424.php,2026-08-23T18:49:15
Infinix Hot 30 5G,Infinix,8GB,128GB,Mediatek Dimensity 6020,5000.0,6.78,2023,0,5G,Android 13,https://www.gsmarena.com/infinix_hot_30_5g-12424.php,2026-08-23T18:49:15
Infinix Note 30 VIP,Infinix,8GB,256GB,Mediatek Dimensity 8050,5000.0,6.67,2023,1,5G,Android 13,https://www.gsmarena.com/infinix_note_30_vip-12365.php,2026-08-23T18:49:51
Infinix Note 30 VIP,Infinix,12GB,256GB,Mediatek Dimensity 8050,5000.0,6.67,2023,1,5G,Android 13,https://www.gsmarena.com/infinix_note_30_vip-12365.php,2026-08-23T18:49:51
Infinix Hot 30 Play NFC,Infinix,4GB,128GB,Mediatek MT6765 Helio G37,6000.0,6.82,2023,1,4G,Android 13,https://www.gsmarena.com/infinix_hot_30_play_nfc-12289.php,2026-08-23T18:50:21
Infinix Hot 30 Play NFC,Infinix,8GB,128GB,Mediatek MT6765 Helio G37,6000.0,6.82,2023,1,4G,Android 13,https://www.gsmarena.com/infinix_hot_30_play_nfc-12289.php,2026-08-23T18:50:21
Infinix Note 30 Pro,Infinix,8GB,256GB,Mediatek Helio G99,5000.0,6.67,2023,1,4G,Android 13,https://www.gsmarena.com/infinix_note_30_pro-12273.php,2026-08-23T18:50:49
Infinix Note 30,Infinix,8GB,128GB,Mediatek Helio G99,5000.0,6.78,2023,1,4G,Android 13,https://www.gsmarena.com/infinix_note_30-12288.php,2026-08-23T18:51:13
Infinix Note 30,Infinix,8GB,256GB,Mediatek Helio G99,5000.0,6.78,2023,1,4G,Android 13,https://www.gsmarena.com/infinix_note_30-12288.php,2026-08-23T18:51:13
Infinix Note 30 5G,Infinix,4GB,128GB,Mediatek Dimensity 6080,5000.0,6.78,2023,1,5G,Android 13,https://www.gsmarena.com/infinix_note_30_5g-12272.php,2026-08-23T18:51:44
Infinix Note 30 5G,Infinix,8GB,256GB,Mediatek Dimensity 6080,5000.0,6.78,2023,1,5G,Android 13,https://www.gsmarena.com/infinix_note_30_5g-12272.php,2026-08-23T18:51:44
Infinix Note 30i,Infinix,8GB,256GB,Mediatek MT6769 Helio G85,5000.0,6.66,2023,1,4G,Android 13,https://www.gsmarena.com/infinix_note_30i-12274.php,2026-08-23T18:52:17
Infinix Smart 7 HD,Infinix,2GB,64GB,,5000.0,6.6,2023,0,4G,Android 12 (Go edition),https://www.gsmarena.com/infinix_smart_7_hd-12243.php,2026-08-23T18:52:48
Infinix Hot 30i (50 MP),Infinix,8GB,128GB,Mediatek Helio G37,5000.0,6.56,2023,0,4G,Android 12,https://www.gsmarena.com/infinix_hot_30i_(50_mp)-14011.php,2026-08-23T18:53:11
Infinix Hot 30i,Infinix,4GB,64GB,Unisoc T606,5000.0,6.56,2023,1,4G,Android 12,https://www.gsmarena.com/infinix_hot_30i-12216.php,2026-08-23T18:53:36
Infinix Hot 30i,Infinix,4GB,128GB,Unisoc T606,5000.0,6.56,2023,1,4G,Android 12,https://www.gsmarena.com/infinix_hot_30i-12216.php,2026-08-23T18:53:36
Infinix Hot 30i,Infinix,8GB,128GB,Unisoc T606,5000.0,6.56,2023,1,4G,Android 12,https://www.gsmarena.com/infinix_hot_30i-12216.php,2026-08-23T18:53:36
Infinix Hot 30,Infinix,4GB,128GB,Mediatek MT6769H Helio G88,5000.0,6.78,2023,1,4G,Android 13,https://www.gsmarena.com/infinix_hot_30-12214.php,2026-08-23T18:54:09
Infinix Hot 30,Infinix,8GB,128GB,Mediatek MT6769H Helio G88,5000.0,6.78,2023,1,4G,Android 13,https://www.gsmarena.com/infinix_hot_30-12214.php,2026-08-23T18:54:09
Infinix Hot 30,Infinix,8GB,256GB,Mediatek MT6769H Helio G88,5000.0,6.78,2023,1,4G,Android 13,https://www.gsmarena.com/infinix_hot_30-12214.php,2026-08-23T18:54:09
Infinix Smart 7 (India),Infinix,3GB,64GB,Unisoc SC9863A1,6000.0,6.6,2023,0,4G,Android 12,https://www.gsmarena.com/infinix_smart_7_(india)-12131.php,2026-08-23T18:54:32
Infinix Smart 7 (India),Infinix,4GB,64GB,Unisoc SC9863A1,6000.0,6.6,2023,0,4G,Android 12,https://www.gsmarena.com/infinix_smart_7_(india)-12131.php,2026-08-23T18:54:32
Infinix Smart 7 (India),Infinix,4GB,128GB,Unisoc SC9863A1,6000.0,6.6,2023,0,4G,Android 12,https://www.gsmarena.com/infinix_smart_7_(india)-12131.php,2026-08-23T18:54:32
Infinix Smart 7,Infinix,3GB,64GB,Mediatek MT6761 Helio A22,5000.0,6.6,2023,0,4G,Android 12,https://www.gsmarena.com/infinix_smart_7-12116.php,2026-08-23T18:55:07
Infinix Smart 7,Infinix,4GB,64GB,Mediatek MT6761 Helio A22,5000.0,6.6,2023,0,4G,Android 12,https://www.gsmarena.com/infinix_smart_7-12116.php,2026-08-23T18:55:07
Infinix Zero 5G 2023,Infinix,8GB,256GB,Mediatek Dimensity 1080Mediatek Dimensity 920,5000.0,6.78,2022,1,5G,Android 12,https://www.gsmarena.com/infinix_zero_5g_2023-11976.php,2026-08-23T18:55:33
Infinix Hot 20 Play,Infinix,4GB,64GB,Mediatek MT6765 Helio G37,6000.0,6.82,2022,0,4G,Android 12,https://www.gsmarena.com/infinix_hot_20_play-11931.php,2026-08-23T18:56:07
Infinix Hot 20 Play,Infinix,4GB,128GB,Mediatek MT6765 Helio G37,6000.0,6.82,2022,0,4G,Android 12,https://www.gsmarena.com/infinix_hot_20_play-11931.php,2026-08-23T18:56:07
Infinix Hot 20S,Infinix,8GB,128GB,Mediatek MT6781 Helio G96,5000.0,6.78,2022,0,4G,Android 12,https://www.gsmarena.com/infinix_hot_20s-11930.php,2026-08-23T18:56:35
Infinix Hot 20,Infinix,4GB,128GB,Mediatek MT6769Z Helio G85,5000.0,6.82,2022,1,4G,Android 12,https://www.gsmarena.com/infinix_hot_20-11929.php,2026-08-23T18:57:14
Infinix Hot 20,Infinix,6GB,128GB,Mediatek MT6769Z Helio G85,5000.0,6.82,2022,1,4G,Android 12,https://www.gsmarena.com/infinix_hot_20-11929.php,2026-08-23T18:57:14
Infinix Hot 20,Infinix,8GB,128GB,Mediatek MT6769Z Helio G85,5000.0,6.82,2022,1,4G,Android 12,https://www.gsmarena.com/infinix_hot_20-11929.php,2026-08-23T18:57:14
Infinix Note 12 (2023),Infinix,8GB,128GB,Mediatek Helio G99,5000.0,6.7,2022,1,4G,Android 12,https://www.gsmarena.com/infinix_note_12_(2023)-11912.php,2026-08-23T18:57:46
Infinix Note 12 (2023),Infinix,8GB,256GB,Mediatek Helio G99,5000.0,6.7,2022,1,4G,Android 12,https://www.gsmarena.com/infinix_note_12_(2023)-11912.php,2026-08-23T18:57:46
Infinix Zero Ultra,Infinix,8GB,256GB,Mediatek Dimensity 920,4500.0,6.8,2022,1,5G,Android 12,https://www.gsmarena.com/infinix_zero_ultra-11922.php,2026-08-23T18:58:25
Infinix Hot 20 5G,Infinix,4GB,64GB,Mediatek Dimensity 810,5000.0,6.58,2022,1,5G,Android 12,https://www.gsmarena.com/infinix_hot_20_5g-11923.php,2026-08-23T18:59:05
Infinix Hot 20 5G,Infinix,4GB,128GB,Mediatek Dimensity 810,5000.0,6.58,2022,1,5G,Android 12,https://www.gsmarena.com/infinix_hot_20_5g-11923.php,2026-08-23T18:59:05
Infinix Hot 20i,Infinix,2GB,64GB,Mediatek MT6762G Helio G25,5000.0,6.6,2022,0,4G,Android 12 or Android 12 (Go edition),https://www.gsmarena.com/infinix_hot_20i-11924.php,2026-08-23T18:59:37
Infinix Hot 20i,Infinix,3GB,64GB,Mediatek MT6762G Helio G25,5000.0,6.6,2022,0,4G,Android 12 or Android 12 (Go edition),https://www.gsmarena.com/infinix_hot_20i-11924.php,2026-08-23T18:59:37
Infinix Hot 20i,Infinix,4GB,64GB,Mediatek MT6762G Helio G25,5000.0,6.6,2022,0,4G,Android 12 or Android 12 (Go edition),https://www.gsmarena.com/infinix_hot_20i-11924.php,2026-08-23T18:59:37
Infinix Hot 20i,Infinix,4GB,128GB,Mediatek MT6762G Helio G25,5000.0,6.6,2022,0,4G,Android 12 or Android 12 (Go edition),https://www.gsmarena.com/infinix_hot_20i-11924.php,2026-08-23T18:59:37
Infinix Hot 20i,Infinix,6GB,128GB,Mediatek MT6762G Helio G25,5000.0,6.6,2022,0,4G,Android 12 or Android 12 (Go edition),https://www.gsmarena.com/infinix_hot_20i-11924.php,2026-08-23T18:59:37
Infinix Zero 20,Infinix,8GB,128GB,Mediatek Helio G99,4500.0,6.7,2022,1,4G,Android 12,https://www.gsmarena.com/infinix_zero_20-11913.php,2026-08-23T19:00:08
Infinix Zero 20,Infinix,8GB,256GB,Mediatek Helio G99,4500.0,6.7,2022,1,4G,Android 12,https://www.gsmarena.com/infinix_zero_20-11913.php,2026-08-23T19:00:08
Infinix Note 12i 2022,Infinix,4GB,64GB,Mediatek MT6769Z Helio G85,5000.0,6.7,2022,0,4G,Android 12,https://www.gsmarena.com/infinix_note_12i_2022-11919.php,2026-08-23T19:00:33
Infinix Note 12i 2022,Infinix,6GB,128GB,Mediatek MT6769Z Helio G85,5000.0,6.7,2022,0,4G,Android 12,https://www.gsmarena.com/infinix_note_12i_2022-11919.php,2026-08-23T19:00:33
Infinix Hot 12 Pro,Infinix,8GB,128GB,Unisoc Tiger T616,5000.0,6.6,2022,1,4G,Android 12,https://www.gsmarena.com/infinix_hot_12_pro-11822.php,2026-08-23T19:01:01
Infinix Smart 6 Plus (India),Infinix,2GB,64GB,Mediatek MT6762G Helio G25,5000.0,6.82,2022,0,4G,Android 12 (Go edition),https://www.gsmarena.com/infinix_smart_6_plus_(india)-11742.php,2026-08-23T19:01:24
Infinix Smart 6 Plus (India),Infinix,3GB,64GB,Mediatek MT6762G Helio G25,5000.0,6.82,2022,0,4G,Android 12 (Go edition),https://www.gsmarena.com/infinix_smart_6_plus_(india)-11742.php,2026-08-23T19:01:24
Infinix Note 12 Pro,Infinix,8GB,256GB,Mediatek Helio G99,5000.0,6.7,2022,1,4G,Android 12,https://www.gsmarena.com/infinix_note_12_pro-11695.php,2026-08-23T19:01:47
Infinix Note 12 Pro 5G,Infinix,8GB,128GB,Mediatek Dimensity 810,5000.0,6.7,2022,0,5G,Android 12,https://www.gsmarena.com/infinix_note_12_pro_5g-11663.php,2026-08-23T19:02:22
Infinix Note 12 Pro 5G,Infinix,8GB,256GB,Mediatek Dimensity 810,5000.0,6.7,2022,0,5G,Android 12,https://www.gsmarena.com/infinix_note_12_pro_5g-11663.php,2026-08-23T19:02:22
Infinix Note 12 5G,Infinix,6GB,64GB,Mediatek Dimensity 810,5000.0,6.7,2022,0,5G,Android 12,https://www.gsmarena.com/infinix_note_12_5g-11662.php,2026-08-23T19:03:00
Infinix Hot 11s NFC,Infinix,4GB,64GB,Mediatek MT6769H Helio G88,5000.0,6.78,2022,1,4G,Android 11,https://www.gsmarena.com/infinix_hot_11s_nfc-11605.php,2026-08-23T19:03:41
Infinix Hot 11s NFC,Infinix,4GB,128GB,Mediatek MT6769H Helio G88,5000.0,6.78,2022,1,4G,Android 11,https://www.gsmarena.com/infinix_hot_11s_nfc-11605.php,2026-08-23T19:03:41
Infinix Hot 11s NFC,Infinix,6GB,128GB,Mediatek MT6769H Helio G88,5000.0,6.78,2022,1,4G,Android 11,https://www.gsmarena.com/infinix_hot_11s_nfc-11605.php,2026-08-23T19:03:41
Infinix Hot 12 Play,Infinix,4GB,64GB,Mediatek MT6765V/CB Helio G37,6000.0,6.82,2022,0,4G,Android 11,https://www.gsmarena.com/infinix_hot_12_play-11547.php,2026-08-23T19:04:08
Infinix Hot 12 Play,Infinix,4GB,128GB,Mediatek MT6765V/CB Helio G37,6000.0,6.82,2022,0,4G,Android 11,https://www.gsmarena.com/infinix_hot_12_play-11547.php,2026-08-23T19:04:08
Infinix Hot 12 Play,Infinix,6GB,128GB,Mediatek MT6765V/CB Helio G37,6000.0,6.82,2022,0,4G,Android 11,https://www.gsmarena.com/infinix_hot_12_play-11547.php,2026-08-23T19:04:08
Infinix Hot 12 Play NFC,Infinix,4GB,64GB,Unisoc T610,6000.0,6.82,2022,1,4G,Android 11,https://www.gsmarena.com/infinix_hot_12_play_nfc-11876.php,2026-08-23T19:04:38
Infinix Hot 12 Play NFC,Infinix,4GB,128GB,Unisoc T610,6000.0,6.82,2022,1,4G,Android 11,https://www.gsmarena.com/infinix_hot_12_play_nfc-11876.php,2026-08-23T19:04:38
Infinix Hot 12 Play NFC,Infinix,6GB,128GB,Unisoc T610,6000.0,6.82,2022,1,4G,Android 11,https://www.gsmarena.com/infinix_hot_12_play_nfc-11876.php,2026-08-23T19:04:38
Infinix Note 12 VIP,Infinix,4GB,128GB,Mediatek MT6781 Helio G96,4500.0,6.7,2022,1,4G,Android 12,https://www.gsmarena.com/infinix_note_12_vip-11527.php,2026-08-23T19:05:05
Infinix Note 12 VIP,Infinix,8GB,256GB,Mediatek MT6781 Helio G96,4500.0,6.7,2022,1,4G,Android 12,https://www.gsmarena.com/infinix_note_12_vip-11527.php,2026-08-23T19:05:05
Infinix Note 12 G96,Infinix,8GB,128GB,Mediatek MT6781 Helio G96,5000.0,6.7,2022,0,4G,Android 12,https://www.gsmarena.com/infinix_note_12_g96-11526.php,2026-08-23T19:05:35
Infinix Note 12 G96,Infinix,8GB,256GB,Mediatek MT6781 Helio G96,5000.0,6.7,2022,0,4G,Android 12,https://www.gsmarena.com/infinix_note_12_g96-11526.php,2026-08-23T19:05:35
Infinix Note 12i,Infinix,4GB,128GB,Mediatek MT6769Z Helio G85,5000.0,6.82,2022,0,4G,Android 12,https://www.gsmarena.com/infinix_note_12i-11523.php,2026-08-23T19:06:00
Infinix Note 12,Infinix,4GB,64GB,Mediatek MT6769H Helio G88,5000.0,6.7,2022,1,4G,Android 11,https://www.gsmarena.com/infinix_note_12-11497.php,2026-08-23T19:06:32
Infinix Note 12,Infinix,4GB,128GB,Mediatek MT6769H Helio G88,5000.0,6.7,2022,1,4G,Android 11,https://www.gsmarena.com/infinix_note_12-11497.php,2026-08-23T19:06:32
Infinix Note 12,Infinix,6GB,128GB,Mediatek MT6769H Helio G88,5000.0,6.7,2022,1,4G,Android 11,https://www.gsmarena.com/infinix_note_12-11497.php,2026-08-23T19:06:32
Infinix Hot 12,Infinix,4GB,128GB,Mediatek MT6769Z Helio G85,5000.0,6.82,2022,0,4G,Android 12,https://www.gsmarena.com/infinix_hot_12-11498.php,2026-08-23T19:07:10
Infinix Hot 12,Infinix,6GB,128GB,Mediatek MT6769Z Helio G85,5000.0,6.82,2022,0,4G,Android 12,https://www.gsmarena.com/infinix_hot_12-11498.php,2026-08-23T19:07:10
Infinix Smart 6 HD,Infinix,2GB,32GB,Unisoc SC9863A,5000.0,6.6,2022,0,4G,Android 11 (Go edition),https://www.gsmarena.com/infinix_smart_6_hd-11499.php,2026-08-23T19:07:49
Infinix Smart 6 HD,Infinix,3GB,64GB,Unisoc SC9863A,5000.0,6.6,2022,0,4G,Android 11 (Go edition),https://www.gsmarena.com/infinix_smart_6_hd-11499.php,2026-08-23T19:07:49
Infinix Hot 11 2022,Infinix,4GB,64GB,Unisoc T610,5000.0,6.7,2022,0,4G,Android 11,https://www.gsmarena.com/infinix_hot_11_2022-11478.php,2026-08-23T19:08:28
Infinix Hot 12i,Infinix,2GB,64GB,Mediatek MT6761 Helio A22,5000.0,6.6,2022,0,4G,Android 11,https://www.gsmarena.com/infinix_hot_12i-11473.php,2026-08-23T19:09:08
Infinix Hot 12i,Infinix,3GB,64GB,Mediatek MT6761 Helio A22,5000.0,6.6,2022,0,4G,Android 11,https://www.gsmarena.com/infinix_hot_12i-11473.php,2026-08-23T19:09:08
Infinix Hot 12i,Infinix,4GB,64GB,Mediatek MT6761 Helio A22,5000.0,6.6,2022,0,4G,Android 11,https://www.gsmarena.com/infinix_hot_12i-11473.php,2026-08-23T19:09:08
Infinix Zero 5G,Infinix,8GB,128GB,Mediatek Dimensity 900,5000.0,6.78,2022,0,5G,Android 11,https://www.gsmarena.com/infinix_zero_5g-11355.php,2026-08-23T19:09:44
Infinix Smart 5 Pro,Infinix,2GB,32GB,Unisoc SC9863A,6000.0,6.52,2021,0,4G,Android 11 (Go edition),https://www.gsmarena.com/infinix_smart_5_pro-11221.php,2026-08-23T19:10:20
Infinix Hot 11 Play,Infinix,4GB,64GB,Mediatek MT6765G Helio G35,6000.0,6.82,2021,0,4G,Android 11,https://www.gsmarena.com/infinix_hot_11_play-11216.php,2026-08-23T19:10:47
Infinix Hot 11 Play,Infinix,4GB,128GB,Mediatek MT6765G Helio G35,6000.0,6.82,2021,0,4G,Android 11,https://www.gsmarena.com/infinix_hot_11_play-11216.php,2026-08-23T19:10:47
Infinix Note 11i,Infinix,4GB,64GB,Mediatek MT6769Z Helio G85,5000.0,6.95,2021,0,4G,Android 11,https://www.gsmarena.com/infinix_note_11i-11214.php,2026-08-23T19:11:08
Infinix Note 11s,Infinix,4GB,64GB,Mediatek MT6781 Helio G96,5000.0,6.95,2021,0,4G,Android 11,https://www.gsmarena.com/infinix_note_11s-11202.php,2026-08-23T19:11:48
Infinix Note 11s,Infinix,6GB,64GB,Mediatek MT6781 Helio G96,5000.0,6.95,2021,0,4G,Android 11,https://www.gsmarena.com/infinix_note_11s-11202.php,2026-08-23T19:11:48
Infinix Note 11s,Infinix,4GB,128GB,Mediatek MT6781 Helio G96,5000.0,6.95,2021,0,4G,Android 11,https://www.gsmarena.com/infinix_note_11s-11202.php,2026-08-23T19:11:48
Infinix Note 11s,Infinix,6GB,128GB,Mediatek MT6781 Helio G96,5000.0,6.95,2021,0,4G,Android 11,https://www.gsmarena.com/infinix_note_11s-11202.php,2026-08-23T19:11:48
Infinix Note 11s,Infinix,8GB,128GB,Mediatek MT6781 Helio G96,5000.0,6.95,2021,0,4G,Android 11,https://www.gsmarena.com/infinix_note_11s-11202.php,2026-08-23T19:11:48
Infinix Note 11,Infinix,4GB,64GB,Mediatek MT6769H Helio G88,5000.0,6.7,2021,1,4G,Android 11,https://www.gsmarena.com/infinix_note_11-11201.php,2026-08-23T19:12:11
Infinix Note 11,Infinix,4GB,128GB,Mediatek MT6769H Helio G88,5000.0,6.7,2021,1,4G,Android 11,https://www.gsmarena.com/infinix_note_11-11201.php,2026-08-23T19:12:11
Infinix Note 11,Infinix,6GB,128GB,Mediatek MT6769H Helio G88,5000.0,6.7,2021,1,4G,Android 11,https://www.gsmarena.com/infinix_note_11-11201.php,2026-08-23T19:12:11
Infinix Smart 6,Infinix,2GB,32GB,Unisoc SC9863A,5000.0,6.6,2021,1,4G,Android 11 (Go edition),https://www.gsmarena.com/infinix_smart_6-11189.php,2026-08-23T19:12:48
Infinix Smart 6,Infinix,2GB,64GB,Unisoc SC9863A,5000.0,6.6,2021,1,4G,Android 11 (Go edition),https://www.gsmarena.com/infinix_smart_6-11189.php,2026-08-23T19:12:48
Infinix Smart 6,Infinix,3GB,64GB,Unisoc SC9863A,5000.0,6.6,2021,1,4G,Android 11 (Go edition),https://www.gsmarena.com/infinix_smart_6-11189.php,2026-08-23T19:12:48
Infinix Note 11 Pro,Infinix,4GB,128GB,Mediatek MT6781 Helio G96,5000.0,6.95,2021,0,4G,Android 11,https://www.gsmarena.com/infinix_note_11_pro-11157.php,2026-08-23T19:13:21
Infinix Note 11 Pro,Infinix,8GB,128GB,Mediatek MT6781 Helio G96,5000.0,6.95,2021,0,4G,Android 11,https://www.gsmarena.com/infinix_note_11_pro-11157.php,2026-08-23T19:13:21
Infinix Hot 11s,Infinix,4GB,64GB,Mediatek MT6769H Helio G88,5000.0,6.78,2021,0,4G,Android 11,https://www.gsmarena.com/infinix_hot_11s-11162.php,2026-08-23T19:13:48
Infinix Hot 11s,Infinix,4GB,128GB,Mediatek MT6769H Helio G88,5000.0,6.78,2021,0,4G,Android 11,https://www.gsmarena.com/infinix_hot_11s-11162.php,2026-08-23T19:13:48
Infinix Hot 11s,Infinix,6GB,128GB,Mediatek MT6769H Helio G88,5000.0,6.78,2021,0,4G,Android 11,https://www.gsmarena.com/infinix_hot_11s-11162.php,2026-08-23T19:13:48
Infinix Hot 11,Infinix,4GB,64GB,Mediatek MT6769V/CB Helio G70,5200.0,6.6,2021,0,4G,Android 11,https://www.gsmarena.com/infinix_hot_11-11161.php,2026-08-26T12:33:35
Infinix Hot 11,Infinix,4GB,128GB,Mediatek MT6769V/CB Helio G70,5200.0,6.6,2021,0,4G,Android 11,https://www.gsmarena.com/infinix_hot_11-11161.php,2026-08-26T12:33:35
Infinix Zero X Pro,Infinix,8GB,128GB,Mediatek MT6785V/CD Helio G95,4500.0,6.67,2021,0,4G,Android 11,https://www.gsmarena.com/infinix_zero_x_pro-10989.php,2026-08-26T12:34:06
Infinix Zero X Pro,Infinix,8GB,256GB,Mediatek MT6785V/CD Helio G95,4500.0,6.67,2021,0,4G,Android 11,https://www.gsmarena.com/infinix_zero_x_pro-10989.php,2026-08-26T12:34:06
Infinix Zero X,Infinix,8GB,128GB,Mediatek MT6785V/CD Helio G95,4500.0,6.67,2021,0,4G,Android 11,https://www.gsmarena.com/infinix_zero_x-11097.php,2026-08-26T12:34:31
Infinix Zero X Neo,Infinix,8GB,128GB,Mediatek MT6785V/CD Helio G95,5000.0,6.78,2021,0,4G,Android 11,https://www.gsmarena.com/infinix_zero_x_neo-11098.php,2026-08-26T12:35:06
Infinix Hot 10i,Infinix,3GB,32GB,Mediatek MT6769V Helio G70,6000.0,6.52,2021,0,4G,Android 11,https://www.gsmarena.com/infinix_hot_10i-11031.php,2026-08-26T12:35:46
Infinix Hot 10i,Infinix,2GB,64GB,Mediatek MT6769V Helio G70,6000.0,6.52,2021,0,4G,Android 11,https://www.gsmarena.com/infinix_hot_10i-11031.php,2026-08-26T12:35:46
Infinix Hot 10i,Infinix,4GB,64GB,Mediatek MT6769V Helio G70,6000.0,6.52,2021,0,4G,Android 11,https://www.gsmarena.com/infinix_hot_10i-11031.php,2026-08-26T12:35:46
Infinix Hot 10i,Infinix,6GB,128GB,Mediatek MT6769V Helio G70,6000.0,6.52,2021,0,4G,Android 11,https://www.gsmarena.com/infinix_hot_10i-11031.php,2026-08-26T12:35:46
Infinix Note 10 Pro NFC,Infinix,6GB,128GB,Mediatek MT6785V/CD Helio G95,5000.0,6.95,2021,1,4G,Android 11,https://www.gsmarena.com/infinix_note_10_pro_nfc-10908.php,2026-08-26T12:36:17
Infinix Note 10 Pro NFC,Infinix,8GB,256GB,Mediatek MT6785V/CD Helio G95,5000.0,6.95,2021,1,4G,Android 11,https://www.gsmarena.com/infinix_note_10_pro_nfc-10908.php,2026-08-26T12:36:17
Infinix Note 10 Pro,Infinix,6GB,64GB,Mediatek MT6785V/CD Helio G95,5000.0,6.95,2021,0,4G,Android 11,https://www.gsmarena.com/infinix_note_10_pro-10907.php,2026-08-26T12:36:45
Infinix Note 10 Pro,Infinix,8GB,128GB,Mediatek MT6785V/CD Helio G95,5000.0,6.95,2021,0,4G,Android 11,https://www.gsmarena.com/infinix_note_10_pro-10907.php,2026-08-26T12:36:45
Infinix Note 10 Pro,Infinix,8GB,256GB,Mediatek MT6785V/CD Helio G95,5000.0,6.95,2021,0,4G,Android 11,https://www.gsmarena.com/infinix_note_10_pro-10907.php,2026-08-26T12:36:45
Infinix Note 10,Infinix,4GB,64GB,Mediatek MT6769Z Helio G85,5000.0,6.95,2021,0,4G,Android 11,https://www.gsmarena.com/infinix_note_10-10909.php,2026-08-26T12:37:18
Infinix Note 10,Infinix,4GB,128GB,Mediatek MT6769Z Helio G85,5000.0,6.95,2021,0,4G,Android 11,https://www.gsmarena.com/infinix_note_10-10909.php,2026-08-26T12:37:18
Infinix Note 10,Infinix,6GB,128GB,Mediatek MT6769Z Helio G85,5000.0,6.95,2021,0,4G,Android 11,https://www.gsmarena.com/infinix_note_10-10909.php,2026-08-26T12:37:18
Infinix Hot 10T,Infinix,4GB,64GB,Mediatek MT6769V/CB Helio G70,5000.0,6.82,2021,0,4G,Android 11,https://www.gsmarena.com/infinix_hot_10t-10891.php,2026-08-26T12:37:45
Infinix Hot 10T,Infinix,4GB,128GB,Mediatek MT6769V/CB Helio G70,5000.0,6.82,2021,0,4G,Android 11,https://www.gsmarena.com/infinix_hot_10t-10891.php,2026-08-26T12:37:45
Infinix Hot 10s NFC,Infinix,4GB,64GB,Mediatek MT6769Z Helio G85,5000.0,6.82,2021,0,4G,Android 11,https://www.gsmarena.com/infinix_hot_10s_nfc-10869.php,2026-08-26T12:38:11
Infinix Hot 10s NFC,Infinix,4GB,128GB,Mediatek MT6769Z Helio G85,5000.0,6.82,2021,0,4G,Android 11,https://www.gsmarena.com/infinix_hot_10s_nfc-10869.php,2026-08-26T12:38:11
Infinix Hot 10s,Infinix,4GB,64GB,Mediatek MT6769Z Helio G85,6000.0,6.82,2021,0,4G,Android 11,https://www.gsmarena.com/infinix_hot_10s-10868.php,2026-08-26T12:38:47
Infinix Hot 10s,Infinix,6GB,64GB,Mediatek MT6769Z Helio G85,6000.0,6.82,2021,0,4G,Android 11,https://www.gsmarena.com/infinix_hot_10s-10868.php,2026-08-26T12:38:47
Infinix Hot 10s,Infinix,4GB,128GB,Mediatek MT6769Z Helio G85,6000.0,6.82,2021,0,4G,Android 11,https://www.gsmarena.com/infinix_hot_10s-10868.php,2026-08-26T12:38:47
Infinix Hot 10s,Infinix,6GB,128GB,Mediatek MT6769Z Helio G85,6000.0,6.82,2021,0,4G,Android 11,https://www.gsmarena.com/infinix_hot_10s-10868.php,2026-08-26T12:38:47
Infinix Smart 5 (India),Infinix,2GB,32GB,Mediatek MT6762G Helio G25,6000.0,6.82,2021,0,4G,Android 10 (Go edition),https://www.gsmarena.com/infinix_smart_5_(india)-10735.php,2026-08-26T12:39:24
Infinix Hot 10 Play,Infinix,2GB,32GB,Mediatek MT6762G Helio G25,6000.0,6.82,2021,0,4G,Android 10 (Go edition),https://www.gsmarena.com/infinix_hot_10_play-10699.php,2026-08-26T12:39:54
Infinix Hot 10 Play,Infinix,4GB,64GB,Mediatek MT6762G Helio G25,6000.0,6.82,2021,0,4G,Android 10 (Go edition),https://www.gsmarena.com/infinix_hot_10_play-10699.php,2026-08-26T12:39:54
Infinix Smart HD 2021,Infinix,2GB,32GB,Mediatek MT6761D Helio A20,5000.0,6.1,2020,0,4G,Android 10 (Go edition),https://www.gsmarena.com/infinix_smart_hd_2021-10646.php,2026-08-26T12:40:16
Infinix Zero 8i,Infinix,8GB,128GB,Mediatek MT6785 Helio G90T,4500.0,6.85,2020,0,4G,Android 10,https://www.gsmarena.com/infinix_zero_8i-10622.php,2026-08-26T12:40:54
Infinix Note 8,Infinix,6GB,128GB,Mediatek MT6769V/CU Helio G80,5200.0,6.95,2020,0,4G,Android 10,https://www.gsmarena.com/infinix_note_8-10514.php,2026-08-26T12:41:31
Infinix Note 8i,Infinix,4GB,64GB,Mediatek MT6769V/CU Helio G80,5200.0,6.78,2020,0,4G,Android 10,https://www.gsmarena.com/infinix_note_8i-10515.php,2026-08-26T12:42:12
Infinix Note 8i,Infinix,4GB,128GB,Mediatek MT6769V/CU Helio G80,5200.0,6.78,2020,0,4G,Android 10,https://www.gsmarena.com/infinix_note_8i-10515.php,2026-08-26T12:42:12
Infinix Note 8i,Infinix,6GB,128GB,Mediatek MT6769V/CU Helio G80,5200.0,6.78,2020,0,4G,Android 10,https://www.gsmarena.com/infinix_note_8i-10515.php,2026-08-26T12:42:12
Infinix Hot 10 Lite,Infinix,2GB,32GB,Mediatek MT6761D Helio A20,5000.0,6.6,2020,0,4G,Android 10 (Go edition),https://www.gsmarena.com/infinix_hot_10_lite-10516.php,2026-08-26T12:42:39
Infinix Hot 10 Lite,Infinix,3GB,64GB,Mediatek MT6761D Helio A20,5000.0,6.6,2020,0,4G,Android 10 (Go edition),https://www.gsmarena.com/infinix_hot_10_lite-10516.php,2026-08-26T12:42:39
Infinix Hot 10,Infinix,3GB,64GB,Mediatek MT6769V/CB Helio G70,5200.0,6.78,2020,0,4G,Android 10,https://www.gsmarena.com/infinix_hot_10-10452.php,2026-08-26T12:43:19
Infinix Hot 10,Infinix,4GB,64GB,Mediatek MT6769V/CB Helio G70,5200.0,6.78,2020,0,4G,Android 10,https://www.gsmarena.com/infinix_hot_10-10452.php,2026-08-26T12:43:19
Infinix Hot 10,Infinix,4GB,128GB,Mediatek MT6769V/CB Helio G70,5200.0,6.78,2020,0,4G,Android 10,https://www.gsmarena.com/infinix_hot_10-10452.php,2026-08-26T12:43:19
Infinix Hot 10,Infinix,6GB,128GB,Mediatek MT6769V/CB Helio G70,5200.0,6.78,2020,0,4G,Android 10,https://www.gsmarena.com/infinix_hot_10-10452.php,2026-08-26T12:43:19
Infinix Zero 8,Infinix,8GB,128GB,Mediatek MT6785 Helio G90T,4500.0,6.85,2020,0,4G,Android 10,https://www.gsmarena.com/infinix_zero_8-10401.php,2026-08-26T12:43:48
Infinix Smart 5,Infinix,2GB,32GB,Mediatek MT6761D Helio A20,5000.0,6.6,2020,0,4G,Android 10 (Go edition),https://www.gsmarena.com/infinix_smart_5-10367.php,2026-08-26T12:44:22
Infinix Smart 5,Infinix,3GB,64GB,Mediatek MT6761D Helio A20,5000.0,6.6,2020,0,4G,Android 10 (Go edition),https://www.gsmarena.com/infinix_smart_5-10367.php,2026-08-26T12:44:22
Infinix Hot 9 Play,Infinix,2GB,32GB,Mediatek MT6761 Helio A22,6000.0,6.82,2020,0,4G,Android 9.0 Pie (Go edition) - 32/2GBAndroid 9.0 (Pie) - 32/3GB,https://www.gsmarena.com/infinix_hot_9_play-10285.php,2026-08-26T12:45:02
Infinix Hot 9 Play,Infinix,3GB,32GB,Mediatek MT6761 Helio A22,6000.0,6.82,2020,0,4G,Android 9.0 Pie (Go edition) - 32/2GBAndroid 9.0 (Pie) - 32/3GB,https://www.gsmarena.com/infinix_hot_9_play-10285.php,2026-08-26T12:45:02
Infinix Hot 9 Play,Infinix,3GB,64GB,Mediatek MT6761 Helio A22,6000.0,6.82,2020,0,4G,Android 9.0 Pie (Go edition) - 32/2GBAndroid 9.0 (Pie) - 32/3GB,https://www.gsmarena.com/infinix_hot_9_play-10285.php,2026-08-26T12:45:02
Infinix Hot 9 Play,Infinix,4GB,64GB,Mediatek MT6761 Helio A22,6000.0,6.82,2020,0,4G,Android 9.0 Pie (Go edition) - 32/2GBAndroid 9.0 (Pie) - 32/3GB,https://www.gsmarena.com/infinix_hot_9_play-10285.php,2026-08-26T12:45:02
Infinix Note 7,Infinix,4GB,64GB,Mediatek MT6769V/CB Helio G70,5000.0,6.95,2020,0,4G,Android 10,https://www.gsmarena.com/infinix_note_7-10175.php,2026-08-26T12:45:40
Infinix Note 7,Infinix,4GB,128GB,Mediatek MT6769V/CB Helio G70,5000.0,6.95,2020,0,4G,Android 10,https://www.gsmarena.com/infinix_note_7-10175.php,2026-08-26T12:45:40
Infinix Note 7,Infinix,6GB,128GB,Mediatek MT6769V/CB Helio G70,5000.0,6.95,2020,0,4G,Android 10,https://www.gsmarena.com/infinix_note_7-10175.php,2026-08-26T12:45:40
Infinix Note 7 Lite,Infinix,4GB,64GB,Mediatek MT6769V/CB Helio G70,5000.0,6.6,2020,0,4G,Android 10,https://www.gsmarena.com/infinix_note_7_lite-10177.php,2026-08-26T12:46:13
Infinix Note 7 Lite,Infinix,4GB,128GB,Mediatek MT6769V/CB Helio G70,5000.0,6.6,2020,0,4G,Android 10,https://www.gsmarena.com/infinix_note_7_lite-10177.php,2026-08-26T12:46:13
Infinix Hot 9 Pro,Infinix,4GB,64GB,Mediatek MT6762 Helio P22,5000.0,6.6,2020,0,4G,Android 10,https://www.gsmarena.com/infinix_hot_9_pro-10272.php,2026-08-26T12:46:39
Infinix Hot 9,Infinix,2GB,32GB,Mediatek MT6762D Helio A25,5000.0,6.6,2020,0,4G,Android 10,https://www.gsmarena.com/infinix_hot_9-10156.php,2026-08-26T12:47:13
Infinix Hot 9,Infinix,3GB,32GB,Mediatek MT6762D Helio A25,5000.0,6.6,2020,0,4G,Android 10,https://www.gsmarena.com/infinix_hot_9-10156.php,2026-08-26T12:47:13
Infinix Hot 9,Infinix,3GB,64GB,Mediatek MT6762D Helio A25,5000.0,6.6,2020,0,4G,Android 10,https://www.gsmarena.com/infinix_hot_9-10156.php,2026-08-26T12:47:13
Infinix Hot 9,Infinix,4GB,64GB,Mediatek MT6762D Helio A25,5000.0,6.6,2020,0,4G,Android 10,https://www.gsmarena.com/infinix_hot_9-10156.php,2026-08-26T12:47:13
Infinix Hot 9,Infinix,4GB,128GB,Mediatek MT6762D Helio A25,5000.0,6.6,2020,0,4G,Android 10,https://www.gsmarena.com/infinix_hot_9-10156.php,2026-08-26T12:47:13
Infinix S5 Pro (16+32),Infinix,4GB,64GB,Mediatek MT6765 Helio P35,4000.0,6.53,2020,0,4G,Android 10,https://www.gsmarena.com/infinix_s5_pro_(16+32)-10128.php,2026-08-26T12:47:35
Infinix S5 Pro (16+32),Infinix,6GB,128GB,Mediatek MT6765 Helio P35,4000.0,6.53,2020,0,4G,Android 10,https://www.gsmarena.com/infinix_s5_pro_(16+32)-10128.php,2026-08-26T12:47:35
Infinix S5 Pro (48+40),Infinix,4GB,64GB,Mediatek MT6765 Helio P35,4000.0,6.53,2020,0,4G,Android 10,https://www.gsmarena.com/infinix_s5_pro_(48+40)-10127.php,2026-08-26T12:48:15
Infinix S5 Pro (48+40),Infinix,6GB,128GB,Mediatek MT6765 Helio P35,4000.0,6.53,2020,0,4G,Android 10,https://www.gsmarena.com/infinix_s5_pro_(48+40)-10127.php,2026-08-26T12:48:15
Infinix S5 Pro,Infinix,4GB,64GB,Mediatek MT6765 Helio P35,4000.0,6.53,2020,0,4G,Android 10,https://www.gsmarena.com/infinix_s5_pro-10116.php,2026-08-26T12:48:56
Infinix S5 Pro,Infinix,6GB,128GB,Mediatek MT6765 Helio P35,4000.0,6.53,2020,0,4G,Android 10,https://www.gsmarena.com/infinix_s5_pro-10116.php,2026-08-26T12:48:56
Infinix S5 lite,Infinix,3GB,32GB,Mediatek MT6762 Helio P22,4000.0,6.6,2019,0,4G,Android 9.0 (Pie),https://www.gsmarena.com/infinix_s5_lite-10008.php,2026-08-26T12:49:34
Infinix S5 lite,Infinix,4GB,64GB,Mediatek MT6762 Helio P22,4000.0,6.6,2019,0,4G,Android 9.0 (Pie),https://www.gsmarena.com/infinix_s5_lite-10008.php,2026-08-26T12:49:34
Infinix Smart 4,Infinix,1GB,16GB,Mediatek MT6761 Helio A22,4000.0,6.6,2019,0,4G,Android 9.0 Pie (Go edition),https://www.gsmarena.com/infinix_smart_4-9980.php,2026-08-26T12:50:13
Infinix Smart 4,Infinix,2GB,32GB,Mediatek MT6761 Helio A22,4000.0,6.6,2019,0,4G,Android 9.0 Pie (Go edition),https://www.gsmarena.com/infinix_smart_4-9980.php,2026-08-26T12:50:13
Infinix Smart 4c,Infinix,2GB,32GB,Mediatek MT6761 Helio A22,4000.0,6.6,2019,0,4G,Android 9.0 (Pie),https://www.gsmarena.com/infinix_smart_4c-9975.php,2026-08-26T12:50:43
Infinix Hot 8 Lite,Infinix,2GB,32GB,Mediatek MT6580,5000.0,6.6,2019,0,2G,Android 8.1 Oreo (Go edition),https://www.gsmarena.com/infinix_hot_8_lite-9927.php,2026-08-26T12:51:10
Infinix S5,Infinix,4GB,64GB,Mediatek MT6762 Helio P22,4000.0,6.6,2019,0,4G,Android 9.0 (Pie),https://www.gsmarena.com/infinix_s5-9915.php,2026-08-26T12:51:45
Infinix S5,Infinix,6GB,128GB,Mediatek MT6762 Helio P22,4000.0,6.6,2019,0,4G,Android 9.0 (Pie),https://www.gsmarena.com/infinix_s5-9915.php,2026-08-26T12:51:45
Infinix Hot 8,Infinix,2GB,32GB,Mediatek MT6761 Helio A22,5000.0,6.52,2019,0,4G,Android 10,https://www.gsmarena.com/infinix_hot_8-9856.php,2026-08-26T12:52:15
Infinix Hot 8,Infinix,4GB,64GB,Mediatek MT6761 Helio A22,5000.0,6.52,2019,0,4G,Android 10,https://www.gsmarena.com/infinix_hot_8-9856.php,2026-08-26T12:52:15
Infinix Note 6,Infinix,4GB,64GB,Mediatek MT6765 Helio P35,4000.0,6.01,2019,0,4G,Android 9.0 (Pie),https://www.gsmarena.com/infinix_note_6-9761.php,2026-08-26T12:52:43
Infinix Smart3 Plus,Infinix,2GB,32GB,Mediatek MT6761 Helio A22,3500.0,6.21,2019,0,4G,Android 9.0 (Pie),https://www.gsmarena.com/infinix_smart3_plus-9680.php,2026-08-26T12:53:05
Infinix Smart3 Plus,Infinix,3GB,32GB,Mediatek MT6761 Helio A22,3500.0,6.21,2019,0,4G,Android 9.0 (Pie),https://www.gsmarena.com/infinix_smart3_plus-9680.php,2026-08-26T12:53:05
Infinix S4,Infinix,3GB,32GB,Mediatek MT6762 Helio P22,4000.0,6.2,2019,0,4G,Android 9.0 (Pie),https://www.gsmarena.com/infinix_s4-9678.php,2026-08-26T12:53:36
Infinix S4,Infinix,6GB,64GB,Mediatek MT6762 Helio P22,4000.0,6.2,2019,0,4G,Android 9.0 (Pie),https://www.gsmarena.com/infinix_s4-9678.php,2026-08-26T12:53:36
Infinix Hot 7 Pro,Infinix,2GB,32GB,Mediatek MT6757T Helio P25,4000.0,6.2,2019,0,4G,Android 9.0 (Pie),https://www.gsmarena.com/infinix_hot_7_pro-9679.php,2026-08-26T12:54:01
Infinix Hot 7 Pro,Infinix,3GB,32GB,Mediatek MT6757T Helio P25,4000.0,6.2,2019,0,4G,Android 9.0 (Pie),https://www.gsmarena.com/infinix_hot_7_pro-9679.php,2026-08-26T12:54:01
Infinix Hot 7 Pro,Infinix,6GB,64GB,Mediatek MT6757T Helio P25,4000.0,6.2,2019,0,4G,Android 9.0 (Pie),https://www.gsmarena.com/infinix_hot_7_pro-9679.php,2026-08-26T12:54:01
Infinix Hot 7,Infinix,1GB,16GB,Mediatek MT6580,4000.0,6.2,2019,0,2G,Android OS,https://www.gsmarena.com/infinix_hot_7-9658.php,2026-08-26T12:54:33
Infinix Hot 7,Infinix,2GB,32GB,Mediatek MT6580,4000.0,6.2,2019,0,2G,Android OS,https://www.gsmarena.com/infinix_hot_7-9658.php,2026-08-26T12:54:33
Infinix Hot 7,Infinix,4GB,64GB,Mediatek MT6580,4000.0,6.2,2019,0,2G,Android OS,https://www.gsmarena.com/infinix_hot_7-9658.php,2026-08-26T12:54:33
Infinix Zero 6 Pro,Infinix,6GB,128GB,Qualcomm SDM636 Snapdragon 636,3650.0,6.18,2019,0,4G,Android 8.0 (Oreo),https://www.gsmarena.com/infinix_zero_6_pro-9657.php,2026-08-26T12:55:13
Infinix Zero 6,Infinix,6GB,64GB,Qualcomm SDM636 Snapdragon 636,3650.0,6.18,2019,0,4G,Android 8.0 (Oreo),https://www.gsmarena.com/infinix_zero_6-9656.php,2026-08-26T12:55:47
Infinix Smart 2 HD,Infinix,1GB,16GB,Mediatek MT6580,3500.0,6.0,2018,0,2G,Android 8.1 (Oreo),https://www.gsmarena.com/infinix_smart_2_hd-9477.php,2026-08-26T12:56:22
Infinix Hot 6X,Infinix,2GB,16GB,Qualcomm MSM8917 Snapdragon 425,4000.0,6.2,2018,0,4G,Android 8.1 (Oreo),https://www.gsmarena.com/infinix_hot_6x-9423.php,2026-08-26T12:56:46
Infinix Hot 6X,Infinix,3GB,32GB,Qualcomm MSM8917 Snapdragon 425,4000.0,6.2,2018,0,4G,Android 8.1 (Oreo),https://www.gsmarena.com/infinix_hot_6x-9423.php,2026-08-26T12:56:46
Infinix Note 5 Stylus,Infinix,4GB,32GB,Mediatek MT6763T Helio P23,4000.0,6.0,2018,0,4G,Android 8.1 (Oreo),https://www.gsmarena.com/infinix_note_5_stylus-9416.php,2026-08-26T12:57:19
Infinix Note 5 Stylus,Infinix,4GB,64GB,Mediatek MT6763T Helio P23,4000.0,6.0,2018,0,4G,Android 8.1 (Oreo),https://www.gsmarena.com/infinix_note_5_stylus-9416.php,2026-08-26T12:57:19
Infinix S3X,Infinix,3GB,32GB,Qualcomm MSM8937 Snapdragon 430,4000.0,6.2,2018,0,4G,Android 8.1 (Oreo),https://www.gsmarena.com/infinix_s3x-9420.php,2026-08-26T12:58:00
Infinix S3X,Infinix,4GB,64GB,Qualcomm MSM8937 Snapdragon 430,4000.0,6.2,2018,0,4G,Android 8.1 (Oreo),https://www.gsmarena.com/infinix_s3x-9420.php,2026-08-26T12:58:00
Infinix Hot 6,Infinix,1GB,16GB,,4000.0,6.0,2018,0,2G,Android 8.1 (Oreo) - 2 GB modelAndroid 8.1 Oreo (Go edition) - 1 GB model,https://www.gsmarena.com/infinix_hot_6-9426.php,2026-08-26T12:58:29
Infinix Hot 6,Infinix,2GB,16GB,,4000.0,6.0,2018,0,2G,Android 8.1 (Oreo) - 2 GB modelAndroid 8.1 Oreo (Go edition) - 1 GB model,https://www.gsmarena.com/infinix_hot_6-9426.php,2026-08-26T12:58:29
Infinix Note 5,Infinix,3GB,32GB,Mediatek MT6763 Helio P23,4500.0,6.0,2018,0,4G,Android 8.1 (Oreo),https://www.gsmarena.com/infinix_note_5-9417.php,2026-08-26T12:58:58
Infinix Note 5,Infinix,4GB,64GB,Mediatek MT6763 Helio P23,4500.0,6.0,2018,0,4G,Android 8.1 (Oreo),https://www.gsmarena.com/infinix_note_5-9417.php,2026-08-26T12:58:58
Infinix Smart 2 Pro,Infinix,2GB,16GB,,3050.0,5.5,2018,0,4G,Android 8.1 (Oreo),https://www.gsmarena.com/infinix_smart_2_pro-9429.php,2026-08-26T12:59:24
Infinix Smart 2,Infinix,1GB,16GB,,3050.0,5.5,2018,0,4G,Android 8.1 (Oreo) or Android 8.1 Oreo (Go edition),https://www.gsmarena.com/infinix_smart_2-9430.php,2026-08-26T12:59:46
Infinix Smart 2,Infinix,2GB,16GB,,3050.0,5.5,2018,0,4G,Android 8.1 (Oreo) or Android 8.1 Oreo (Go edition),https://www.gsmarena.com/infinix_smart_2-9430.php,2026-08-26T12:59:46
Infinix Smart 2,Infinix,3GB,32GB,,3050.0,5.5,2018,0,4G,Android 8.1 (Oreo) or Android 8.1 Oreo (Go edition),https://www.gsmarena.com/infinix_smart_2-9430.php,2026-08-26T12:59:46
Infinix Hot 6 Pro,Infinix,2GB,16GB,Qualcomm MSM8917 Snapdragon 425,4000.0,6.0,2018,0,4G,Android 8.0 (Oreo),https://www.gsmarena.com/infinix_hot_6_pro-9425.php,2026-08-26T13:00:24
Infinix Hot 6 Pro,Infinix,3GB,32GB,Qualcomm MSM8917 Snapdragon 425,4000.0,6.0,2018,0,4G,Android 8.0 (Oreo),https://www.gsmarena.com/infinix_hot_6_pro-9425.php,2026-08-26T13:00:24
Infinix Hot S3,Infinix,3GB,32GB,Qualcomm MSM8937 Snapdragon 430,4000.0,5.7,2018,0,4G,Android 8.1 (Oreo),https://www.gsmarena.com/infinix_hot_s3-9421.php,2026-08-26T13:01:01
Infinix Zero 5 Pro,Infinix,6GB,128GB,Mediatek MT6757CD Helio P20,4350.0,5.98,2018,0,4G,Android 7.0 (Nougat),https://www.gsmarena.com/infinix_zero_5_pro-9415.php,2026-08-26T13:01:36
Infinix Zero 5,Infinix,6GB,64GB,Mediatek MT6757CD Helio P20,4350.0,5.98,2018,0,4G,Android 7.0 (Nougat),https://www.gsmarena.com/infinix_zero_5-9414.php,2026-08-26T13:01:58
Infinix Hot 5 Lite,Infinix,1GB,16GB,Mediatek MT6580M,4000.0,5.5,2017,0,2G,Android 7.0 (Nougat),https://www.gsmarena.com/infinix_hot_5_lite-9428.php,2026-08-26T13:02:25
Infinix Hot 5,Infinix,2GB,16GB,Mediatek MT6580M,4000.0,5.5,2017,0,2G,Android 7.0 (Nougat),https://www.gsmarena.com/infinix_hot_5-9427.php,2026-08-26T13:02:54
Infinix Note 4 Pro,Infinix,2GB,16GB,Mediatek MT6753,4500.0,5.7,2017,0,4G,Android 7.0 (Nougat),https://www.gsmarena.com/infinix_note_4_pro-9419.php,2026-08-26T13:03:26
Infinix Note 4 Pro,Infinix,3GB,32GB,Mediatek MT6753,4500.0,5.7,2017,0,4G,Android 7.0 (Nougat),https://www.gsmarena.com/infinix_note_4_pro-9419.php,2026-08-26T13:03:26
Infinix Note 4,Infinix,2GB,16GB,Mediatek MT6753,4300.0,5.7,2018,0,4G,Android 7.0 (Nougat),https://www.gsmarena.com/infinix_note_4-9418.php,2026-08-26T13:03:50
Infinix Note 4,Infinix,3GB,32GB,Mediatek MT6753,4300.0,5.7,2018,0,4G,Android 7.0 (Nougat),https://www.gsmarena.com/infinix_note_4-9418.php,2026-08-26T13:03:50
Infinix Smart,Infinix,1GB,16GB,Mediatek MT6580,3060.0,5.0,2017,0,2G,Android 7.0 (Nougat),https://www.gsmarena.com/infinix_smart-9431.php,2026-08-26T13:04:27
Infinix Zero 4 Plus,Infinix,4GB,64GB,Mediatek MT6797M Helio X20,4000.0,5.98,2017,0,4G,Android 6.0 (Marshmallow),https://www.gsmarena.com/infinix_zero_4_plus-9479.php,2026-08-26T13:04:52
Infinix Zero 4,Infinix,3GB,32GB,Mediatek MT6753,3200.0,5.5,2017,0,4G,Android 6.0 (Marshmallow),https://www.gsmarena.com/infinix_zero_4-9478.php,2026-08-26T13:05:28
Infinix S2 Pro,Infinix,2GB,16GB,Mediatek MT6753,3000.0,5.2,2017,0,4G,Android 7.0 (Nougat),https://www.gsmarena.com/infinix_s2_pro-9422.php,2026-08-26T13:05:52
Infinix S2 Pro,Infinix,3GB,32GB,Mediatek MT6753,3000.0,5.2,2017,0,4G,Android 7.0 (Nougat),https://www.gsmarena.com/infinix_s2_pro-9422.php,2026-08-26T13:05:52
Infinix Hot 4 Pro,Infinix,2GB,16GB,Mediatek MT6737W,4000.0,5.5,2016,0,4G,Android 6.0 (Marshmallow),https://www.gsmarena.com/infinix_hot_4_pro-9473.php,2026-08-26T13:06:23
Infinix Hot 4,Infinix,1GB,16GB,Mediatek MT6580,4000.0,5.5,2016,0,2G,Android 6.0 (Marshmallow),https://www.gsmarena.com/infinix_hot_4-9472.php,2026-08-26T13:06:54
Infinix Hot 4,Infinix,2GB,16GB,Mediatek MT6580,4000.0,5.5,2016,0,2G,Android 6.0 (Marshmallow),https://www.gsmarena.com/infinix_hot_4-9472.php,2026-08-26T13:06:54
Infinix Note 3 Pro,Infinix,2GB,16GB,Mediatek MT6753,4500.0,6.0,2016,0,4G,Android 6.0 (Marshmallow),https://www.gsmarena.com/infinix_note_3_pro-9476.php,2026-08-26T13:07:23
Infinix Note 3 Pro,Infinix,3GB,16GB,Mediatek MT6753,4500.0,6.0,2016,0,4G,Android 6.0 (Marshmallow),https://www.gsmarena.com/infinix_note_3_pro-9476.php,2026-08-26T13:07:23
Infinix Note 3,Infinix,2GB,16GB,Mediatek MT6753,4500.0,6.0,2016,0,4G,Android 6.0 (Marshmallow),https://www.gsmarena.com/infinix_note_3-9475.php,2026-08-26T13:07:46
Infinix Hot S,Infinix,2GB,16GB,Mediatek MT6753,3000.0,5.2,2016,0,4G,Android 6.0 (Marshmallow),https://www.gsmarena.com/infinix_hot_s-9474.php,2026-08-26T13:08:10
Realme C100i (India),Realme,4GB,64GB,Unisoc T7250,6500.0,6.75,0,0,4G,Android 16,https://www.gsmarena.com/realme_c100i_(india)-14900.php,2026-08-26T13:16:29
Realme C100i (India),Realme,4GB,128GB,Unisoc T7250,6500.0,6.75,0,0,4G,Android 16,https://www.gsmarena.com/realme_c100i_(india)-14900.php,2026-08-26T13:16:29
Realme C100i (India),Realme,6GB,128GB,Unisoc T7250,6500.0,6.75,0,0,4G,Android 16,https://www.gsmarena.com/realme_c100i_(india)-14900.php,2026-08-26T13:16:29
Realme C100i (India),Realme,4GB,256GB,Unisoc T7250,6500.0,6.75,0,0,4G,Android 16,https://www.gsmarena.com/realme_c100i_(india)-14900.php,2026-08-26T13:16:29
Realme 16x,Realme,4GB,128GB,Mediatek Dimensity 6300,7000.0,6.81,2026,0,5G,Android 16,https://www.gsmarena.com/realme_16x_5g-14871.php,2026-08-26T13:16:53
Realme 16x,Realme,6GB,128GB,Mediatek Dimensity 6300,7000.0,6.81,2026,0,5G,Android 16,https://www.gsmarena.com/realme_16x_5g-14871.php,2026-08-26T13:16:53
Realme 16x,Realme,6GB,256GB,Mediatek Dimensity 6300,7000.0,6.81,2026,0,5G,Android 16,https://www.gsmarena.com/realme_16x_5g-14871.php,2026-08-26T13:16:53
Realme Narzo 100x,Realme,4GB,64GB,Mediatek Dimensity 6300,8000.0,6.81,2026,0,5G,Android 16,https://www.gsmarena.com/realme_narzo_100x_5g-14787.php,2026-08-26T13:17:15
Realme Narzo 100x,Realme,4GB,128GB,Mediatek Dimensity 6300,8000.0,6.81,2026,0,5G,Android 16,https://www.gsmarena.com/realme_narzo_100x_5g-14787.php,2026-08-26T13:17:15
Realme Narzo 100x,Realme,6GB,128GB,Mediatek Dimensity 6300,8000.0,6.81,2026,0,5G,Android 16,https://www.gsmarena.com/realme_narzo_100x_5g-14787.php,2026-08-26T13:17:15
Realme Narzo 100x,Realme,6GB,256GB,Mediatek Dimensity 6300,8000.0,6.81,2026,0,5G,Android 16,https://www.gsmarena.com/realme_narzo_100x_5g-14787.php,2026-08-26T13:17:15
Realme P4x 4G,Realme,4GB,64GB,Unisoc T7250,8000.0,6.8,2026,0,4G,Android 16,https://www.gsmarena.com/realme_p4x-14744.php,2026-08-26T13:17:44
Realme P4x 4G,Realme,4GB,256GB,Unisoc T7250,8000.0,6.8,2026,0,4G,Android 16,https://www.gsmarena.com/realme_p4x-14744.php,2026-08-26T13:17:44
Realme P4R,Realme,4GB,128GB,Mediatek Dimensity 6300,8000.0,6.81,2026,0,5G,Android 16,https://www.gsmarena.com/realme_p4r_5g-14706.php,2026-08-26T13:18:15
Realme P4R,Realme,6GB,128GB,Mediatek Dimensity 6300,8000.0,6.81,2026,0,5G,Android 16,https://www.gsmarena.com/realme_p4r_5g-14706.php,2026-08-26T13:18:15
Realme P4R,Realme,6GB,256GB,Mediatek Dimensity 6300,8000.0,6.81,2026,0,5G,Android 16,https://www.gsmarena.com/realme_p4r_5g-14706.php,2026-08-26T13:18:15
Realme 16T,Realme,6GB,128GB,Mediatek Dimensity 6300,8000.0,6.81,2026,0,5G,Android 16,https://www.gsmarena.com/realme_16t_5g-14674.php,2026-08-26T13:18:40
Realme 16T,Realme,8GB,128GB,Mediatek Dimensity 6300,8000.0,6.81,2026,0,5G,Android 16,https://www.gsmarena.com/realme_16t_5g-14674.php,2026-08-26T13:18:40
Realme 16T,Realme,8GB,256GB,Mediatek Dimensity 6300,8000.0,6.81,2026,0,5G,Android 16,https://www.gsmarena.com/realme_16t_5g-14674.php,2026-08-26T13:18:40
Realme C100x,Realme,4GB,64GB,Unisoc T7250,8000.0,6.8,2026,1,4G,Android 16,https://www.gsmarena.com/realme_c100x-14628.php,2026-08-26T13:19:03
Realme C100x,Realme,4GB,128GB,Unisoc T7250,8000.0,6.8,2026,1,4G,Android 16,https://www.gsmarena.com/realme_c100x-14628.php,2026-08-26T13:19:03
Realme C100x,Realme,6GB,128GB,Unisoc T7250,8000.0,6.8,2026,1,4G,Android 16,https://www.gsmarena.com/realme_c100x-14628.php,2026-08-26T13:19:03
Realme C100x,Realme,4GB,256GB,Unisoc T7250,8000.0,6.8,2026,1,4G,Android 16,https://www.gsmarena.com/realme_c100x-14628.php,2026-08-26T13:19:03
Realme C100x,Realme,6GB,256GB,Unisoc T7250,8000.0,6.8,2026,1,4G,Android 16,https://www.gsmarena.com/realme_c100x-14628.php,2026-08-26T13:19:03
Realme C100i,Realme,4GB,64GB,Unisoc T7250,7000.0,6.8,2026,0,4G,Android 16,https://www.gsmarena.com/realme_c100i-14655.php,2026-08-26T13:19:28
Realme C100i,Realme,4GB,128GB,Unisoc T7250,7000.0,6.8,2026,0,4G,Android 16,https://www.gsmarena.com/realme_c100i-14655.php,2026-08-26T13:19:28
Realme C100i,Realme,6GB,128GB,Unisoc T7250,7000.0,6.8,2026,0,4G,Android 16,https://www.gsmarena.com/realme_c100i-14655.php,2026-08-26T13:19:28
Realme C100i,Realme,4GB,256GB,Unisoc T7250,7000.0,6.8,2026,0,4G,Android 16,https://www.gsmarena.com/realme_c100i-14655.php,2026-08-26T13:19:28
Realme Narzo 100 Lite,Realme,4GB,64GB,Mediatek Dimensity 6300,7000.0,6.8,2026,0,5G,Android 16,https://www.gsmarena.com/realme_narzo_100_lite_5g-14593.php,2026-08-26T13:20:01
Realme Narzo 100 Lite,Realme,4GB,128GB,Mediatek Dimensity 6300,7000.0,6.8,2026,0,5G,Android 16,https://www.gsmarena.com/realme_narzo_100_lite_5g-14593.php,2026-08-26T13:20:01
Realme Narzo 100 Lite,Realme,6GB,128GB,Mediatek Dimensity 6300,7000.0,6.8,2026,0,5G,Android 16,https://www.gsmarena.com/realme_narzo_100_lite_5g-14593.php,2026-08-26T13:20:01
Realme C100 4G,Realme,6GB,128GB,Mediatek Helio G92 Max,8000.0,6.8,2026,1,4G,Android 16,https://www.gsmarena.com/realme_c100-14586.php,2026-08-26T13:20:25
Realme C100 4G,Realme,8GB,128GB,Mediatek Helio G92 Max,8000.0,6.8,2026,1,4G,Android 16,https://www.gsmarena.com/realme_c100-14586.php,2026-08-26T13:20:25
Realme C100 4G,Realme,8GB,256GB,Mediatek Helio G92 Max,8000.0,6.8,2026,1,4G,Android 16,https://www.gsmarena.com/realme_c100-14586.php,2026-08-26T13:20:25
Realme C100,Realme,4GB,128GB,Mediatek Dimensity 6300,7000.0,6.8,2026,0,5G,Android 16,https://www.gsmarena.com/realme_c100_5g-14585.php,2026-08-26T13:20:48
Realme C100,Realme,6GB,128GB,Mediatek Dimensity 6300,7000.0,6.8,2026,0,5G,Android 16,https://www.gsmarena.com/realme_c100_5g-14585.php,2026-08-26T13:20:48
Realme C100,Realme,4GB,256GB,Mediatek Dimensity 6300,7000.0,6.8,2026,0,5G,Android 16,https://www.gsmarena.com/realme_c100_5g-14585.php,2026-08-26T13:20:48
Realme P4 Lite,Realme,4GB,64GB,Mediatek Dimensity 6300,7000.0,6.8,2026,0,5G,Android 16,https://www.gsmarena.com/realme_p4_lite_5g-14545.php,2026-08-26T13:21:25
Realme P4 Lite,Realme,4GB,128GB,Mediatek Dimensity 6300,7000.0,6.8,2026,0,5G,Android 16,https://www.gsmarena.com/realme_p4_lite_5g-14545.php,2026-08-26T13:21:25
Realme P4 Lite,Realme,6GB,128GB,Mediatek Dimensity 6300,7000.0,6.8,2026,0,5G,Android 16,https://www.gsmarena.com/realme_p4_lite_5g-14545.php,2026-08-26T13:21:25
Realme Note 80,Realme,4GB,64GB,Unisoc T7250,6300.0,6.74,2026,0,4G,Android 15,https://www.gsmarena.com/realme_note_80-14537.php,2026-08-26T13:21:56
Realme Note 80,Realme,4GB,128GB,Unisoc T7250,6300.0,6.74,2026,0,4G,Android 15,https://www.gsmarena.com/realme_note_80-14537.php,2026-08-26T13:21:56
Realme C83,Realme,4GB,64GB,Mediatek Dimensity 6300,7000.0,6.8,2026,0,5G,Android 16,https://www.gsmarena.com/realme_c83_5g-14532.php,2026-08-26T13:22:32
Realme C83,Realme,4GB,128GB,Mediatek Dimensity 6300,7000.0,6.8,2026,0,5G,Android 16,https://www.gsmarena.com/realme_c83_5g-14532.php,2026-08-26T13:22:32
Realme C83,Realme,6GB,128GB,Mediatek Dimensity 6300,7000.0,6.8,2026,0,5G,Android 16,https://www.gsmarena.com/realme_c83_5g-14532.php,2026-08-26T13:22:32
Realme Narzo Power,Realme,8GB,128GB,Mediatek Dimensity 7400 Ultra,0.0,6.8,2026,0,5G,Android 16,https://www.gsmarena.com/realme_narzo_power_5g-14515.php,2026-08-26T13:22:56
Realme Narzo Power,Realme,8GB,256GB,Mediatek Dimensity 7400 Ultra,0.0,6.8,2026,0,5G,Android 16,https://www.gsmarena.com/realme_narzo_power_5g-14515.php,2026-08-26T13:22:56
Realme P4 Lite 4G,Realme,4GB,64GB,Unisoc T7250,6300.0,6.74,2026,0,4G,Android 15,https://www.gsmarena.com/realme_p4_lite-14490.php,2026-08-26T13:23:34
Realme P4 Lite 4G,Realme,4GB,128GB,Unisoc T7250,6300.0,6.74,2026,0,4G,Android 15,https://www.gsmarena.com/realme_p4_lite-14490.php,2026-08-26T13:23:34
Realme P4 Lite 4G,Realme,6GB,128GB,Unisoc T7250,6300.0,6.74,2026,0,4G,Android 15,https://www.gsmarena.com/realme_p4_lite-14490.php,2026-08-26T13:23:34
Realme 16,Realme,8GB,128GB,Mediatek Dimensity 6400 Turbo,7000.0,6.57,2025,1,5G,Android 16,https://www.gsmarena.com/realme_16_5g-14419.php,2026-08-26T13:24:06
Realme 16,Realme,8GB,256GB,Mediatek Dimensity 6400 Turbo,7000.0,6.57,2025,1,5G,Android 16,https://www.gsmarena.com/realme_16_5g-14419.php,2026-08-26T13:24:06
Realme 16,Realme,12GB,256GB,Mediatek Dimensity 6400 Turbo,7000.0,6.57,2025,1,5G,Android 16,https://www.gsmarena.com/realme_16_5g-14419.php,2026-08-26T13:24:06
Realme P4 Power,Realme,8GB,128GB,Mediatek Dimensity 7400 Ultra,0.0,6.8,2026,0,5G,Android 16,https://www.gsmarena.com/realme_p4_power_5g-14451.php,2026-08-26T13:24:35
Realme P4 Power,Realme,8GB,256GB,Mediatek Dimensity 7400 Ultra,0.0,6.8,2026,0,5G,Android 16,https://www.gsmarena.com/realme_p4_power_5g-14451.php,2026-08-26T13:24:35
Realme P4 Power,Realme,12GB,256GB,Mediatek Dimensity 7400 Ultra,0.0,6.8,2026,0,5G,Android 16,https://www.gsmarena.com/realme_p4_power_5g-14451.php,2026-08-26T13:24:35
Realme Neo8,Realme,12GB,256GB,Qualcomm SM8845 Snapdragon 8 Gen 5,8000.0,6.78,2026,1,5G,Android 16,https://www.gsmarena.com/realme_neo8_5g-14408.php,2026-08-26T13:25:05
Realme Neo8,Realme,16GB,256GB,Qualcomm SM8845 Snapdragon 8 Gen 5,8000.0,6.78,2026,1,5G,Android 16,https://www.gsmarena.com/realme_neo8_5g-14408.php,2026-08-26T13:25:05
Realme Neo8,Realme,12GB,512GB,Qualcomm SM8845 Snapdragon 8 Gen 5,8000.0,6.78,2026,1,5G,Android 16,https://www.gsmarena.com/realme_neo8_5g-14408.php,2026-08-26T13:25:05
Realme Neo8,Realme,16GB,512GB,Qualcomm SM8845 Snapdragon 8 Gen 5,8000.0,6.78,2026,1,5G,Android 16,https://www.gsmarena.com/realme_neo8_5g-14408.php,2026-08-26T13:25:05
Realme Neo8,Realme,16GB,1TB,Qualcomm SM8845 Snapdragon 8 Gen 5,8000.0,6.78,2026,1,5G,Android 16,https://www.gsmarena.com/realme_neo8_5g-14408.php,2026-08-26T13:25:05
Realme C85 4G,Realme,6GB,128GB,Qualcomm SM6225 Snapdragon 685,7000.0,6.8,2026,0,4G,Android 15,https://www.gsmarena.com/realme_c85-14435.php,2026-08-26T13:25:44
Realme C85 4G,Realme,8GB,128GB,Qualcomm SM6225 Snapdragon 685,7000.0,6.8,2026,0,4G,Android 15,https://www.gsmarena.com/realme_c85-14435.php,2026-08-26T13:25:44
Realme C85 4G,Realme,8GB,256GB,Qualcomm SM6225 Snapdragon 685,7000.0,6.8,2026,0,4G,Android 15,https://www.gsmarena.com/realme_c85-14435.php,2026-08-26T13:25:44
Realme 16 Pro+,Realme,8GB,128GB,Qualcomm SM7750-AB Snapdragon 7 Gen 4,7000.0,6.8,2026,1,5G,Android 16,https://www.gsmarena.com/realme_16_pro+_5g-14363.php,2026-08-26T13:26:07
Realme 16 Pro+,Realme,8GB,256GB,Qualcomm SM7750-AB Snapdragon 7 Gen 4,7000.0,6.8,2026,1,5G,Android 16,https://www.gsmarena.com/realme_16_pro+_5g-14363.php,2026-08-26T13:26:07
Realme 16 Pro+,Realme,12GB,256GB,Qualcomm SM7750-AB Snapdragon 7 Gen 4,7000.0,6.8,2026,1,5G,Android 16,https://www.gsmarena.com/realme_16_pro+_5g-14363.php,2026-08-26T13:26:07
Realme 16 Pro+,Realme,8GB,512GB,Qualcomm SM7750-AB Snapdragon 7 Gen 4,7000.0,6.8,2026,1,5G,Android 16,https://www.gsmarena.com/realme_16_pro+_5g-14363.php,2026-08-26T13:26:07
Realme 16 Pro+,Realme,12GB,512GB,Qualcomm SM7750-AB Snapdragon 7 Gen 4,7000.0,6.8,2026,1,5G,Android 16,https://www.gsmarena.com/realme_16_pro+_5g-14363.php,2026-08-26T13:26:07
Realme 16 Pro,Realme,8GB,128GB,Mediatek Dimensity 7300 Max,7000.0,6.78,2026,1,5G,Android 16,https://www.gsmarena.com/realme_16_pro_5g-14400.php,2026-08-26T13:26:36
Realme 16 Pro,Realme,8GB,256GB,Mediatek Dimensity 7300 Max,7000.0,6.78,2026,1,5G,Android 16,https://www.gsmarena.com/realme_16_pro_5g-14400.php,2026-08-26T13:26:36
Realme 16 Pro,Realme,12GB,256GB,Mediatek Dimensity 7300 Max,7000.0,6.78,2026,1,5G,Android 16,https://www.gsmarena.com/realme_16_pro_5g-14400.php,2026-08-26T13:26:36
Realme 16 Pro,Realme,8GB,512GB,Mediatek Dimensity 7300 Max,7000.0,6.78,2026,1,5G,Android 16,https://www.gsmarena.com/realme_16_pro_5g-14400.php,2026-08-26T13:26:36
Realme Narzo 90,Realme,6GB,128GB,Mediatek Dimensity 6400 Max,7000.0,6.57,2025,0,5G,Android 15,https://www.gsmarena.com/realme_narzo_90_5g-14345.php,2026-08-26T13:27:17
Realme Narzo 90,Realme,8GB,128GB,Mediatek Dimensity 6400 Max,7000.0,6.57,2025,0,5G,Android 15,https://www.gsmarena.com/realme_narzo_90_5g-14345.php,2026-08-26T13:27:17
Realme Narzo 90X,Realme,4GB,128GB,Mediatek Dimensity 6300,7000.0,6.8,2025,0,5G,Android 15,https://www.gsmarena.com/realme_narzo_90x_5g-14346.php,2026-08-26T13:27:51
Realme Narzo 90X,Realme,6GB,128GB,Mediatek Dimensity 6300,7000.0,6.8,2025,0,5G,Android 15,https://www.gsmarena.com/realme_narzo_90x_5g-14346.php,2026-08-26T13:27:51
Realme Narzo 90X,Realme,8GB,128GB,Mediatek Dimensity 6300,7000.0,6.8,2025,0,5G,Android 15,https://www.gsmarena.com/realme_narzo_90x_5g-14346.php,2026-08-26T13:27:51
Realme P3 Lite,Realme,4GB,64GB,Mediatek Dimensity 6300,6000.0,6.67,2025,0,5G,Android 15,https://www.gsmarena.com/realme_p3_lite_5g-14360.php,2026-08-26T13:28:19
Realme P3 Lite,Realme,4GB,128GB,Mediatek Dimensity 6300,6000.0,6.67,2025,0,5G,Android 15,https://www.gsmarena.com/realme_p3_lite_5g-14360.php,2026-08-26T13:28:19
Realme P3 Lite,Realme,6GB,128GB,Mediatek Dimensity 6300,6000.0,6.67,2025,0,5G,Android 15,https://www.gsmarena.com/realme_p3_lite_5g-14360.php,2026-08-26T13:28:19
Realme P3 Lite 4G,Realme,4GB,64GB,Unisoc T7250,6300.0,6.67,2025,1,4G,Android 15,https://www.gsmarena.com/realme_p3_lite-14361.php,2026-08-26T13:28:56
Realme P3 Lite 4G,Realme,4GB,128GB,Unisoc T7250,6300.0,6.67,2025,1,4G,Android 15,https://www.gsmarena.com/realme_p3_lite-14361.php,2026-08-26T13:28:56
Realme P3 Lite 4G,Realme,6GB,128GB,Unisoc T7250,6300.0,6.67,2025,1,4G,Android 15,https://www.gsmarena.com/realme_p3_lite-14361.php,2026-08-26T13:28:56
Realme P3 Lite 4G,Realme,8GB,128GB,Unisoc T7250,6300.0,6.67,2025,1,4G,Android 15,https://www.gsmarena.com/realme_p3_lite-14361.php,2026-08-26T13:28:56
Realme P3 Lite 4G,Realme,8GB,256GB,Unisoc T7250,6300.0,6.67,2025,1,4G,Android 15,https://www.gsmarena.com/realme_p3_lite-14361.php,2026-08-26T13:28:56
Realme P4x,Realme,6GB,128GB,Mediatek Dimensity 7400 Ultra,7000.0,6.72,2025,0,5G,Android 15,https://www.gsmarena.com/realme_p4x_5g-14329.php,2026-08-26T13:29:32
Realme P4x,Realme,8GB,128GB,Mediatek Dimensity 7400 Ultra,7000.0,6.72,2025,0,5G,Android 15,https://www.gsmarena.com/realme_p4x_5g-14329.php,2026-08-26T13:29:32
Realme P4x,Realme,8GB,256GB,Mediatek Dimensity 7400 Ultra,7000.0,6.72,2025,0,5G,Android 15,https://www.gsmarena.com/realme_p4x_5g-14329.php,2026-08-26T13:29:32
Realme P4x,Realme,8GB,512GB,Mediatek Dimensity 7400 Ultra,7000.0,6.72,2025,0,5G,Android 15,https://www.gsmarena.com/realme_p4x_5g-14329.php,2026-08-26T13:29:32
Realme C85 Pro,Realme,6GB,128GB,Qualcomm SM6225 Snapdragon 685,7000.0,6.8,2025,1,4G,Android 15,https://www.gsmarena.com/realme_c85_pro-14275.php,2026-08-26T13:29:55
Realme C85 Pro,Realme,8GB,128GB,Qualcomm SM6225 Snapdragon 685,7000.0,6.8,2025,1,4G,Android 15,https://www.gsmarena.com/realme_c85_pro-14275.php,2026-08-26T13:29:55
Realme C85 Pro,Realme,8GB,256GB,Qualcomm SM6225 Snapdragon 685,7000.0,6.8,2025,1,4G,Android 15,https://www.gsmarena.com/realme_c85_pro-14275.php,2026-08-26T13:29:55
Realme C85,Realme,4GB,128GB,Mediatek Dimensity 6300,7000.0,6.8,2025,1,5G,Android 15,https://www.gsmarena.com/realme_c85_5g-14274.php,2026-08-26T13:30:19
Realme C85,Realme,6GB,128GB,Mediatek Dimensity 6300,7000.0,6.8,2025,1,5G,Android 15,https://www.gsmarena.com/realme_c85_5g-14274.php,2026-08-26T13:30:19
Realme C85,Realme,8GB,128GB,Mediatek Dimensity 6300,7000.0,6.8,2025,1,5G,Android 15,https://www.gsmarena.com/realme_c85_5g-14274.php,2026-08-26T13:30:19
Realme C85,Realme,8GB,256GB,Mediatek Dimensity 6300,7000.0,6.8,2025,1,5G,Android 15,https://www.gsmarena.com/realme_c85_5g-14274.php,2026-08-26T13:30:19
Realme GT 8 Pro,Realme,12GB,256GB,Qualcomm SM8850-AC Snapdragon 8 Elite Gen 5,7000.0,6.79,2025,1,5G,Android 16,https://www.gsmarena.com/realme_gt8_pro_5g_(china)-14245.php,2026-08-26T13:30:48
Realme GT 8 Pro,Realme,16GB,256GB,Qualcomm SM8850-AC Snapdragon 8 Elite Gen 5,7000.0,6.79,2025,1,5G,Android 16,https://www.gsmarena.com/realme_gt8_pro_5g_(china)-14245.php,2026-08-26T13:30:48
Realme GT 8 Pro,Realme,12GB,512GB,Qualcomm SM8850-AC Snapdragon 8 Elite Gen 5,7000.0,6.79,2025,1,5G,Android 16,https://www.gsmarena.com/realme_gt8_pro_5g_(china)-14245.php,2026-08-26T13:30:48
Realme GT 8 Pro,Realme,16GB,512GB,Qualcomm SM8850-AC Snapdragon 8 Elite Gen 5,7000.0,6.79,2025,1,5G,Android 16,https://www.gsmarena.com/realme_gt8_pro_5g_(china)-14245.php,2026-08-26T13:30:48
Realme GT 8 Pro,Realme,16GB,1TB,Qualcomm SM8850-AC Snapdragon 8 Elite Gen 5,7000.0,6.79,2025,1,5G,Android 16,https://www.gsmarena.com/realme_gt8_pro_5g_(china)-14245.php,2026-08-26T13:30:48
Realme GT8 (China),Realme,12GB,256GB,Qualcomm SM8750-AB Snapdragon 8 Elite,7000.0,6.79,2025,1,5G,Android 16,https://www.gsmarena.com/realme_gt8_5g_(china)-14246.php,2026-08-26T13:31:23
Realme GT8 (China),Realme,16GB,256GB,Qualcomm SM8750-AB Snapdragon 8 Elite,7000.0,6.79,2025,1,5G,Android 16,https://www.gsmarena.com/realme_gt8_5g_(china)-14246.php,2026-08-26T13:31:23
Realme GT8 (China),Realme,16GB,512GB,Qualcomm SM8750-AB Snapdragon 8 Elite,7000.0,6.79,2025,1,5G,Android 16,https://www.gsmarena.com/realme_gt8_5g_(china)-14246.php,2026-08-26T13:31:23
Realme GT8 (China),Realme,16GB,1TB,Qualcomm SM8750-AB Snapdragon 8 Elite,7000.0,6.79,2025,1,5G,Android 16,https://www.gsmarena.com/realme_gt8_5g_(china)-14246.php,2026-08-26T13:31:23
Realme 15x (India),Realme,6GB,128GB,Mediatek Dimensity 6300,7000.0,6.81,2025,0,5G,Android 15,https://www.gsmarena.com/realme_15x_5g_(india)-14173.php,2026-08-26T13:32:00
Realme 15x (India),Realme,8GB,128GB,Mediatek Dimensity 6300,7000.0,6.81,2025,0,5G,Android 15,https://www.gsmarena.com/realme_15x_5g_(india)-14173.php,2026-08-26T13:32:00
Realme 15x (India),Realme,8GB,256GB,Mediatek Dimensity 6300,7000.0,6.81,2025,0,5G,Android 15,https://www.gsmarena.com/realme_15x_5g_(india)-14173.php,2026-08-26T13:32:00
Realme 15 Lite,Realme,8GB,128GB,Mediatek Dimensity 7300 Energy,5000.0,6.67,2025,0,5G,Android 15,https://www.gsmarena.com/realme_15_lite_5g-14159.php,2026-08-26T13:32:29
Realme 15 Lite,Realme,8GB,256GB,Mediatek Dimensity 7300 Energy,5000.0,6.67,2025,0,5G,Android 15,https://www.gsmarena.com/realme_15_lite_5g-14159.php,2026-08-26T13:32:29
Realme 15 Lite,Realme,12GB,256GB,Mediatek Dimensity 7300 Energy,5000.0,6.67,2025,0,5G,Android 15,https://www.gsmarena.com/realme_15_lite_5g-14159.php,2026-08-26T13:32:29
Realme 15,Realme,12GB,256GB,Mediatek Dimensity 7300+,7000.0,6.77,2025,0,5G,Android 15,https://www.gsmarena.com/realme_15_5g_(global)-14318.php,2026-08-26T13:33:09
Realme 15T,Realme,8GB,128GB,Mediatek Dimensity 6400 Max,7000.0,6.57,2025,0,5G,Android 15,https://www.gsmarena.com/realme_15t_5g-14105.php,2026-08-26T13:33:34
Realme 15T,Realme,8GB,256GB,Mediatek Dimensity 6400 Max,7000.0,6.57,2025,0,5G,Android 15,https://www.gsmarena.com/realme_15t_5g-14105.php,2026-08-26T13:33:34
Realme 15T,Realme,12GB,256GB,Mediatek Dimensity 6400 Max,7000.0,6.57,2025,0,5G,Android 15,https://www.gsmarena.com/realme_15t_5g-14105.php,2026-08-26T13:33:34
Realme 15T,Realme,12GB,512GB,Mediatek Dimensity 6400 Max,7000.0,6.57,2025,0,5G,Android 15,https://www.gsmarena.com/realme_15t_5g-14105.php,2026-08-26T13:33:34
Realme P4,Realme,6GB,128GB,Mediatek Dimensity 7400,7000.0,6.77,2025,0,5G,Android 15,https://www.gsmarena.com/realme_p4_5g-14087.php,2026-08-26T13:34:12
Realme P4,Realme,8GB,128GB,Mediatek Dimensity 7400,7000.0,6.77,2025,0,5G,Android 15,https://www.gsmarena.com/realme_p4_5g-14087.php,2026-08-26T13:34:12
Realme P4,Realme,8GB,256GB,Mediatek Dimensity 7400,7000.0,6.77,2025,0,5G,Android 15,https://www.gsmarena.com/realme_p4_5g-14087.php,2026-08-26T13:34:12
Realme P4 Pro,Realme,8GB,128GB,Qualcomm SM7750-AB Snapdragon 7 Gen 4,7000.0,6.8,2025,0,5G,Android 15,https://www.gsmarena.com/realme_p4_pro_5g-14086.php,2026-08-26T13:34:42
Realme P4 Pro,Realme,8GB,256GB,Qualcomm SM7750-AB Snapdragon 7 Gen 4,7000.0,6.8,2025,0,5G,Android 15,https://www.gsmarena.com/realme_p4_pro_5g-14086.php,2026-08-26T13:34:42
Realme P4 Pro,Realme,12GB,256GB,Qualcomm SM7750-AB Snapdragon 7 Gen 4,7000.0,6.8,2025,0,5G,Android 15,https://www.gsmarena.com/realme_p4_pro_5g-14086.php,2026-08-26T13:34:42
Realme P4 Pro,Realme,12GB,512GB,Qualcomm SM7750-AB Snapdragon 7 Gen 4,7000.0,6.8,2025,0,5G,Android 15,https://www.gsmarena.com/realme_p4_pro_5g-14086.php,2026-08-26T13:34:42
Realme Narzo 80 Lite,Realme,4GB,64GB,Unisoc T7250,6300.0,6.74,2025,0,4G,Android 15,https://www.gsmarena.com/realme_narzo_80_lite-14023.php,2026-08-26T13:35:10
Realme Narzo 80 Lite,Realme,6GB,128GB,Unisoc T7250,6300.0,6.74,2025,0,4G,Android 15,https://www.gsmarena.com/realme_narzo_80_lite-14023.php,2026-08-26T13:35:10
Realme 15 Pro,Realme,8GB,128GB,Qualcomm SM7750-AB Snapdragon 7 Gen 4,7000.0,6.8,2025,1,5G,Android 15,https://www.gsmarena.com/realme_15_pro_5g-14017.php,2026-08-26T13:35:36
Realme 15 Pro,Realme,8GB,256GB,Qualcomm SM7750-AB Snapdragon 7 Gen 4,7000.0,6.8,2025,1,5G,Android 15,https://www.gsmarena.com/realme_15_pro_5g-14017.php,2026-08-26T13:35:36
Realme 15 Pro,Realme,12GB,256GB,Qualcomm SM7750-AB Snapdragon 7 Gen 4,7000.0,6.8,2025,1,5G,Android 15,https://www.gsmarena.com/realme_15_pro_5g-14017.php,2026-08-26T13:35:36
Realme 15 Pro,Realme,12GB,512GB,Qualcomm SM7750-AB Snapdragon 7 Gen 4,7000.0,6.8,2025,1,5G,Android 15,https://www.gsmarena.com/realme_15_pro_5g-14017.php,2026-08-26T13:35:36
Realme Note 70,Realme,4GB,64GB,Unisoc T7250,6300.0,6.74,2025,0,4G,Android 15,https://www.gsmarena.com/realme_note_70-14436.php,2026-08-26T13:36:06
Realme Note 70,Realme,4GB,128GB,Unisoc T7250,6300.0,6.74,2025,0,4G,Android 15,https://www.gsmarena.com/realme_note_70-14436.php,2026-08-26T13:36:06
Realme Note 70,Realme,6GB,128GB,Unisoc T7250,6300.0,6.74,2025,0,4G,Android 15,https://www.gsmarena.com/realme_note_70-14436.php,2026-08-26T13:36:06
Realme Note 70,Realme,4GB,256GB,Unisoc T7250,6300.0,6.74,2025,0,4G,Android 15,https://www.gsmarena.com/realme_note_70-14436.php,2026-08-26T13:36:06
Realme 15 (India),Realme,8GB,128GB,Mediatek Dimensity 7300+,7000.0,6.8,2025,0,5G,Android 15,https://www.gsmarena.com/realme_15_5g-14018.php,2026-08-26T13:36:35
Realme 15 (India),Realme,8GB,256GB,Mediatek Dimensity 7300+,7000.0,6.8,2025,0,5G,Android 15,https://www.gsmarena.com/realme_15_5g-14018.php,2026-08-26T13:36:35
Realme 15 (India),Realme,12GB,256GB,Mediatek Dimensity 7300+,7000.0,6.8,2025,0,5G,Android 15,https://www.gsmarena.com/realme_15_5g-14018.php,2026-08-26T13:36:35
Realme 15 (India),Realme,12GB,512GB,Mediatek Dimensity 7300+,7000.0,6.8,2025,0,5G,Android 15,https://www.gsmarena.com/realme_15_5g-14018.php,2026-08-26T13:36:35
Realme Note 70T,Realme,4GB,64GB,Unisoc T7250,6000.0,6.74,2025,0,4G,Android 15,https://www.gsmarena.com/realme_note_70t-14007.php,2026-08-26T13:36:56
Realme Note 70T,Realme,4GB,128GB,Unisoc T7250,6000.0,6.74,2025,0,4G,Android 15,https://www.gsmarena.com/realme_note_70t-14007.php,2026-08-26T13:36:56
Realme Note 70T,Realme,4GB,256GB,Unisoc T7250,6000.0,6.74,2025,0,4G,Android 15,https://www.gsmarena.com/realme_note_70t-14007.php,2026-08-26T13:36:56
Realme Narzo 80 Lite 5G,Realme,4GB,64GB,Mediatek Dimensity 6300,6000.0,6.67,2025,0,5G,Android 15,https://www.gsmarena.com/realme_narzo_80_lite_5g-13952.php,2026-08-26T13:37:30
Realme Narzo 80 Lite 5G,Realme,4GB,128GB,Mediatek Dimensity 6300,6000.0,6.67,2025,0,5G,Android 15,https://www.gsmarena.com/realme_narzo_80_lite_5g-13952.php,2026-08-26T13:37:30
Realme Narzo 80 Lite 5G,Realme,6GB,128GB,Mediatek Dimensity 6300,6000.0,6.67,2025,0,5G,Android 15,https://www.gsmarena.com/realme_narzo_80_lite_5g-13952.php,2026-08-26T13:37:30
Realme C73,Realme,4GB,64GB,Mediatek Dimensity 6300,6000.0,6.67,2025,0,5G,Android 15,https://www.gsmarena.com/realme_c73_5g-13928.php,2026-08-26T13:38:00
Realme C73,Realme,4GB,128GB,Mediatek Dimensity 6300,6000.0,6.67,2025,0,5G,Android 15,https://www.gsmarena.com/realme_c73_5g-13928.php,2026-08-26T13:38:00
Realme C71,Realme,4GB,64GB,Unisoc T7250,6300.0,6.67,2025,1,4G,Android 15,https://www.gsmarena.com/realme_c71-13931.php,2026-08-26T13:38:38
Realme C71,Realme,4GB,128GB,Unisoc T7250,6300.0,6.67,2025,1,4G,Android 15,https://www.gsmarena.com/realme_c71-13931.php,2026-08-26T13:38:38
Realme C71,Realme,6GB,128GB,Unisoc T7250,6300.0,6.67,2025,1,4G,Android 15,https://www.gsmarena.com/realme_c71-13931.php,2026-08-26T13:38:38
Realme C71,Realme,8GB,128GB,Unisoc T7250,6300.0,6.67,2025,1,4G,Android 15,https://www.gsmarena.com/realme_c71-13931.php,2026-08-26T13:38:38
Realme C71,Realme,4GB,256GB,Unisoc T7250,6300.0,6.67,2025,1,4G,Android 15,https://www.gsmarena.com/realme_c71-13931.php,2026-08-26T13:38:38
Realme C71,Realme,8GB,256GB,Unisoc T7250,6300.0,6.67,2025,1,4G,Android 15,https://www.gsmarena.com/realme_c71-13931.php,2026-08-26T13:38:38
Realme Neo7 Turbo,Realme,12GB,256GB,Mediatek Dimensity 9400e,7200.0,6.8,2025,1,5G,Android 15,https://www.gsmarena.com/realme_neo7_turbo_5g-13916.php,2026-08-26T13:39:08
Realme Neo7 Turbo,Realme,16GB,256GB,Mediatek Dimensity 9400e,7200.0,6.8,2025,1,5G,Android 15,https://www.gsmarena.com/realme_neo7_turbo_5g-13916.php,2026-08-26T13:39:08
Realme Neo7 Turbo,Realme,12GB,512GB,Mediatek Dimensity 9400e,7200.0,6.8,2025,1,5G,Android 15,https://www.gsmarena.com/realme_neo7_turbo_5g-13916.php,2026-08-26T13:39:08
Realme Neo7 Turbo,Realme,16GB,512GB,Mediatek Dimensity 9400e,7200.0,6.8,2025,1,5G,Android 15,https://www.gsmarena.com/realme_neo7_turbo_5g-13916.php,2026-08-26T13:39:08
Realme GT 7T,Realme,8GB,128GB,Mediatek Dimensity 8400 Max,7000.0,6.8,2025,1,5G,Android 15,https://www.gsmarena.com/realme_gt_7t_5g-13869.php,2026-08-26T13:39:41
Realme GT 7T,Realme,8GB,256GB,Mediatek Dimensity 8400 Max,7000.0,6.8,2025,1,5G,Android 15,https://www.gsmarena.com/realme_gt_7t_5g-13869.php,2026-08-26T13:39:41
Realme GT 7T,Realme,12GB,256GB,Mediatek Dimensity 8400 Max,7000.0,6.8,2025,1,5G,Android 15,https://www.gsmarena.com/realme_gt_7t_5g-13869.php,2026-08-26T13:39:41
Realme GT 7T,Realme,12GB,512GB,Mediatek Dimensity 8400 Max,7000.0,6.8,2025,1,5G,Android 15,https://www.gsmarena.com/realme_gt_7t_5g-13869.php,2026-08-26T13:39:41
Realme GT 7,Realme,8GB,256GB,Mediatek Dimensity 9400e,7000.0,6.78,2025,1,5G,Android 15,https://www.gsmarena.com/realme_gt_7_5g-13863.php,2026-08-26T13:40:04
Realme GT 7,Realme,12GB,256GB,Mediatek Dimensity 9400e,7000.0,6.78,2025,1,5G,Android 15,https://www.gsmarena.com/realme_gt_7_5g-13863.php,2026-08-26T13:40:04
Realme GT 7,Realme,12GB,512GB,Mediatek Dimensity 9400e,7000.0,6.78,2025,1,5G,Android 15,https://www.gsmarena.com/realme_gt_7_5g-13863.php,2026-08-26T13:40:04
Realme GT 7,Realme,16GB,512GB,Mediatek Dimensity 9400e,7000.0,6.78,2025,1,5G,Android 15,https://www.gsmarena.com/realme_gt_7_5g-13863.php,2026-08-26T13:40:04
Realme C75,Realme,4GB,64GB,Mediatek Dimensity 6300,6000.0,6.67,2025,0,5G,Android 15,https://www.gsmarena.com/realme_c75_5g-13837.php,2026-08-26T13:40:42
Realme C75,Realme,4GB,128GB,Mediatek Dimensity 6300,6000.0,6.67,2025,0,5G,Android 15,https://www.gsmarena.com/realme_c75_5g-13837.php,2026-08-26T13:40:42
Realme C75,Realme,6GB,128GB,Mediatek Dimensity 6300,6000.0,6.67,2025,0,5G,Android 15,https://www.gsmarena.com/realme_c75_5g-13837.php,2026-08-26T13:40:42
Realme 14T,Realme,8GB,128GB,Mediatek Dimensity 6300,6000.0,6.67,2025,1,5G,Android 15,https://www.gsmarena.com/realme_14t-13748.php,2026-08-26T13:41:22
Realme 14T,Realme,8GB,256GB,Mediatek Dimensity 6300,6000.0,6.67,2025,1,5G,Android 15,https://www.gsmarena.com/realme_14t-13748.php,2026-08-26T13:41:22
Realme 14T,Realme,12GB,256GB,Mediatek Dimensity 6300,6000.0,6.67,2025,1,5G,Android 15,https://www.gsmarena.com/realme_14t-13748.php,2026-08-26T13:41:22
Realme GT7 (China),Realme,12GB,256GB,Mediatek Dimensity 9400+,7200.0,6.8,2025,1,5G,Android 15,https://www.gsmarena.com/realme_gt7_5g-13788.php,2026-08-26T13:41:45
Realme GT7 (China),Realme,12GB,512GB,Mediatek Dimensity 9400+,7200.0,6.8,2025,1,5G,Android 15,https://www.gsmarena.com/realme_gt7_5g-13788.php,2026-08-26T13:41:45
Realme GT7 (China),Realme,16GB,512GB,Mediatek Dimensity 9400+,7200.0,6.8,2025,1,5G,Android 15,https://www.gsmarena.com/realme_gt7_5g-13788.php,2026-08-26T13:41:45
Realme GT7 (China),Realme,16GB,1TB,Mediatek Dimensity 9400+,7200.0,6.8,2025,1,5G,Android 15,https://www.gsmarena.com/realme_gt7_5g-13788.php,2026-08-26T13:41:45
Realme Narzo 80 Pro,Realme,8GB,128GB,Mediatek Dimensity 7400,6000.0,6.72,2025,0,5G,Android 15,https://www.gsmarena.com/realme_narzo_80_pro_5g-13782.php,2026-08-26T13:42:17
Realme Narzo 80 Pro,Realme,8GB,256GB,Mediatek Dimensity 7400,6000.0,6.72,2025,0,5G,Android 15,https://www.gsmarena.com/realme_narzo_80_pro_5g-13782.php,2026-08-26T13:42:17
Realme Narzo 80 Pro,Realme,12GB,256GB,Mediatek Dimensity 7400,6000.0,6.72,2025,0,5G,Android 15,https://www.gsmarena.com/realme_narzo_80_pro_5g-13782.php,2026-08-26T13:42:17
Realme Narzo 80x,Realme,6GB,128GB,Mediatek Dimensity 6400,6000.0,6.72,2025,0,5G,Android 15,https://www.gsmarena.com/realme_narzo_80x_5g-13771.php,2026-08-26T13:42:41
Realme Narzo 80x,Realme,8GB,128GB,Mediatek Dimensity 6400,6000.0,6.72,2025,0,5G,Android 15,https://www.gsmarena.com/realme_narzo_80x_5g-13771.php,2026-08-26T13:42:41
Realme 14,Realme,8GB,256GB,Qualcomm Snapdragon 6 Gen 4,6000.0,6.67,2025,0,5G,Android 15,https://www.gsmarena.com/realme_14-13729.php,2026-08-26T13:43:05
Realme 14,Realme,12GB,256GB,Qualcomm Snapdragon 6 Gen 4,6000.0,6.67,2025,0,5G,Android 15,https://www.gsmarena.com/realme_14-13729.php,2026-08-26T13:43:05
Realme 14,Realme,12GB,512GB,Qualcomm Snapdragon 6 Gen 4,6000.0,6.67,2025,0,5G,Android 15,https://www.gsmarena.com/realme_14-13729.php,2026-08-26T13:43:05
Realme C75x,Realme,6GB,128GB,Mediatek Helio G81 Ultra,5600.0,6.67,2025,0,4G,Android 15,https://www.gsmarena.com/realme_c75x-13750.php,2026-08-26T13:43:30
Realme C75x,Realme,8GB,128GB,Mediatek Helio G81 Ultra,5600.0,6.67,2025,0,4G,Android 15,https://www.gsmarena.com/realme_c75x-13750.php,2026-08-26T13:43:30
Realme C75x,Realme,8GB,256GB,Mediatek Helio G81 Ultra,5600.0,6.67,2025,0,4G,Android 15,https://www.gsmarena.com/realme_c75x-13750.php,2026-08-26T13:43:30
Realme P3 Ultra,Realme,8GB,128GB,Mediatek Dimensity 8350 Ultra,6000.0,6.83,2025,1,5G,Android 15,https://www.gsmarena.com/realme_p3_ultra-13734.php,2026-08-26T13:44:05
Realme P3 Ultra,Realme,8GB,256GB,Mediatek Dimensity 8350 Ultra,6000.0,6.83,2025,1,5G,Android 15,https://www.gsmarena.com/realme_p3_ultra-13734.php,2026-08-26T13:44:05
Realme P3 Ultra,Realme,12GB,256GB,Mediatek Dimensity 8350 Ultra,6000.0,6.83,2025,1,5G,Android 15,https://www.gsmarena.com/realme_p3_ultra-13734.php,2026-08-26T13:44:05
Realme P3 Ultra,Realme,12GB,512GB,Mediatek Dimensity 8350 Ultra,6000.0,6.83,2025,1,5G,Android 15,https://www.gsmarena.com/realme_p3_ultra-13734.php,2026-08-26T13:44:05
Realme P3,Realme,6GB,128GB,Qualcomm Snapdragon 6 Gen 4,6000.0,6.67,2025,0,5G,Android 15,https://www.gsmarena.com/realme_p3-13715.php,2026-08-26T13:44:38
Realme P3,Realme,8GB,128GB,Qualcomm Snapdragon 6 Gen 4,6000.0,6.67,2025,0,5G,Android 15,https://www.gsmarena.com/realme_p3-13715.php,2026-08-26T13:44:38
Realme P3,Realme,8GB,256GB,Qualcomm Snapdragon 6 Gen 4,6000.0,6.67,2025,0,5G,Android 15,https://www.gsmarena.com/realme_p3-13715.php,2026-08-26T13:44:38
Realme P3,Realme,12GB,512GB,Qualcomm Snapdragon 6 Gen 4,6000.0,6.67,2025,0,5G,Android 15,https://www.gsmarena.com/realme_p3-13715.php,2026-08-26T13:44:38
Realme 14 Pro Lite,Realme,8GB,128GB,Qualcomm SM7435-AB Snapdragon 7s Gen 2,5200.0,6.7,2025,0,5G,Android 14,https://www.gsmarena.com/realme_14_pro_lite-13706.php,2026-08-26T13:45:18
Realme 14 Pro Lite,Realme,8GB,256GB,Qualcomm SM7435-AB Snapdragon 7s Gen 2,5200.0,6.7,2025,0,5G,Android 14,https://www.gsmarena.com/realme_14_pro_lite-13706.php,2026-08-26T13:45:18
Realme Neo7 SE,Realme,8GB,256GB,Mediatek Dimensity 8400 Max,7000.0,6.78,2025,1,5G,Android 15,https://www.gsmarena.com/realme_neo7_se-13676.php,2026-08-26T13:45:44
Realme Neo7 SE,Realme,12GB,256GB,Mediatek Dimensity 8400 Max,7000.0,6.78,2025,1,5G,Android 15,https://www.gsmarena.com/realme_neo7_se-13676.php,2026-08-26T13:45:44
Realme Neo7 SE,Realme,12GB,512GB,Mediatek Dimensity 8400 Max,7000.0,6.78,2025,1,5G,Android 15,https://www.gsmarena.com/realme_neo7_se-13676.php,2026-08-26T13:45:44
Realme Neo7 SE,Realme,16GB,512GB,Mediatek Dimensity 8400 Max,7000.0,6.78,2025,1,5G,Android 15,https://www.gsmarena.com/realme_neo7_se-13676.php,2026-08-26T13:45:44
Realme Neo7x,Realme,8GB,128GB,Qualcomm Snapdragon 6 Gen 4,6000.0,6.67,2025,1,5G,Android 15,https://www.gsmarena.com/realme_neo7x-13677.php,2026-08-26T13:46:25
Realme Neo7x,Realme,8GB,256GB,Qualcomm Snapdragon 6 Gen 4,6000.0,6.67,2025,1,5G,Android 15,https://www.gsmarena.com/realme_neo7x-13677.php,2026-08-26T13:46:25
Realme Neo7x,Realme,12GB,512GB,Qualcomm Snapdragon 6 Gen 4,6000.0,6.67,2025,1,5G,Android 15,https://www.gsmarena.com/realme_neo7x-13677.php,2026-08-26T13:46:25
Realme P3 Pro,Realme,8GB,128GB,Qualcomm SM7635 Snapdragon 7s Gen 3,6000.0,6.83,2025,0,5G,Android 15,https://www.gsmarena.com/realme_p3_pro-13667.php,2026-08-26T13:46:49
Realme P3 Pro,Realme,8GB,256GB,Qualcomm SM7635 Snapdragon 7s Gen 3,6000.0,6.83,2025,0,5G,Android 15,https://www.gsmarena.com/realme_p3_pro-13667.php,2026-08-26T13:46:49
Realme P3 Pro,Realme,12GB,256GB,Qualcomm SM7635 Snapdragon 7s Gen 3,6000.0,6.83,2025,0,5G,Android 15,https://www.gsmarena.com/realme_p3_pro-13667.php,2026-08-26T13:46:49
Realme P3x,Realme,6GB,128GB,Mediatek Dimensity 6400,6000.0,6.72,2025,0,5G,Android 15,https://www.gsmarena.com/realme_p3x-13665.php,2026-08-26T13:47:14
Realme P3x,Realme,8GB,128GB,Mediatek Dimensity 6400,6000.0,6.72,2025,0,5G,Android 15,https://www.gsmarena.com/realme_p3x-13665.php,2026-08-26T13:47:14
Realme GT7 Pro Racing,Realme,12GB,256GB,Qualcomm SM8750-AB Snapdragon 8 Elite,6500.0,6.78,2025,1,5G,Android 15,https://www.gsmarena.com/realme_gt7_pro_racing-13664.php,2026-08-26T13:47:49
Realme GT7 Pro Racing,Realme,16GB,256GB,Qualcomm SM8750-AB Snapdragon 8 Elite,6500.0,6.78,2025,1,5G,Android 15,https://www.gsmarena.com/realme_gt7_pro_racing-13664.php,2026-08-26T13:47:49
Realme GT7 Pro Racing,Realme,12GB,512GB,Qualcomm SM8750-AB Snapdragon 8 Elite,6500.0,6.78,2025,1,5G,Android 15,https://www.gsmarena.com/realme_gt7_pro_racing-13664.php,2026-08-26T13:47:49
Realme GT7 Pro Racing,Realme,16GB,512GB,Qualcomm SM8750-AB Snapdragon 8 Elite,6500.0,6.78,2025,1,5G,Android 15,https://www.gsmarena.com/realme_gt7_pro_racing-13664.php,2026-08-26T13:47:49
Realme 14x,Realme,6GB,128GB,Mediatek Dimensity 6300,5000.0,6.67,2025,1,5G,Android 15,https://www.gsmarena.com/realme_14x-13646.php,2026-08-26T13:48:14
Realme 14x,Realme,6GB,256GB,Mediatek Dimensity 6300,5000.0,6.67,2025,1,5G,Android 15,https://www.gsmarena.com/realme_14x-13646.php,2026-08-26T13:48:14
Realme 14x,Realme,8GB,256GB,Mediatek Dimensity 6300,5000.0,6.67,2025,1,5G,Android 15,https://www.gsmarena.com/realme_14x-13646.php,2026-08-26T13:48:14
Realme 14 Pro,Realme,8GB,128GB,Mediatek Dimensity 7300 Energy,6000.0,6.77,2025,1,5G,Android 15,https://www.gsmarena.com/realme_14_pro-13586.php,2026-08-26T13:48:36
Realme 14 Pro,Realme,8GB,256GB,Mediatek Dimensity 7300 Energy,6000.0,6.77,2025,1,5G,Android 15,https://www.gsmarena.com/realme_14_pro-13586.php,2026-08-26T13:48:36
Realme 14 Pro,Realme,12GB,256GB,Mediatek Dimensity 7300 Energy,6000.0,6.77,2025,1,5G,Android 15,https://www.gsmarena.com/realme_14_pro-13586.php,2026-08-26T13:48:36
Realme 14 Pro,Realme,12GB,512GB,Mediatek Dimensity 7300 Energy,6000.0,6.77,2025,1,5G,Android 15,https://www.gsmarena.com/realme_14_pro-13586.php,2026-08-26T13:48:36
Realme 14 Pro+,Realme,8GB,128GB,Qualcomm SM7635 Snapdragon 7s Gen 3,6000.0,6.83,2025,1,5G,Android 15,https://www.gsmarena.com/realme_14_pro+-13585.php,2026-08-26T13:49:06
Realme 14 Pro+,Realme,8GB,256GB,Qualcomm SM7635 Snapdragon 7s Gen 3,6000.0,6.83,2025,1,5G,Android 15,https://www.gsmarena.com/realme_14_pro+-13585.php,2026-08-26T13:49:06
Realme 14 Pro+,Realme,12GB,256GB,Qualcomm SM7635 Snapdragon 7s Gen 3,6000.0,6.83,2025,1,5G,Android 15,https://www.gsmarena.com/realme_14_pro+-13585.php,2026-08-26T13:49:06
Realme 14 Pro+,Realme,12GB,512GB,Qualcomm SM7635 Snapdragon 7s Gen 3,6000.0,6.83,2025,1,5G,Android 15,https://www.gsmarena.com/realme_14_pro+-13585.php,2026-08-26T13:49:06
Realme 14x (India),Realme,6GB,128GB,Mediatek Dimensity 6300,6000.0,6.67,2024,0,5G,Android 14,https://www.gsmarena.com/realme_14x_(india)-13555.php,2026-08-26T13:49:27
Realme 14x (India),Realme,8GB,128GB,Mediatek Dimensity 6300,6000.0,6.67,2024,0,5G,Android 14,https://www.gsmarena.com/realme_14x_(india)-13555.php,2026-08-26T13:49:27
Realme Neo7,Realme,12GB,256GB,Mediatek Dimensity 9300+,7000.0,6.78,2024,1,5G,Android 15,https://www.gsmarena.com/realme_neo7-13540.php,2026-08-26T13:50:08
Realme Neo7,Realme,16GB,256GB,Mediatek Dimensity 9300+,7000.0,6.78,2024,1,5G,Android 15,https://www.gsmarena.com/realme_neo7-13540.php,2026-08-26T13:50:08
Realme Neo7,Realme,12GB,512GB,Mediatek Dimensity 9300+,7000.0,6.78,2024,1,5G,Android 15,https://www.gsmarena.com/realme_neo7-13540.php,2026-08-26T13:50:08
Realme Neo7,Realme,16GB,512GB,Mediatek Dimensity 9300+,7000.0,6.78,2024,1,5G,Android 15,https://www.gsmarena.com/realme_neo7-13540.php,2026-08-26T13:50:08
Realme Neo7,Realme,16GB,1TB,Mediatek Dimensity 9300+,7000.0,6.78,2024,1,5G,Android 15,https://www.gsmarena.com/realme_neo7-13540.php,2026-08-26T13:50:08
Realme Note 60x,Realme,3GB,64GB,Unisoc Tiger T612,5000.0,6.74,2024,0,4G,Android 14,https://www.gsmarena.com/realme_note_60x-13558.php,2026-08-26T13:50:41
Realme Note 60x,Realme,4GB,64GB,Unisoc Tiger T612,5000.0,6.74,2024,0,4G,Android 14,https://www.gsmarena.com/realme_note_60x-13558.php,2026-08-26T13:50:41
Realme Note 60x,Realme,4GB,128GB,Unisoc Tiger T612,5000.0,6.74,2024,0,4G,Android 14,https://www.gsmarena.com/realme_note_60x-13558.php,2026-08-26T13:50:41
Realme V60 pro,Realme,12GB,256GB,Mediatek Dimensity 6300,5600.0,6.67,2024,0,5G,Android 14,https://www.gsmarena.com/realme_v60_pro-13529.php,2026-08-26T13:51:20
Realme V60 pro,Realme,12GB,512GB,Mediatek Dimensity 6300,5600.0,6.67,2024,0,5G,Android 14,https://www.gsmarena.com/realme_v60_pro-13529.php,2026-08-26T13:51:20
Realme C75 4G,Realme,6GB,128GB,Mediatek Helio G92 Max,6000.0,6.72,2024,0,4G,Android 14,https://www.gsmarena.com/realme_c75-13522.php,2026-08-26T13:51:55
Realme C75 4G,Realme,8GB,128GB,Mediatek Helio G92 Max,6000.0,6.72,2024,0,4G,Android 14,https://www.gsmarena.com/realme_c75-13522.php,2026-08-26T13:51:55
Realme C75 4G,Realme,8GB,256GB,Mediatek Helio G92 Max,6000.0,6.72,2024,0,4G,Android 14,https://www.gsmarena.com/realme_c75-13522.php,2026-08-26T13:51:55
Realme C75 4G,Realme,8GB,512GB,Mediatek Helio G92 Max,6000.0,6.72,2024,0,4G,Android 14,https://www.gsmarena.com/realme_c75-13522.php,2026-08-26T13:51:55
Realme GT 7 Pro,Realme,12GB,256GB,Qualcomm SM8750-AB Snapdragon 8 Elite,6500.0,6.78,2024,1,5G,Android 15,https://www.gsmarena.com/realme_gt_7_pro-13470.php,2026-08-26T13:52:28
Realme GT 7 Pro,Realme,16GB,256GB,Qualcomm SM8750-AB Snapdragon 8 Elite,6500.0,6.78,2024,1,5G,Android 15,https://www.gsmarena.com/realme_gt_7_pro-13470.php,2026-08-26T13:52:28
Realme GT 7 Pro,Realme,12GB,512GB,Qualcomm SM8750-AB Snapdragon 8 Elite,6500.0,6.78,2024,1,5G,Android 15,https://www.gsmarena.com/realme_gt_7_pro-13470.php,2026-08-26T13:52:28
Realme GT 7 Pro,Realme,16GB,512GB,Qualcomm SM8750-AB Snapdragon 8 Elite,6500.0,6.78,2024,1,5G,Android 15,https://www.gsmarena.com/realme_gt_7_pro-13470.php,2026-08-26T13:52:28
Realme GT 7 Pro,Realme,16GB,1TB,Qualcomm SM8750-AB Snapdragon 8 Elite,6500.0,6.78,2024,1,5G,Android 15,https://www.gsmarena.com/realme_gt_7_pro-13470.php,2026-08-26T13:52:28
Realme P1 Speed,Realme,8GB,128GB,Mediatek Dimensity 7300 Energy,5000.0,6.67,2024,0,5G,Android 14,https://www.gsmarena.com/realme_p1_speed-13414.php,2026-08-26T13:53:04
Realme P1 Speed,Realme,8GB,256GB,Mediatek Dimensity 7300 Energy,5000.0,6.67,2024,0,5G,Android 14,https://www.gsmarena.com/realme_p1_speed-13414.php,2026-08-26T13:53:04
Realme P1 Speed,Realme,12GB,256GB,Mediatek Dimensity 7300 Energy,5000.0,6.67,2024,0,5G,Android 14,https://www.gsmarena.com/realme_p1_speed-13414.php,2026-08-26T13:53:04
Realme P2 Pro,Realme,8GB,128GB,Qualcomm SM7435-AB Snapdragon 7s Gen 2,5200.0,6.7,2024,0,5G,Android 14,https://www.gsmarena.com/realme_p2_pro-13332.php,2026-08-26T13:53:38
Realme P2 Pro,Realme,12GB,256GB,Qualcomm SM7435-AB Snapdragon 7s Gen 2,5200.0,6.7,2024,0,5G,Android 14,https://www.gsmarena.com/realme_p2_pro-13332.php,2026-08-26T13:53:38
Realme P2 Pro,Realme,12GB,512GB,Qualcomm SM7435-AB Snapdragon 7s Gen 2,5200.0,6.7,2024,0,5G,Android 14,https://www.gsmarena.com/realme_p2_pro-13332.php,2026-08-26T13:53:38
Realme Narzo 70 Turbo,Realme,6GB,128GB,Mediatek Dimensity 7300 Energy,5000.0,6.67,2024,0,5G,Android 14,https://www.gsmarena.com/realme_narzo_70_turbo-13294.php,2026-08-26T13:54:03
Realme Narzo 70 Turbo,Realme,8GB,128GB,Mediatek Dimensity 7300 Energy,5000.0,6.67,2024,0,5G,Android 14,https://www.gsmarena.com/realme_narzo_70_turbo-13294.php,2026-08-26T13:54:03
Realme Narzo 70 Turbo,Realme,12GB,256GB,Mediatek Dimensity 7300 Energy,5000.0,6.67,2024,0,5G,Android 14,https://www.gsmarena.com/realme_narzo_70_turbo-13294.php,2026-08-26T13:54:03
Realme Note 60,Realme,3GB,64GB,Unisoc Tiger T612,5000.0,6.74,2024,0,4G,Android 14,https://www.gsmarena.com/realme_note_60-13283.php,2026-08-26T13:54:39
Realme Note 60,Realme,4GB,64GB,Unisoc Tiger T612,5000.0,6.74,2024,0,4G,Android 14,https://www.gsmarena.com/realme_note_60-13283.php,2026-08-26T13:54:39
Realme Note 60,Realme,4GB,128GB,Unisoc Tiger T612,5000.0,6.74,2024,0,4G,Android 14,https://www.gsmarena.com/realme_note_60-13283.php,2026-08-26T13:54:39
Realme Note 60,Realme,6GB,128GB,Unisoc Tiger T612,5000.0,6.74,2024,0,4G,Android 14,https://www.gsmarena.com/realme_note_60-13283.php,2026-08-26T13:54:39
Realme Note 60,Realme,8GB,128GB,Unisoc Tiger T612,5000.0,6.74,2024,0,4G,Android 14,https://www.gsmarena.com/realme_note_60-13283.php,2026-08-26T13:54:39
Realme Note 60,Realme,4GB,256GB,Unisoc Tiger T612,5000.0,6.74,2024,0,4G,Android 14,https://www.gsmarena.com/realme_note_60-13283.php,2026-08-26T13:54:39
Realme Note 60,Realme,8GB,256GB,Unisoc Tiger T612,5000.0,6.74,2024,0,4G,Android 14,https://www.gsmarena.com/realme_note_60-13283.php,2026-08-26T13:54:39
Realme 13+,Realme,8GB,128GB,Mediatek Dimensity 7300 Energy,5000.0,6.67,2024,1,5G,Android 14,https://www.gsmarena.com/realme_13+-13255.php,2026-08-26T13:55:13
Realme 13+,Realme,8GB,256GB,Mediatek Dimensity 7300 Energy,5000.0,6.67,2024,1,5G,Android 14,https://www.gsmarena.com/realme_13+-13255.php,2026-08-26T13:55:13
Realme 13+,Realme,12GB,256GB,Mediatek Dimensity 7300 Energy,5000.0,6.67,2024,1,5G,Android 14,https://www.gsmarena.com/realme_13+-13255.php,2026-08-26T13:55:13
Realme 13+,Realme,12GB,512GB,Mediatek Dimensity 7300 Energy,5000.0,6.67,2024,1,5G,Android 14,https://www.gsmarena.com/realme_13+-13255.php,2026-08-26T13:55:13
Realme 13,Realme,8GB,128GB,Mediatek Dimensity 6300,5000.0,6.72,2024,0,5G,Android 14,https://www.gsmarena.com/realme_13-13289.php,2026-08-26T13:55:47
Realme 13,Realme,8GB,256GB,Mediatek Dimensity 6300,5000.0,6.72,2024,0,5G,Android 14,https://www.gsmarena.com/realme_13-13289.php,2026-08-26T13:55:47
Realme 13,Realme,12GB,256GB,Mediatek Dimensity 6300,5000.0,6.72,2024,0,5G,Android 14,https://www.gsmarena.com/realme_13-13289.php,2026-08-26T13:55:47
Realme C63 5G,Realme,4GB,128GB,Mediatek Dimensity 6300,5000.0,6.67,2024,0,5G,Android 14,https://www.gsmarena.com/realme_c63_5g-13260.php,2026-08-26T13:56:21
Realme C63 5G,Realme,6GB,128GB,Mediatek Dimensity 6300,5000.0,6.67,2024,0,5G,Android 14,https://www.gsmarena.com/realme_c63_5g-13260.php,2026-08-26T13:56:21
Realme C63 5G,Realme,8GB,128GB,Mediatek Dimensity 6300,5000.0,6.67,2024,0,5G,Android 14,https://www.gsmarena.com/realme_c63_5g-13260.php,2026-08-26T13:56:21
Realme 13 4G,Realme,8GB,128GB,Qualcomm SM6225 Snapdragon 685,5000.0,6.67,2024,1,4G,Android 14,https://www.gsmarena.com/realme_13_4g-13252.php,2026-08-26T13:57:00
Realme 13 4G,Realme,8GB,256GB,Qualcomm SM6225 Snapdragon 685,5000.0,6.67,2024,1,4G,Android 14,https://www.gsmarena.com/realme_13_4g-13252.php,2026-08-26T13:57:00
Realme 13 Pro+,Realme,8GB,256GB,Qualcomm SM7435-AB Snapdragon 7s Gen 2,5200.0,6.7,2024,1,5G,Android 14,https://www.gsmarena.com/realme_13_pro+-13196.php,2026-08-26T13:57:26
Realme 13 Pro+,Realme,12GB,256GB,Qualcomm SM7435-AB Snapdragon 7s Gen 2,5200.0,6.7,2024,1,5G,Android 14,https://www.gsmarena.com/realme_13_pro+-13196.php,2026-08-26T13:57:26
Realme 13 Pro+,Realme,12GB,512GB,Qualcomm SM7435-AB Snapdragon 7s Gen 2,5200.0,6.7,2024,1,5G,Android 14,https://www.gsmarena.com/realme_13_pro+-13196.php,2026-08-26T13:57:26
Realme 13 Pro,Realme,8GB,128GB,Qualcomm SM7435-AB Snapdragon 7s Gen 2,5200.0,6.7,2024,1,5G,Android 14,https://www.gsmarena.com/realme_13_pro-13240.php,2026-08-26T13:58:06
Realme 13 Pro,Realme,8GB,256GB,Qualcomm SM7435-AB Snapdragon 7s Gen 2,5200.0,6.7,2024,1,5G,Android 14,https://www.gsmarena.com/realme_13_pro-13240.php,2026-08-26T13:58:06
Realme 13 Pro,Realme,12GB,256GB,Qualcomm SM7435-AB Snapdragon 7s Gen 2,5200.0,6.7,2024,1,5G,Android 14,https://www.gsmarena.com/realme_13_pro-13240.php,2026-08-26T13:58:06
Realme 13 Pro,Realme,12GB,512GB,Qualcomm SM7435-AB Snapdragon 7s Gen 2,5200.0,6.7,2024,1,5G,Android 14,https://www.gsmarena.com/realme_13_pro-13240.php,2026-08-26T13:58:06
Realme Narzo N61,Realme,4GB,64GB,Unisoc Tiger T612,5000.0,6.74,2024,0,4G,Android 14,https://www.gsmarena.com/realme_narzo_n61-13232.php,2026-08-26T13:58:45
Realme Narzo N61,Realme,6GB,128GB,Unisoc Tiger T612,5000.0,6.74,2024,0,4G,Android 14,https://www.gsmarena.com/realme_narzo_n61-13232.php,2026-08-26T13:58:45
Realme C61,Realme,4GB,64GB,Unisoc Tiger T612,5000.0,6.74,2024,0,4G,Android 14,https://www.gsmarena.com/realme_c61-13236.php,2026-08-26T13:59:09
Realme C61,Realme,4GB,128GB,Unisoc Tiger T612,5000.0,6.74,2024,0,4G,Android 14,https://www.gsmarena.com/realme_c61-13236.php,2026-08-26T13:59:09
Realme C61,Realme,6GB,128GB,Unisoc Tiger T612,5000.0,6.74,2024,0,4G,Android 14,https://www.gsmarena.com/realme_c61-13236.php,2026-08-26T13:59:09
Realme C61,Realme,8GB,128GB,Unisoc Tiger T612,5000.0,6.74,2024,0,4G,Android 14,https://www.gsmarena.com/realme_c61-13236.php,2026-08-26T13:59:09
Realme C61,Realme,6GB,256GB,Unisoc Tiger T612,5000.0,6.74,2024,0,4G,Android 14,https://www.gsmarena.com/realme_c61-13236.php,2026-08-26T13:59:09
Realme C61,Realme,8GB,256GB,Unisoc Tiger T612,5000.0,6.74,2024,0,4G,Android 14,https://www.gsmarena.com/realme_c61-13236.php,2026-08-26T13:59:09
Realme GT6 (China),Realme,12GB,256GB,Qualcomm SM8650-AB Snapdragon 8 Gen 3,5800.0,6.78,2024,1,5G,Android 14,https://www.gsmarena.com/realme_gt6_(china)-13104.php,2026-08-26T13:59:33
Realme GT6 (China),Realme,16GB,256GB,Qualcomm SM8650-AB Snapdragon 8 Gen 3,5800.0,6.78,2024,1,5G,Android 14,https://www.gsmarena.com/realme_gt6_(china)-13104.php,2026-08-26T13:59:33
Realme GT6 (China),Realme,16GB,512GB,Qualcomm SM8650-AB Snapdragon 8 Gen 3,5800.0,6.78,2024,1,5G,Android 14,https://www.gsmarena.com/realme_gt6_(china)-13104.php,2026-08-26T13:59:33
Realme GT6 (China),Realme,16GB,1TB,Qualcomm SM8650-AB Snapdragon 8 Gen 3,5800.0,6.78,2024,1,5G,Android 14,https://www.gsmarena.com/realme_gt6_(china)-13104.php,2026-08-26T13:59:33
Realme C61 (India),Realme,4GB,64GB,Unisoc Tiger T612,5000.0,6.78,2024,0,4G,Android 14,https://www.gsmarena.com/realme_c61_(india)-13162.php,2026-08-26T14:00:05
Realme C61 (India),Realme,4GB,128GB,Unisoc Tiger T612,5000.0,6.78,2024,0,4G,Android 14,https://www.gsmarena.com/realme_c61_(india)-13162.php,2026-08-26T14:00:05
Realme C61 (India),Realme,6GB,128GB,Unisoc Tiger T612,5000.0,6.78,2024,0,4G,Android 14,https://www.gsmarena.com/realme_c61_(india)-13162.php,2026-08-26T14:00:05
Realme 12 4G,Realme,8GB,128GB,Qualcomm SM6225 Snapdragon 685,5000.0,6.67,2024,1,4G,Android 14,https://www.gsmarena.com/realme_12_4g-13172.php,2026-08-26T14:00:40
Realme 12 4G,Realme,8GB,256GB,Qualcomm SM6225 Snapdragon 685,5000.0,6.67,2024,1,4G,Android 14,https://www.gsmarena.com/realme_12_4g-13172.php,2026-08-26T14:00:40
Realme 12 4G,Realme,8GB,512GB,Qualcomm SM6225 Snapdragon 685,5000.0,6.67,2024,1,4G,Android 14,https://www.gsmarena.com/realme_12_4g-13172.php,2026-08-26T14:00:40
Realme V60,Realme,6GB,128GB,Mediatek Dimensity 6300,5000.0,6.67,2024,0,5G,Android 14,https://www.gsmarena.com/realme_v60-13165.php,2026-08-26T14:01:12
Realme V60,Realme,8GB,256GB,Mediatek Dimensity 6300,5000.0,6.67,2024,0,5G,Android 14,https://www.gsmarena.com/realme_v60-13165.php,2026-08-26T14:01:12
Realme GT 6,Realme,8GB,256GB,Qualcomm SM8635 Snapdragon 8s Gen 3,5500.0,6.78,2024,1,5G,Android 14,https://www.gsmarena.com/realme_gt_6-13103.php,2026-08-26T14:01:52
Realme GT 6,Realme,12GB,256GB,Qualcomm SM8635 Snapdragon 8s Gen 3,5500.0,6.78,2024,1,5G,Android 14,https://www.gsmarena.com/realme_gt_6-13103.php,2026-08-26T14:01:52
Realme GT 6,Realme,16GB,512GB,Qualcomm SM8635 Snapdragon 8s Gen 3,5500.0,6.78,2024,1,5G,Android 14,https://www.gsmarena.com/realme_gt_6-13103.php,2026-08-26T14:01:52
Realme Narzo N63,Realme,4GB,64GB,Unisoc Tiger T612,5000.0,6.75,2024,0,4G,Android 14,https://www.gsmarena.com/realme_narzo_n63-13120.php,2026-08-26T14:02:27
Realme Narzo N63,Realme,4GB,128GB,Unisoc Tiger T612,5000.0,6.75,2024,0,4G,Android 14,https://www.gsmarena.com/realme_narzo_n63-13120.php,2026-08-26T14:02:27
Realme C63,Realme,4GB,64GB,Unisoc Tiger T612,5000.0,6.75,2024,1,4G,Android 14,https://www.gsmarena.com/realme_c63-13090.php,2026-08-26T14:03:07
Realme C63,Realme,4GB,128GB,Unisoc Tiger T612,5000.0,6.75,2024,1,4G,Android 14,https://www.gsmarena.com/realme_c63-13090.php,2026-08-26T14:03:07
Realme C63,Realme,6GB,128GB,Unisoc Tiger T612,5000.0,6.75,2024,1,4G,Android 14,https://www.gsmarena.com/realme_c63-13090.php,2026-08-26T14:03:07
Realme C63,Realme,8GB,128GB,Unisoc Tiger T612,5000.0,6.75,2024,1,4G,Android 14,https://www.gsmarena.com/realme_c63-13090.php,2026-08-26T14:03:07
Realme C63,Realme,8GB,256GB,Unisoc Tiger T612,5000.0,6.75,2024,1,4G,Android 14,https://www.gsmarena.com/realme_c63-13090.php,2026-08-26T14:03:07
Realme Narzo N65,Realme,4GB,128GB,Mediatek Dimensity 6300,5000.0,6.67,2024,0,5G,Android 14,https://www.gsmarena.com/realme_narzo_n65-13047.php,2026-08-26T14:03:40
Realme Narzo N65,Realme,6GB,128GB,Mediatek Dimensity 6300,5000.0,6.67,2024,0,5G,Android 14,https://www.gsmarena.com/realme_narzo_n65-13047.php,2026-08-26T14:03:40
Realme Narzo N65,Realme,8GB,128GB,Mediatek Dimensity 6300,5000.0,6.67,2024,0,5G,Android 14,https://www.gsmarena.com/realme_narzo_n65-13047.php,2026-08-26T14:03:40
Realme GT 6T,Realme,8GB,128GB,Qualcomm SM7675 Snapdragon 7+ Gen 3,5500.0,6.78,2024,1,5G,Android 14,https://www.gsmarena.com/realme_gt_6t-13010.php,2026-08-26T14:04:17
Realme GT 6T,Realme,8GB,256GB,Qualcomm SM7675 Snapdragon 7+ Gen 3,5500.0,6.78,2024,1,5G,Android 14,https://www.gsmarena.com/realme_gt_6t-13010.php,2026-08-26T14:04:17
Realme GT 6T,Realme,12GB,256GB,Qualcomm SM7675 Snapdragon 7+ Gen 3,5500.0,6.78,2024,1,5G,Android 14,https://www.gsmarena.com/realme_gt_6t-13010.php,2026-08-26T14:04:17
Realme GT 6T,Realme,12GB,512GB,Qualcomm SM7675 Snapdragon 7+ Gen 3,5500.0,6.78,2024,1,5G,Android 14,https://www.gsmarena.com/realme_gt_6t-13010.php,2026-08-26T14:04:17
Realme GT Neo6,Realme,12GB,256GB,Qualcomm SM8635 Snapdragon 8s Gen 3,5500.0,6.78,2024,1,5G,Android 14,https://www.gsmarena.com/realme_gt_neo6-12991.php,2026-08-26T14:04:51
Realme GT Neo6,Realme,16GB,256GB,Qualcomm SM8635 Snapdragon 8s Gen 3,5500.0,6.78,2024,1,5G,Android 14,https://www.gsmarena.com/realme_gt_neo6-12991.php,2026-08-26T14:04:51
Realme GT Neo6,Realme,16GB,512GB,Qualcomm SM8635 Snapdragon 8s Gen 3,5500.0,6.78,2024,1,5G,Android 14,https://www.gsmarena.com/realme_gt_neo6-12991.php,2026-08-26T14:04:51
Realme GT Neo6,Realme,16GB,1TB,Qualcomm SM8635 Snapdragon 8s Gen 3,5500.0,6.78,2024,1,5G,Android 14,https://www.gsmarena.com/realme_gt_neo6-12991.php,2026-08-26T14:04:51
Realme C65 5G,Realme,4GB,64GB,Mediatek Dimensity 6300,5000.0,6.67,2024,0,5G,Android 14,https://www.gsmarena.com/realme_c65_5g-12963.php,2026-08-26T14:05:19
Realme C65 5G,Realme,4GB,128GB,Mediatek Dimensity 6300,5000.0,6.67,2024,0,5G,Android 14,https://www.gsmarena.com/realme_c65_5g-12963.php,2026-08-26T14:05:19
Realme C65 5G,Realme,6GB,128GB,Mediatek Dimensity 6300,5000.0,6.67,2024,0,5G,Android 14,https://www.gsmarena.com/realme_c65_5g-12963.php,2026-08-26T14:05:19
Realme C65 5G,Realme,8GB,128GB,Mediatek Dimensity 6300,5000.0,6.67,2024,0,5G,Android 14,https://www.gsmarena.com/realme_c65_5g-12963.php,2026-08-26T14:05:19
Realme Narzo 70,Realme,6GB,128GB,Mediatek Dimensity 7050,5000.0,6.67,2024,0,5G,Android 14,https://www.gsmarena.com/realme_narzo_70-12955.php,2026-08-26T14:05:49
Realme Narzo 70,Realme,8GB,128GB,Mediatek Dimensity 7050,5000.0,6.67,2024,0,5G,Android 14,https://www.gsmarena.com/realme_narzo_70-12955.php,2026-08-26T14:05:49
Realme Narzo 70x,Realme,4GB,128GB,Mediatek Dimensity 6100+,5000.0,6.72,2024,0,5G,Android 14,https://www.gsmarena.com/realme_narzo_70x-12954.php,2026-08-26T14:06:14
Realme Narzo 70x,Realme,6GB,128GB,Mediatek Dimensity 6100+,5000.0,6.72,2024,0,5G,Android 14,https://www.gsmarena.com/realme_narzo_70x-12954.php,2026-08-26T14:06:14
Realme Narzo 70x,Realme,8GB,128GB,Mediatek Dimensity 6100+,5000.0,6.72,2024,0,5G,Android 14,https://www.gsmarena.com/realme_narzo_70x-12954.php,2026-08-26T14:06:14
Realme 12 Lite,Realme,6GB,128GB,Qualcomm SM6225 Snapdragon 685,5000.0,6.72,2024,1,4G,Android 14,https://www.gsmarena.com/realme_12_lite-12947.php,2026-08-26T14:06:41
Realme 12 Lite,Realme,8GB,256GB,Qualcomm SM6225 Snapdragon 685,5000.0,6.72,2024,1,4G,Android 14,https://www.gsmarena.com/realme_12_lite-12947.php,2026-08-26T14:06:41
Realme P1 Pro,Realme,8GB,128GB,Qualcomm SM6450 Snapdragon 6 Gen 1,5000.0,6.7,2024,0,5G,Android 14,https://www.gsmarena.com/realme_p1_pro-12935.php,2026-08-26T14:07:11
Realme P1 Pro,Realme,8GB,256GB,Qualcomm SM6450 Snapdragon 6 Gen 1,5000.0,6.7,2024,0,5G,Android 14,https://www.gsmarena.com/realme_p1_pro-12935.php,2026-08-26T14:07:11
Realme P1 Pro,Realme,12GB,256GB,Qualcomm SM6450 Snapdragon 6 Gen 1,5000.0,6.7,2024,0,5G,Android 14,https://www.gsmarena.com/realme_p1_pro-12935.php,2026-08-26T14:07:11
Realme P1,Realme,6GB,128GB,Mediatek Dimensity 7050,5000.0,6.67,2024,0,5G,Android 14,https://www.gsmarena.com/realme_p1-12936.php,2026-08-26T14:07:48
Realme P1,Realme,8GB,128GB,Mediatek Dimensity 7050,5000.0,6.67,2024,0,5G,Android 14,https://www.gsmarena.com/realme_p1-12936.php,2026-08-26T14:07:48
Realme P1,Realme,8GB,256GB,Mediatek Dimensity 7050,5000.0,6.67,2024,0,5G,Android 14,https://www.gsmarena.com/realme_p1-12936.php,2026-08-26T14:07:48
Realme GT Neo6 SE,Realme,8GB,256GB,Qualcomm SM7675 Snapdragon 7+ Gen 3,5500.0,6.78,2024,1,5G,Android 14,https://www.gsmarena.com/realme_gt_neo6_se-12898.php,2026-08-26T15:24:22
Realme GT Neo6 SE,Realme,12GB,256GB,Qualcomm SM7675 Snapdragon 7+ Gen 3,5500.0,6.78,2024,1,5G,Android 14,https://www.gsmarena.com/realme_gt_neo6_se-12898.php,2026-08-26T15:24:22
Realme GT Neo6 SE,Realme,16GB,256GB,Qualcomm SM7675 Snapdragon 7+ Gen 3,5500.0,6.78,2024,1,5G,Android 14,https://www.gsmarena.com/realme_gt_neo6_se-12898.php,2026-08-26T15:24:22
Realme GT Neo6 SE,Realme,16GB,512GB,Qualcomm SM7675 Snapdragon 7+ Gen 3,5500.0,6.78,2024,1,5G,Android 14,https://www.gsmarena.com/realme_gt_neo6_se-12898.php,2026-08-26T15:24:22
Realme 12x (India),Realme,4GB,128GB,Mediatek Dimensity 6100+,5000.0,6.72,2024,0,5G,Android 14,https://www.gsmarena.com/realme_12x_(india)-12914.php,2026-08-26T15:24:47
Realme 12x (India),Realme,6GB,128GB,Mediatek Dimensity 6100+,5000.0,6.72,2024,0,5G,Android 14,https://www.gsmarena.com/realme_12x_(india)-12914.php,2026-08-26T15:24:47
Realme 12x (India),Realme,8GB,128GB,Mediatek Dimensity 6100+,5000.0,6.72,2024,0,5G,Android 14,https://www.gsmarena.com/realme_12x_(india)-12914.php,2026-08-26T15:24:47
Realme C65,Realme,6GB,128GB,Mediatek Helio G85,5000.0,6.67,2024,1,4G,Android 14,https://www.gsmarena.com/realme_c65-12908.php,2026-08-26T15:25:13
Realme C65,Realme,8GB,128GB,Mediatek Helio G85,5000.0,6.67,2024,1,4G,Android 14,https://www.gsmarena.com/realme_c65-12908.php,2026-08-26T15:25:13
Realme C65,Realme,8GB,256GB,Mediatek Helio G85,5000.0,6.67,2024,1,4G,Android 14,https://www.gsmarena.com/realme_c65-12908.php,2026-08-26T15:25:13
Realme 12x,Realme,4GB,128GB,Mediatek Dimensity 6100+,5000.0,6.67,2024,1,5G,Android 14,https://www.gsmarena.com/realme_12x-12890.php,2026-08-26T15:25:54
Realme 12x,Realme,6GB,128GB,Mediatek Dimensity 6100+,5000.0,6.67,2024,1,5G,Android 14,https://www.gsmarena.com/realme_12x-12890.php,2026-08-26T15:25:54
Realme 12x,Realme,8GB,256GB,Mediatek Dimensity 6100+,5000.0,6.67,2024,1,5G,Android 14,https://www.gsmarena.com/realme_12x-12890.php,2026-08-26T15:25:54
Realme 12x,Realme,12GB,256GB,Mediatek Dimensity 6100+,5000.0,6.67,2024,1,5G,Android 14,https://www.gsmarena.com/realme_12x-12890.php,2026-08-26T15:25:54
Realme 12x,Realme,12GB,512GB,Mediatek Dimensity 6100+,5000.0,6.67,2024,1,5G,Android 14,https://www.gsmarena.com/realme_12x-12890.php,2026-08-26T15:25:54
Realme Narzo 70 Pro,Realme,8GB,128GB,Mediatek Dimensity 7050,5000.0,6.67,2024,0,5G,Android 14,https://www.gsmarena.com/realme_narzo_70_pro-12878.php,2026-08-26T15:26:18
Realme Narzo 70 Pro,Realme,8GB,256GB,Mediatek Dimensity 7050,5000.0,6.67,2024,0,5G,Android 14,https://www.gsmarena.com/realme_narzo_70_pro-12878.php,2026-08-26T15:26:18
Realme C51s,Realme,6GB,128GB,Unisoc Tiger T612,5000.0,6.74,2024,1,4G,Android 13,https://www.gsmarena.com/realme_c51s-13130.php,2026-08-26T15:26:51
Realme 12,Realme,6GB,128GB,Mediatek Dimensity 6100+,5000.0,6.72,2024,0,5G,Android 14,https://www.gsmarena.com/realme_12-12861.php,2026-08-26T15:27:14
Realme 12,Realme,8GB,128GB,Mediatek Dimensity 6100+,5000.0,6.72,2024,0,5G,Android 14,https://www.gsmarena.com/realme_12-12861.php,2026-08-26T15:27:14
Realme 12,Realme,8GB,256GB,Mediatek Dimensity 6100+,5000.0,6.72,2024,0,5G,Android 14,https://www.gsmarena.com/realme_12-12861.php,2026-08-26T15:27:14
Realme 12,Realme,8GB,512GB,Mediatek Dimensity 6100+,5000.0,6.72,2024,0,5G,Android 14,https://www.gsmarena.com/realme_12-12861.php,2026-08-26T15:27:14
Realme 12+,Realme,8GB,128GB,Mediatek Dimensity 7050,5000.0,6.67,2024,1,5G,Android 14,https://www.gsmarena.com/realme_12+-12821.php,2026-08-26T15:27:42
Realme 12+,Realme,6GB,256GB,Mediatek Dimensity 7050,5000.0,6.67,2024,1,5G,Android 14,https://www.gsmarena.com/realme_12+-12821.php,2026-08-26T15:27:42
Realme 12+,Realme,8GB,256GB,Mediatek Dimensity 7050,5000.0,6.67,2024,1,5G,Android 14,https://www.gsmarena.com/realme_12+-12821.php,2026-08-26T15:27:42
Realme 12+,Realme,12GB,256GB,Mediatek Dimensity 7050,5000.0,6.67,2024,1,5G,Android 14,https://www.gsmarena.com/realme_12+-12821.php,2026-08-26T15:27:42
Realme 12+,Realme,12GB,512GB,Mediatek Dimensity 7050,5000.0,6.67,2024,1,5G,Android 14,https://www.gsmarena.com/realme_12+-12821.php,2026-08-26T15:27:42
Realme 12 Pro+,Realme,8GB,128GB,Qualcomm SM7435-AB Snapdragon 7s Gen 2,5000.0,6.7,2024,1,5G,Android 14,https://www.gsmarena.com/realme_12_pro+-12804.php,2026-08-26T15:28:13
Realme 12 Pro+,Realme,8GB,256GB,Qualcomm SM7435-AB Snapdragon 7s Gen 2,5000.0,6.7,2024,1,5G,Android 14,https://www.gsmarena.com/realme_12_pro+-12804.php,2026-08-26T15:28:13
Realme 12 Pro+,Realme,12GB,256GB,Qualcomm SM7435-AB Snapdragon 7s Gen 2,5000.0,6.7,2024,1,5G,Android 14,https://www.gsmarena.com/realme_12_pro+-12804.php,2026-08-26T15:28:13
Realme 12 Pro+,Realme,12GB,512GB,Qualcomm SM7435-AB Snapdragon 7s Gen 2,5000.0,6.7,2024,1,5G,Android 14,https://www.gsmarena.com/realme_12_pro+-12804.php,2026-08-26T15:28:13
Realme 12 Pro,Realme,8GB,128GB,Qualcomm SM6450 Snapdragon 6 Gen 1,5000.0,6.7,2024,1,5G,Android 14,https://www.gsmarena.com/realme_12_pro-12810.php,2026-08-26T15:28:47
Realme 12 Pro,Realme,8GB,256GB,Qualcomm SM6450 Snapdragon 6 Gen 1,5000.0,6.7,2024,1,5G,Android 14,https://www.gsmarena.com/realme_12_pro-12810.php,2026-08-26T15:28:47
Realme 12 Pro,Realme,12GB,256GB,Qualcomm SM6450 Snapdragon 6 Gen 1,5000.0,6.7,2024,1,5G,Android 14,https://www.gsmarena.com/realme_12_pro-12810.php,2026-08-26T15:28:47
Realme 12 Pro,Realme,12GB,512GB,Qualcomm SM6450 Snapdragon 6 Gen 1,5000.0,6.7,2024,1,5G,Android 14,https://www.gsmarena.com/realme_12_pro-12810.php,2026-08-26T15:28:47
Realme Note 50,Realme,3GB,64GB,Unisoc Tiger T612,5000.0,6.74,2024,0,4G,Android 13,https://www.gsmarena.com/realme_note_50-12799.php,2026-08-26T15:29:22
Realme Note 50,Realme,4GB,64GB,Unisoc Tiger T612,5000.0,6.74,2024,0,4G,Android 13,https://www.gsmarena.com/realme_note_50-12799.php,2026-08-26T15:29:22
Realme Note 50,Realme,4GB,128GB,Unisoc Tiger T612,5000.0,6.74,2024,0,4G,Android 13,https://www.gsmarena.com/realme_note_50-12799.php,2026-08-26T15:29:22
Realme Note 50,Realme,4GB,256GB,Unisoc Tiger T612,5000.0,6.74,2024,0,4G,Android 13,https://www.gsmarena.com/realme_note_50-12799.php,2026-08-26T15:29:22
Realme C67 4G,Realme,6GB,128GB,Qualcomm SM6225 Snapdragon 685,5000.0,6.72,2023,1,4G,Android 14,https://www.gsmarena.com/realme_c67_4g-12741.php,2026-08-26T15:29:44
Realme C67 4G,Realme,8GB,128GB,Qualcomm SM6225 Snapdragon 685,5000.0,6.72,2023,1,4G,Android 14,https://www.gsmarena.com/realme_c67_4g-12741.php,2026-08-26T15:29:44
Realme C67 4G,Realme,8GB,256GB,Qualcomm SM6225 Snapdragon 685,5000.0,6.72,2023,1,4G,Android 14,https://www.gsmarena.com/realme_c67_4g-12741.php,2026-08-26T15:29:44
Realme C67,Realme,4GB,128GB,Mediatek Dimensity 6100+,5000.0,6.72,2023,0,5G,Android 13,https://www.gsmarena.com/realme_c67-12728.php,2026-08-26T15:30:21
Realme C67,Realme,6GB,128GB,Mediatek Dimensity 6100+,5000.0,6.72,2023,0,5G,Android 13,https://www.gsmarena.com/realme_c67-12728.php,2026-08-26T15:30:21
Realme V50s,Realme,6GB,128GB,Mediatek Dimensity 6100+,5000.0,6.72,2023,0,5G,Android 13,https://www.gsmarena.com/realme_v50s-12703.php,2026-08-26T15:30:51
Realme V50s,Realme,8GB,256GB,Mediatek Dimensity 6100+,5000.0,6.72,2023,0,5G,Android 13,https://www.gsmarena.com/realme_v50s-12703.php,2026-08-26T15:30:51
Realme GT5 Pro,Realme,12GB,256GB,Qualcomm SM8650-AB Snapdragon 8 Gen 3,5400.0,6.78,2023,1,5G,Android 14,https://www.gsmarena.com/realme_gt5_pro-12646.php,2026-08-26T15:31:26
Realme GT5 Pro,Realme,16GB,256GB,Qualcomm SM8650-AB Snapdragon 8 Gen 3,5400.0,6.78,2023,1,5G,Android 14,https://www.gsmarena.com/realme_gt5_pro-12646.php,2026-08-26T15:31:26
Realme GT5 Pro,Realme,16GB,512GB,Qualcomm SM8650-AB Snapdragon 8 Gen 3,5400.0,6.78,2023,1,5G,Android 14,https://www.gsmarena.com/realme_gt5_pro-12646.php,2026-08-26T15:31:26
Realme GT5 Pro,Realme,16GB,1TB,Qualcomm SM8650-AB Snapdragon 8 Gen 3,5400.0,6.78,2023,1,5G,Android 14,https://www.gsmarena.com/realme_gt5_pro-12646.php,2026-08-26T15:31:26
Realme Narzo 60x,Realme,4GB,128GB,Mediatek Dimensity 6100+,5000.0,6.72,2023,0,5G,Android 13,https://www.gsmarena.com/realme_narzo_60x-12542.php,2026-08-26T15:31:51
Realme Narzo 60x,Realme,6GB,128GB,Mediatek Dimensity 6100+,5000.0,6.72,2023,0,5G,Android 13,https://www.gsmarena.com/realme_narzo_60x-12542.php,2026-08-26T15:31:51
Realme GT5 240W,Realme,24GB,1TB,Qualcomm SM8550-AB Snapdragon 8 Gen 2,4600.0,6.74,2023,1,5G,Android 13,https://www.gsmarena.com/realme_gt5_240w-12529.php,2026-08-26T15:32:18
Realme GT5,Realme,12GB,256GB,Qualcomm SM8550-AB Snapdragon 8 Gen 2,5240.0,6.74,2023,1,5G,Android 13,https://www.gsmarena.com/realme_gt5-12528.php,2026-08-26T15:32:54
Realme GT5,Realme,16GB,512GB,Qualcomm SM8550-AB Snapdragon 8 Gen 2,5240.0,6.74,2023,1,5G,Android 13,https://www.gsmarena.com/realme_gt5-12528.php,2026-08-26T15:32:54
Realme 11x,Realme,6GB,128GB,Mediatek Dimensity 6100+,5000.0,6.72,2023,0,5G,Android 13,https://www.gsmarena.com/realme_11x-12519.php,2026-08-26T15:33:23
Realme 11x,Realme,8GB,128GB,Mediatek Dimensity 6100+,5000.0,6.72,2023,0,5G,Android 13,https://www.gsmarena.com/realme_11x-12519.php,2026-08-26T15:33:23
Realme 11 4G,Realme,8GB,128GB,Mediatek Helio G99,5000.0,6.4,2023,0,4G,Android 12,https://www.gsmarena.com/realme_11_4g-12445.php,2026-08-26T15:33:45
Realme 11 4G,Realme,8GB,256GB,Mediatek Helio G99,5000.0,6.4,2023,0,4G,Android 12,https://www.gsmarena.com/realme_11_4g-12445.php,2026-08-26T15:33:45
Realme 11,Realme,8GB,128GB,Mediatek Dimensity 6100+,5000.0,6.72,2023,1,5G,Android 13,https://www.gsmarena.com/realme_11-12444.php,2026-08-26T15:34:21
Realme 11,Realme,8GB,256GB,Mediatek Dimensity 6100+,5000.0,6.72,2023,1,5G,Android 13,https://www.gsmarena.com/realme_11-12444.php,2026-08-26T15:34:21
Realme C51,Realme,3GB,64GB,Unisoc Tiger T612,5000.0,6.74,2023,1,4G,Android 13,https://www.gsmarena.com/realme_c51-12527.php,2026-08-26T15:34:43
Realme C51,Realme,4GB,64GB,Unisoc Tiger T612,5000.0,6.74,2023,1,4G,Android 13,https://www.gsmarena.com/realme_c51-12527.php,2026-08-26T15:34:43
Realme C51,Realme,4GB,128GB,Unisoc Tiger T612,5000.0,6.74,2023,1,4G,Android 13,https://www.gsmarena.com/realme_c51-12527.php,2026-08-26T15:34:43
Realme C51,Realme,6GB,256GB,Unisoc Tiger T612,5000.0,6.74,2023,1,4G,Android 13,https://www.gsmarena.com/realme_c51-12527.php,2026-08-26T15:34:43
Realme C53 (India),Realme,6GB,64GB,Unisoc Tiger T612,5000.0,6.74,2023,0,4G,Android 13,https://www.gsmarena.com/realme_c53_(india)-12419.php,2026-08-26T15:35:15
Realme C53 (India),Realme,4GB,128GB,Unisoc Tiger T612,5000.0,6.74,2023,0,4G,Android 13,https://www.gsmarena.com/realme_c53_(india)-12419.php,2026-08-26T15:35:15
Realme C53 (India),Realme,6GB,128GB,Unisoc Tiger T612,5000.0,6.74,2023,0,4G,Android 13,https://www.gsmarena.com/realme_c53_(india)-12419.php,2026-08-26T15:35:15
Realme GT3,Realme,8GB,128GB,Qualcomm SM8475 Snapdragon 8+ Gen 1,4600.0,6.74,2023,1,5G,Android 13,https://www.gsmarena.com/realme_gt3-12120.php,2026-08-26T15:35:53
Realme GT3,Realme,12GB,256GB,Qualcomm SM8475 Snapdragon 8+ Gen 1,4600.0,6.74,2023,1,5G,Android 13,https://www.gsmarena.com/realme_gt3-12120.php,2026-08-26T15:35:53
Realme GT3,Realme,16GB,256GB,Qualcomm SM8475 Snapdragon 8+ Gen 1,4600.0,6.74,2023,1,5G,Android 13,https://www.gsmarena.com/realme_gt3-12120.php,2026-08-26T15:35:53
Realme GT3,Realme,16GB,512GB,Qualcomm SM8475 Snapdragon 8+ Gen 1,4600.0,6.74,2023,1,5G,Android 13,https://www.gsmarena.com/realme_gt3-12120.php,2026-08-26T15:35:53
Realme GT3,Realme,16GB,1TB,Qualcomm SM8475 Snapdragon 8+ Gen 1,4600.0,6.74,2023,1,5G,Android 13,https://www.gsmarena.com/realme_gt3-12120.php,2026-08-26T15:35:53
Realme Narzo 60 Pro,Realme,8GB,128GB,Mediatek Dimensity 7050,5000.0,6.7,2023,0,5G,Android 13,https://www.gsmarena.com/realme_narzo_60_pro-12396.php,2026-08-26T15:36:14
Realme Narzo 60 Pro,Realme,8GB,256GB,Mediatek Dimensity 7050,5000.0,6.7,2023,0,5G,Android 13,https://www.gsmarena.com/realme_narzo_60_pro-12396.php,2026-08-26T15:36:14
Realme Narzo 60 Pro,Realme,12GB,256GB,Mediatek Dimensity 7050,5000.0,6.7,2023,0,5G,Android 13,https://www.gsmarena.com/realme_narzo_60_pro-12396.php,2026-08-26T15:36:14
Realme Narzo 60 Pro,Realme,12GB,1TB,Mediatek Dimensity 7050,5000.0,6.7,2023,0,5G,Android 13,https://www.gsmarena.com/realme_narzo_60_pro-12396.php,2026-08-26T15:36:14
Realme Narzo 60,Realme,8GB,128GB,Mediatek Dimensity 6020,5000.0,6.43,2023,0,5G,Android 13,https://www.gsmarena.com/realme_narzo_60-12395.php,2026-08-26T15:36:41
Realme Narzo 60,Realme,8GB,256GB,Mediatek Dimensity 6020,5000.0,6.43,2023,0,5G,Android 13,https://www.gsmarena.com/realme_narzo_60-12395.php,2026-08-26T15:36:41
Realme C53,Realme,6GB,128GB,Unisoc Tiger T612,5000.0,6.74,2023,0,4G,Android 13,https://www.gsmarena.com/realme_c53-12310.php,2026-08-26T15:37:12
Realme C53,Realme,8GB,256GB,Unisoc Tiger T612,5000.0,6.74,2023,0,4G,Android 13,https://www.gsmarena.com/realme_c53-12310.php,2026-08-26T15:37:12
Realme Narzo N53,Realme,4GB,64GB,Unisoc Tiger T612,5000.0,6.74,2023,0,4G,Android 13,https://www.gsmarena.com/realme_narzo_n53-12280.php,2026-08-26T15:37:36
Realme Narzo N53,Realme,6GB,128GB,Unisoc Tiger T612,5000.0,6.74,2023,0,4G,Android 13,https://www.gsmarena.com/realme_narzo_n53-12280.php,2026-08-26T15:37:36
Realme Narzo N53,Realme,8GB,128GB,Unisoc Tiger T612,5000.0,6.74,2023,0,4G,Android 13,https://www.gsmarena.com/realme_narzo_n53-12280.php,2026-08-26T15:37:36
Realme 11 Pro+,Realme,8GB,256GB,Mediatek Dimensity 7050,5000.0,6.7,2023,1,5G,Android 13,https://www.gsmarena.com/realme_11_pro+-12246.php,2026-08-26T15:38:03
Realme 11 Pro+,Realme,12GB,256GB,Mediatek Dimensity 7050,5000.0,6.7,2023,1,5G,Android 13,https://www.gsmarena.com/realme_11_pro+-12246.php,2026-08-26T15:38:03
Realme 11 Pro+,Realme,12GB,512GB,Mediatek Dimensity 7050,5000.0,6.7,2023,1,5G,Android 13,https://www.gsmarena.com/realme_11_pro+-12246.php,2026-08-26T15:38:03
Realme 11 Pro+,Realme,12GB,1TB,Mediatek Dimensity 7050,5000.0,6.7,2023,1,5G,Android 13,https://www.gsmarena.com/realme_11_pro+-12246.php,2026-08-26T15:38:03
Realme 11 Pro,Realme,8GB,128GB,Mediatek Dimensity 7050,5000.0,6.7,2023,1,5G,Android 13,https://www.gsmarena.com/realme_11_pro-12261.php,2026-08-26T15:38:28
Realme 11 Pro,Realme,8GB,256GB,Mediatek Dimensity 7050,5000.0,6.7,2023,1,5G,Android 13,https://www.gsmarena.com/realme_11_pro-12261.php,2026-08-26T15:38:28
Realme 11 Pro,Realme,12GB,256GB,Mediatek Dimensity 7050,5000.0,6.7,2023,1,5G,Android 13,https://www.gsmarena.com/realme_11_pro-12261.php,2026-08-26T15:38:28
Realme 11 Pro,Realme,12GB,512GB,Mediatek Dimensity 7050,5000.0,6.7,2023,1,5G,Android 13,https://www.gsmarena.com/realme_11_pro-12261.php,2026-08-26T15:38:28
Realme 11 (China),Realme,8GB,128GB,Mediatek Dimensity 6020,5000.0,6.43,2023,1,5G,Android 13,https://www.gsmarena.com/realme_11_(china)-12262.php,2026-08-26T15:39:09
Realme 11 (China),Realme,12GB,128GB,Mediatek Dimensity 6020,5000.0,6.43,2023,1,5G,Android 13,https://www.gsmarena.com/realme_11_(china)-12262.php,2026-08-26T15:39:09
Realme 11 (China),Realme,8GB,256GB,Mediatek Dimensity 6020,5000.0,6.43,2023,1,5G,Android 13,https://www.gsmarena.com/realme_11_(china)-12262.php,2026-08-26T15:39:09
Realme 11 (China),Realme,12GB,256GB,Mediatek Dimensity 6020,5000.0,6.43,2023,1,5G,Android 13,https://www.gsmarena.com/realme_11_(china)-12262.php,2026-08-26T15:39:09
Realme Narzo N55,Realme,4GB,64GB,Mediatek MT6769H Helio G88,5000.0,6.72,2023,0,4G,Android 13,https://www.gsmarena.com/realme_narzo_n55-12227.php,2026-08-26T15:39:41
Realme Narzo N55,Realme,6GB,128GB,Mediatek MT6769H Helio G88,5000.0,6.72,2023,0,4G,Android 13,https://www.gsmarena.com/realme_narzo_n55-12227.php,2026-08-26T15:39:41
Realme Narzo N55,Realme,8GB,128GB,Mediatek MT6769H Helio G88,5000.0,6.72,2023,0,4G,Android 13,https://www.gsmarena.com/realme_narzo_n55-12227.php,2026-08-26T15:39:41
Realme GT Neo5 SE,Realme,8GB,256GB,Qualcomm SM7475-AB Snapdragon 7+ Gen 2,5500.0,6.74,2023,1,5G,Android 13,https://www.gsmarena.com/realme_gt_neo5_se-12187.php,2026-08-26T15:40:16
Realme GT Neo5 SE,Realme,12GB,256GB,Qualcomm SM7475-AB Snapdragon 7+ Gen 2,5500.0,6.74,2023,1,5G,Android 13,https://www.gsmarena.com/realme_gt_neo5_se-12187.php,2026-08-26T15:40:16
Realme GT Neo5 SE,Realme,12GB,512GB,Qualcomm SM7475-AB Snapdragon 7+ Gen 2,5500.0,6.74,2023,1,5G,Android 13,https://www.gsmarena.com/realme_gt_neo5_se-12187.php,2026-08-26T15:40:16
Realme GT Neo5 SE,Realme,16GB,1TB,Qualcomm SM7475-AB Snapdragon 7+ Gen 2,5500.0,6.74,2023,1,5G,Android 13,https://www.gsmarena.com/realme_gt_neo5_se-12187.php,2026-08-26T15:40:16
Realme 10T,Realme,4GB,128GB,Mediatek Dimensity 810,5000.0,6.6,2023,0,5G,Android 12,https://www.gsmarena.com/realme_10t-12174.php,2026-08-26T15:40:42
Realme 10T,Realme,8GB,128GB,Mediatek Dimensity 810,5000.0,6.6,2023,0,5G,Android 12,https://www.gsmarena.com/realme_10t-12174.php,2026-08-26T15:40:42
Realme 10T,Realme,8GB,256GB,Mediatek Dimensity 810,5000.0,6.6,2023,0,5G,Android 12,https://www.gsmarena.com/realme_10t-12174.php,2026-08-26T15:40:42
Realme C33 2023,Realme,4GB,64GB,Unisoc Tiger T612,5000.0,6.5,2023,0,4G,Android 12,https://www.gsmarena.com/realme_c33_2023-12173.php,2026-08-26T15:41:11
Realme C33 2023,Realme,4GB,128GB,Unisoc Tiger T612,5000.0,6.5,2023,0,4G,Android 12,https://www.gsmarena.com/realme_c33_2023-12173.php,2026-08-26T15:41:11
Realme C55,Realme,4GB,64GB,Mediatek MT6769H Helio G88,5000.0,6.72,2023,1,4G,Android 13,https://www.gsmarena.com/realme_c55-12159.php,2026-08-26T15:41:45
Realme C55,Realme,6GB,64GB,Mediatek MT6769H Helio G88,5000.0,6.72,2023,1,4G,Android 13,https://www.gsmarena.com/realme_c55-12159.php,2026-08-26T15:41:45
Realme C55,Realme,4GB,128GB,Mediatek MT6769H Helio G88,5000.0,6.72,2023,1,4G,Android 13,https://www.gsmarena.com/realme_c55-12159.php,2026-08-26T15:41:45
Realme C55,Realme,6GB,128GB,Mediatek MT6769H Helio G88,5000.0,6.72,2023,1,4G,Android 13,https://www.gsmarena.com/realme_c55-12159.php,2026-08-26T15:41:45
Realme C55,Realme,8GB,128GB,Mediatek MT6769H Helio G88,5000.0,6.72,2023,1,4G,Android 13,https://www.gsmarena.com/realme_c55-12159.php,2026-08-26T15:41:45
Realme C55,Realme,8GB,256GB,Mediatek MT6769H Helio G88,5000.0,6.72,2023,1,4G,Android 13,https://www.gsmarena.com/realme_c55-12159.php,2026-08-26T15:41:45
Realme GT Neo 5 240W,Realme,16GB,256GB,Qualcomm SM8475 Snapdragon 8+ Gen 1,4600.0,6.74,2023,1,5G,Android 13,https://www.gsmarena.com/realme_gt_neo_5_240w-12067.php,2026-08-26T15:42:07
Realme GT Neo 5 240W,Realme,16GB,512GB,Qualcomm SM8475 Snapdragon 8+ Gen 1,4600.0,6.74,2023,1,5G,Android 13,https://www.gsmarena.com/realme_gt_neo_5_240w-12067.php,2026-08-26T15:42:07
Realme GT Neo 5 240W,Realme,16GB,1TB,Qualcomm SM8475 Snapdragon 8+ Gen 1,4600.0,6.74,2023,1,5G,Android 13,https://www.gsmarena.com/realme_gt_neo_5_240w-12067.php,2026-08-26T15:42:07
Realme GT Neo 5,Realme,8GB,256GB,Qualcomm SM8475 Snapdragon 8+ Gen 1,5000.0,6.74,2023,1,5G,Android 13,https://www.gsmarena.com/realme_gt_neo_5-12066.php,2026-08-26T15:42:42
Realme GT Neo 5,Realme,12GB,256GB,Qualcomm SM8475 Snapdragon 8+ Gen 1,5000.0,6.74,2023,1,5G,Android 13,https://www.gsmarena.com/realme_gt_neo_5-12066.php,2026-08-26T15:42:42
Realme GT Neo 5,Realme,16GB,256GB,Qualcomm SM8475 Snapdragon 8+ Gen 1,5000.0,6.74,2023,1,5G,Android 13,https://www.gsmarena.com/realme_gt_neo_5-12066.php,2026-08-26T15:42:42
Realme V30,Realme,6GB,128GB,Mediatek,5000.0,6.5,2023,0,5G,Android 12,https://www.gsmarena.com/realme_v30-12114.php,2026-08-26T15:43:06
Realme V30,Realme,8GB,128GB,Mediatek,5000.0,6.5,2023,0,5G,Android 12,https://www.gsmarena.com/realme_v30-12114.php,2026-08-26T15:43:06
Realme 10s,Realme,8GB,128GB,Mediatek Dimensity 810,5000.0,6.6,2022,0,5G,Android 12,https://www.gsmarena.com/realme_10s-12029.php,2026-08-26T15:43:45
Realme 10s,Realme,8GB,256GB,Mediatek Dimensity 810,5000.0,6.6,2022,0,5G,Android 12,https://www.gsmarena.com/realme_10s-12029.php,2026-08-26T15:43:45
Realme V20,Realme,4GB,64GB,Mediatek Dimensity 700,5000.0,6.5,2022,0,5G,Android 12,https://www.gsmarena.com/realme_v20-12025.php,2026-08-26T15:44:15
Realme V20,Realme,4GB,128GB,Mediatek Dimensity 700,5000.0,6.5,2022,0,5G,Android 12,https://www.gsmarena.com/realme_v20-12025.php,2026-08-26T15:44:15
Realme V20,Realme,8GB,128GB,Mediatek Dimensity 700,5000.0,6.5,2022,0,5G,Android 12,https://www.gsmarena.com/realme_v20-12025.php,2026-08-26T15:44:15
Realme 10 Pro+,Realme,6GB,128GB,Mediatek Dimensity 1080,5000.0,6.7,2022,1,5G,Android 13,https://www.gsmarena.com/realme_10_pro+-11952.php,2026-08-26T15:44:40
Realme 10 Pro+,Realme,8GB,128GB,Mediatek Dimensity 1080,5000.0,6.7,2022,1,5G,Android 13,https://www.gsmarena.com/realme_10_pro+-11952.php,2026-08-26T15:44:40
Realme 10 Pro+,Realme,8GB,256GB,Mediatek Dimensity 1080,5000.0,6.7,2022,1,5G,Android 13,https://www.gsmarena.com/realme_10_pro+-11952.php,2026-08-26T15:44:40
Realme 10 Pro+,Realme,12GB,256GB,Mediatek Dimensity 1080,5000.0,6.7,2022,1,5G,Android 13,https://www.gsmarena.com/realme_10_pro+-11952.php,2026-08-26T15:44:40
Realme 10 Pro,Realme,6GB,128GB,Qualcomm SM6375 Snapdragon 695 5G,5000.0,6.72,2022,1,5G,Android 13,https://www.gsmarena.com/realme_10_pro-11978.php,2026-08-26T15:45:03
Realme 10 Pro,Realme,8GB,128GB,Qualcomm SM6375 Snapdragon 695 5G,5000.0,6.72,2022,1,5G,Android 13,https://www.gsmarena.com/realme_10_pro-11978.php,2026-08-26T15:45:03
Realme 10 Pro,Realme,8GB,256GB,Qualcomm SM6375 Snapdragon 695 5G,5000.0,6.72,2022,1,5G,Android 13,https://www.gsmarena.com/realme_10_pro-11978.php,2026-08-26T15:45:03
Realme 10 Pro,Realme,12GB,256GB,Qualcomm SM6375 Snapdragon 695 5G,5000.0,6.72,2022,1,5G,Android 13,https://www.gsmarena.com/realme_10_pro-11978.php,2026-08-26T15:45:03
Realme 10 5G,Realme,8GB,128GB,Mediatek Dimensity 700,5000.0,6.6,2022,0,5G,Android 12,https://www.gsmarena.com/realme_10_5g-11951.php,2026-08-26T15:45:40
Realme 10 5G,Realme,8GB,256GB,Mediatek Dimensity 700,5000.0,6.6,2022,0,5G,Android 12,https://www.gsmarena.com/realme_10_5g-11951.php,2026-08-26T15:45:40
Realme 10,Realme,4GB,64GB,Mediatek Helio G99,5000.0,6.4,2022,1,4G,Android 12,https://www.gsmarena.com/realme_10-11950.php,2026-08-26T15:46:07
Realme 10,Realme,4GB,128GB,Mediatek Helio G99,5000.0,6.4,2022,1,4G,Android 12,https://www.gsmarena.com/realme_10-11950.php,2026-08-26T15:46:07
Realme 10,Realme,6GB,128GB,Mediatek Helio G99,5000.0,6.4,2022,1,4G,Android 12,https://www.gsmarena.com/realme_10-11950.php,2026-08-26T15:46:07
Realme 10,Realme,8GB,128GB,Mediatek Helio G99,5000.0,6.4,2022,1,4G,Android 12,https://www.gsmarena.com/realme_10-11950.php,2026-08-26T15:46:07
Realme 10,Realme,8GB,256GB,Mediatek Helio G99,5000.0,6.4,2022,1,4G,Android 12,https://www.gsmarena.com/realme_10-11950.php,2026-08-26T15:46:07
Realme C30s,Realme,2GB,32GB,,5000.0,6.5,2022,0,4G,Android 12,https://www.gsmarena.com/realme_c30s-11878.php,2026-08-26T15:46:35
Realme C30s,Realme,3GB,32GB,,5000.0,6.5,2022,0,4G,Android 12,https://www.gsmarena.com/realme_c30s-11878.php,2026-08-26T15:46:35
Realme C30s,Realme,3GB,64GB,,5000.0,6.5,2022,0,4G,Android 12,https://www.gsmarena.com/realme_c30s-11878.php,2026-08-26T15:46:35
Realme C30s,Realme,4GB,64GB,,5000.0,6.5,2022,0,4G,Android 12,https://www.gsmarena.com/realme_c30s-11878.php,2026-08-26T15:46:35
Realme C33,Realme,3GB,32GB,Unisoc Tiger T612,5000.0,6.5,2022,0,4G,Android 12,https://www.gsmarena.com/realme_c33-11849.php,2026-08-26T15:47:04
Realme C33,Realme,4GB,64GB,Unisoc Tiger T612,5000.0,6.5,2022,0,4G,Android 12,https://www.gsmarena.com/realme_c33-11849.php,2026-08-26T15:47:04
Realme C33,Realme,4GB,128GB,Unisoc Tiger T612,5000.0,6.5,2022,0,4G,Android 12,https://www.gsmarena.com/realme_c33-11849.php,2026-08-26T15:47:04
Realme 9i 5G,Realme,4GB,64GB,Mediatek Dimensity 810,5000.0,6.6,2022,0,5G,Android 12,https://www.gsmarena.com/realme_9i_5g-11769.php,2026-08-26T15:47:31
Realme 9i 5G,Realme,4GB,128GB,Mediatek Dimensity 810,5000.0,6.6,2022,0,5G,Android 12,https://www.gsmarena.com/realme_9i_5g-11769.php,2026-08-26T15:47:31
Realme 9i 5G,Realme,6GB,128GB,Mediatek Dimensity 810,5000.0,6.6,2022,0,5G,Android 12,https://www.gsmarena.com/realme_9i_5g-11769.php,2026-08-26T15:47:31
Realme GT2 Explorer Master,Realme,8GB,256GB,Qualcomm SM8475 Snapdragon 8+ Gen 1,5000.0,6.7,2022,1,5G,Android 12,https://www.gsmarena.com/realme_gt2_explorer_master-11613.php,2026-08-26T15:48:04
Realme GT2 Explorer Master,Realme,12GB,256GB,Qualcomm SM8475 Snapdragon 8+ Gen 1,5000.0,6.7,2022,1,5G,Android 12,https://www.gsmarena.com/realme_gt2_explorer_master-11613.php,2026-08-26T15:48:04
Realme Narzo 50i Prime,Realme,3GB,32GB,Unisoc Tiger T612,5000.0,6.5,2022,0,4G,Android 11,https://www.gsmarena.com/realme_narzo_50i_prime-11630.php,2026-08-26T15:48:28
Realme Narzo 50i Prime,Realme,4GB,64GB,Unisoc Tiger T612,5000.0,6.5,2022,0,4G,Android 11,https://www.gsmarena.com/realme_narzo_50i_prime-11630.php,2026-08-26T15:48:28
Realme C30,Realme,2GB,32GB,Unisoc Tiger T612,5000.0,6.5,2022,0,4G,Android 11,https://www.gsmarena.com/realme_c30-11621.php,2026-08-26T15:48:51
Realme C30,Realme,3GB,32GB,Unisoc Tiger T612,5000.0,6.5,2022,0,4G,Android 11,https://www.gsmarena.com/realme_c30-11621.php,2026-08-26T15:48:51
Realme C30,Realme,4GB,64GB,Unisoc Tiger T612,5000.0,6.5,2022,0,4G,Android 11,https://www.gsmarena.com/realme_c30-11621.php,2026-08-26T15:48:51
Realme GT Neo 3T,Realme,6GB,128GB,Qualcomm SM8250-AC Snapdragon 870 5G,5000.0,6.62,2022,1,5G,Android 12,https://www.gsmarena.com/realme_gt_neo_3t-11609.php,2026-08-26T15:49:14
Realme GT Neo 3T,Realme,8GB,128GB,Qualcomm SM8250-AC Snapdragon 870 5G,5000.0,6.62,2022,1,5G,Android 12,https://www.gsmarena.com/realme_gt_neo_3t-11609.php,2026-08-26T15:49:14
Realme GT Neo 3T,Realme,8GB,256GB,Qualcomm SM8250-AC Snapdragon 870 5G,5000.0,6.62,2022,1,5G,Android 12,https://www.gsmarena.com/realme_gt_neo_3t-11609.php,2026-08-26T15:49:14
Realme Narzo 50 Pro,Realme,6GB,128GB,Mediatek Dimensity 920,5000.0,6.4,2022,0,5G,Android 12,https://www.gsmarena.com/realme_narzo_50_pro-11532.php,2026-08-26T15:49:40
Realme Narzo 50 Pro,Realme,8GB,128GB,Mediatek Dimensity 920,5000.0,6.4,2022,0,5G,Android 12,https://www.gsmarena.com/realme_narzo_50_pro-11532.php,2026-08-26T15:49:40
Realme Narzo 50 5G,Realme,4GB,64GB,Mediatek Dimensity 810,5000.0,6.6,2022,1,5G,Android 12,https://www.gsmarena.com/realme_narzo_50_5g-11518.php,2026-08-26T15:50:11
Realme Narzo 50 5G,Realme,4GB,128GB,Mediatek Dimensity 810,5000.0,6.6,2022,1,5G,Android 12,https://www.gsmarena.com/realme_narzo_50_5g-11518.php,2026-08-26T15:50:11
Realme Narzo 50 5G,Realme,6GB,128GB,Mediatek Dimensity 810,5000.0,6.6,2022,1,5G,Android 12,https://www.gsmarena.com/realme_narzo_50_5g-11518.php,2026-08-26T15:50:11
Realme 9 5G,Realme,4GB,64GB,Qualcomm SM6375 Snapdragon 695 5G,5000.0,6.6,2022,0,5G,Android 12,https://www.gsmarena.com/realme_9_5g-11514.php,2026-08-26T15:50:42
Realme 9 5G,Realme,4GB,128GB,Qualcomm SM6375 Snapdragon 695 5G,5000.0,6.6,2022,0,5G,Android 12,https://www.gsmarena.com/realme_9_5g-11514.php,2026-08-26T15:50:42
Realme 9 5G,Realme,8GB,128GB,Qualcomm SM6375 Snapdragon 695 5G,5000.0,6.6,2022,0,5G,Android 12,https://www.gsmarena.com/realme_9_5g-11514.php,2026-08-26T15:50:42
Realme V23i,Realme,4GB,128GB,Mediatek Dimensity 700,5000.0,6.56,2022,0,5G,Android 12,https://www.gsmarena.com/realme_v23i-12026.php,2026-08-26T15:51:14
Realme V23,Realme,8GB,256GB,Mediatek Dimensity 810,5000.0,6.58,2022,0,5G,Android 12,https://www.gsmarena.com/realme_v23-11477.php,2026-08-26T15:51:48
Realme V23,Realme,12GB,256GB,Mediatek Dimensity 810,5000.0,6.58,2022,0,5G,Android 12,https://www.gsmarena.com/realme_v23-11477.php,2026-08-26T15:51:48
Realme Q5 Pro,Realme,6GB,128GB,Qualcomm SM8250-AC Snapdragon 870 5G,5000.0,6.62,2022,0,5G,Android 12,https://www.gsmarena.com/realme_q5_pro-11475.php,2026-08-26T15:52:28
Realme Q5 Pro,Realme,8GB,128GB,Qualcomm SM8250-AC Snapdragon 870 5G,5000.0,6.62,2022,0,5G,Android 12,https://www.gsmarena.com/realme_q5_pro-11475.php,2026-08-26T15:52:28
Realme Q5 Pro,Realme,8GB,256GB,Qualcomm SM8250-AC Snapdragon 870 5G,5000.0,6.62,2022,0,5G,Android 12,https://www.gsmarena.com/realme_q5_pro-11475.php,2026-08-26T15:52:28
Realme Q5,Realme,6GB,128GB,Qualcomm SM6375 Snapdragon 695 5G,5000.0,6.6,2022,0,5G,Android 12,https://www.gsmarena.com/realme_q5-11480.php,2026-08-26T15:52:50
Realme Q5,Realme,8GB,128GB,Qualcomm SM6375 Snapdragon 695 5G,5000.0,6.6,2022,0,5G,Android 12,https://www.gsmarena.com/realme_q5-11480.php,2026-08-26T15:52:50
Realme Q5,Realme,8GB,256GB,Qualcomm SM6375 Snapdragon 695 5G,5000.0,6.6,2022,0,5G,Android 12,https://www.gsmarena.com/realme_q5-11480.php,2026-08-26T15:52:50
Realme Q5i,Realme,4GB,128GB,Mediatek Dimensity 810,5000.0,6.58,2022,0,5G,Android 12,https://www.gsmarena.com/realme_q5i-11474.php,2026-08-26T15:53:27
Realme Q5i,Realme,6GB,128GB,Mediatek Dimensity 810,5000.0,6.58,2022,0,5G,Android 12,https://www.gsmarena.com/realme_q5i-11474.php,2026-08-26T15:53:27
Realme 9,Realme,6GB,128GB,Qualcomm SM6225 Snapdragon 680 4G,5000.0,6.4,2022,0,4G,Android 12,https://www.gsmarena.com/realme_9-11465.php,2026-08-26T15:54:00
Realme 9,Realme,8GB,128GB,Qualcomm SM6225 Snapdragon 680 4G,5000.0,6.4,2022,0,4G,Android 12,https://www.gsmarena.com/realme_9-11465.php,2026-08-26T15:54:00
Realme C31,Realme,3GB,32GB,Unisoc Tiger T612,5000.0,6.5,2022,0,4G,Android 11,https://www.gsmarena.com/realme_c31-11437.php,2026-08-26T15:54:25
Realme C31,Realme,4GB,64GB,Unisoc Tiger T612,5000.0,6.5,2022,0,4G,Android 11,https://www.gsmarena.com/realme_c31-11437.php,2026-08-26T15:54:25
Realme GT Neo 3 150W,Realme,8GB,256GB,Mediatek Dimensity 8100,4500.0,6.7,2022,1,5G,Android 12,https://www.gsmarena.com/realme_gt_neo_3_150w-11597.php,2026-08-26T15:55:03
Realme GT Neo 3 150W,Realme,12GB,256GB,Mediatek Dimensity 8100,4500.0,6.7,2022,1,5G,Android 12,https://www.gsmarena.com/realme_gt_neo_3_150w-11597.php,2026-08-26T15:55:03
Realme GT Neo 3,Realme,6GB,128GB,Mediatek Dimensity 8100,5000.0,6.7,2022,1,5G,Android 12,https://www.gsmarena.com/realme_gt_neo_3-11436.php,2026-08-26T15:55:43
Realme GT Neo 3,Realme,8GB,128GB,Mediatek Dimensity 8100,5000.0,6.7,2022,1,5G,Android 12,https://www.gsmarena.com/realme_gt_neo_3-11436.php,2026-08-26T15:55:43
Realme GT Neo 3,Realme,8GB,256GB,Mediatek Dimensity 8100,5000.0,6.7,2022,1,5G,Android 12,https://www.gsmarena.com/realme_gt_neo_3-11436.php,2026-08-26T15:55:43
Realme GT Neo 3,Realme,12GB,256GB,Mediatek Dimensity 8100,5000.0,6.7,2022,1,5G,Android 12,https://www.gsmarena.com/realme_gt_neo_3-11436.php,2026-08-26T15:55:43
Realme GT Neo 3,Realme,12GB,512GB,Mediatek Dimensity 8100,5000.0,6.7,2022,1,5G,Android 12,https://www.gsmarena.com/realme_gt_neo_3-11436.php,2026-08-26T15:55:43
Realme Narzo 50A Prime,Realme,4GB,64GB,Unisoc Tiger T612,5000.0,6.6,2022,0,4G,Android 11,https://www.gsmarena.com/realme_narzo_50a_prime-11435.php,2026-08-26T15:56:15
Realme Narzo 50A Prime,Realme,4GB,128GB,Unisoc Tiger T612,5000.0,6.6,2022,0,4G,Android 11,https://www.gsmarena.com/realme_narzo_50a_prime-11435.php,2026-08-26T15:56:15
Realme 9 5G (India),Realme,4GB,64GB,Mediatek Dimensity 810,5000.0,6.5,2022,0,5G,Android 11,https://www.gsmarena.com/realme_9_5g_(india)-11415.php,2026-08-26T15:56:36
Realme 9 5G (India),Realme,6GB,128GB,Mediatek Dimensity 810,5000.0,6.5,2022,0,5G,Android 11,https://www.gsmarena.com/realme_9_5g_(india)-11415.php,2026-08-26T15:56:36
Realme 9 5G Speed,Realme,6GB,128GB,Qualcomm SM7325 Snapdragon 778G 5G,5000.0,6.6,2022,0,5G,Android 11,https://www.gsmarena.com/realme_9_5g_speed-11414.php,2026-08-26T15:57:15
Realme 9 5G Speed,Realme,8GB,128GB,Qualcomm SM7325 Snapdragon 778G 5G,5000.0,6.6,2022,0,5G,Android 11,https://www.gsmarena.com/realme_9_5g_speed-11414.php,2026-08-26T15:57:15
Realme V25,Realme,12GB,256GB,Qualcomm SM6375 Snapdragon 695 5G,5000.0,6.6,2022,0,5G,Android 12,https://www.gsmarena.com/realme_v25-11400.php,2026-08-26T15:57:38
Realme Narzo 50,Realme,4GB,64GB,Mediatek MT6781 Helio G96,5000.0,6.6,2022,0,4G,Android 11,https://www.gsmarena.com/realme_narzo_50-11377.php,2026-08-26T15:58:12
Realme Narzo 50,Realme,4GB,128GB,Mediatek MT6781 Helio G96,5000.0,6.6,2022,0,4G,Android 11,https://www.gsmarena.com/realme_narzo_50-11377.php,2026-08-26T15:58:12
Realme Narzo 50,Realme,6GB,128GB,Mediatek MT6781 Helio G96,5000.0,6.6,2022,0,4G,Android 11,https://www.gsmarena.com/realme_narzo_50-11377.php,2026-08-26T15:58:12
Realme 9 Pro+,Realme,6GB,128GB,Mediatek Dimensity 920,4500.0,6.4,2022,1,5G,Android 12,https://www.gsmarena.com/realme_9_pro+-11327.php,2026-08-26T15:58:47
Realme 9 Pro+,Realme,8GB,128GB,Mediatek Dimensity 920,4500.0,6.4,2022,1,5G,Android 12,https://www.gsmarena.com/realme_9_pro+-11327.php,2026-08-26T15:58:47
Realme 9 Pro+,Realme,8GB,256GB,Mediatek Dimensity 920,4500.0,6.4,2022,1,5G,Android 12,https://www.gsmarena.com/realme_9_pro+-11327.php,2026-08-26T15:58:47
Realme 9 Pro,Realme,6GB,128GB,Qualcomm SM6375 Snapdragon 695 5G,5000.0,6.6,2022,1,5G,Android 12,https://www.gsmarena.com/realme_9_pro-11317.php,2026-08-26T15:59:19
Realme 9 Pro,Realme,8GB,128GB,Qualcomm SM6375 Snapdragon 695 5G,5000.0,6.6,2022,1,5G,Android 12,https://www.gsmarena.com/realme_9_pro-11317.php,2026-08-26T15:59:19
Realme C35,Realme,4GB,64GB,Unisoc Tiger T616,5000.0,6.6,2022,1,4G,Android 11,https://www.gsmarena.com/realme_c35-11353.php,2026-08-26T15:59:48
Realme C35,Realme,6GB,64GB,Unisoc Tiger T616,5000.0,6.6,2022,1,4G,Android 11,https://www.gsmarena.com/realme_c35-11353.php,2026-08-26T15:59:48
Realme C35,Realme,4GB,128GB,Unisoc Tiger T616,5000.0,6.6,2022,1,4G,Android 11,https://www.gsmarena.com/realme_c35-11353.php,2026-08-26T15:59:48
Realme C35,Realme,6GB,128GB,Unisoc Tiger T616,5000.0,6.6,2022,1,4G,Android 11,https://www.gsmarena.com/realme_c35-11353.php,2026-08-26T15:59:48
Realme 9i,Realme,4GB,64GB,Qualcomm SM6225 Snapdragon 680 4G,5000.0,6.6,2022,1,4G,Android 11,https://www.gsmarena.com/realme_9i-11259.php,2026-08-26T16:00:13
Realme 9i,Realme,4GB,128GB,Qualcomm SM6225 Snapdragon 680 4G,5000.0,6.6,2022,1,4G,Android 11,https://www.gsmarena.com/realme_9i-11259.php,2026-08-26T16:00:13
Realme 9i,Realme,6GB,128GB,Qualcomm SM6225 Snapdragon 680 4G,5000.0,6.6,2022,1,4G,Android 11,https://www.gsmarena.com/realme_9i-11259.php,2026-08-26T16:00:13
Realme GT2 Pro,Realme,8GB,128GB,Qualcomm SM8450 Snapdragon 8 Gen 1,5000.0,6.7,2022,1,5G,Android 12,https://www.gsmarena.com/realme_gt2_pro-11228.php,2026-08-26T16:00:37
Realme GT2 Pro,Realme,8GB,256GB,Qualcomm SM8450 Snapdragon 8 Gen 1,5000.0,6.7,2022,1,5G,Android 12,https://www.gsmarena.com/realme_gt2_pro-11228.php,2026-08-26T16:00:37
Realme GT2 Pro,Realme,12GB,256GB,Qualcomm SM8450 Snapdragon 8 Gen 1,5000.0,6.7,2022,1,5G,Android 12,https://www.gsmarena.com/realme_gt2_pro-11228.php,2026-08-26T16:00:37
Realme GT2 Pro,Realme,12GB,512GB,Qualcomm SM8450 Snapdragon 8 Gen 1,5000.0,6.7,2022,1,5G,Android 12,https://www.gsmarena.com/realme_gt2_pro-11228.php,2026-08-26T16:00:37
Realme GT2,Realme,8GB,128GB,Qualcomm SM8350 Snapdragon 888 5G,5000.0,6.62,2022,1,5G,Android 12,https://www.gsmarena.com/realme_gt2-11307.php,2026-08-26T16:01:01
Realme GT2,Realme,8GB,256GB,Qualcomm SM8350 Snapdragon 888 5G,5000.0,6.62,2022,1,5G,Android 12,https://www.gsmarena.com/realme_gt2-11307.php,2026-08-26T16:01:01
Realme GT2,Realme,12GB,256GB,Qualcomm SM8350 Snapdragon 888 5G,5000.0,6.62,2022,1,5G,Android 12,https://www.gsmarena.com/realme_gt2-11307.php,2026-08-26T16:01:01
Realme Q3t,Realme,8GB,256GB,Qualcomm SM7325 Snapdragon 778G 5G,5000.0,6.6,2021,0,5G,Android 11,https://www.gsmarena.com/realme_q3t-11208.php,2026-08-26T16:01:36
Realme GT Neo2T,Realme,8GB,128GB,Mediatek Dimensity 1200,4500.0,6.43,2021,1,5G,Android 11,https://www.gsmarena.com/realme_gt_neo2t-11163.php,2026-08-26T16:02:03
Realme GT Neo2T,Realme,8GB,256GB,Mediatek Dimensity 1200,4500.0,6.43,2021,1,5G,Android 11,https://www.gsmarena.com/realme_gt_neo2t-11163.php,2026-08-26T16:02:03
Realme GT Neo2T,Realme,12GB,256GB,Mediatek Dimensity 1200,4500.0,6.43,2021,1,5G,Android 11,https://www.gsmarena.com/realme_gt_neo2t-11163.php,2026-08-26T16:02:03
Realme Q3s,Realme,6GB,128GB,Qualcomm SM7325 Snapdragon 778G 5G,5000.0,6.6,2021,0,5G,Android 11,https://www.gsmarena.com/realme_q3s-11156.php,2026-08-26T16:02:26
Realme Q3s,Realme,8GB,128GB,Qualcomm SM7325 Snapdragon 778G 5G,5000.0,6.6,2021,0,5G,Android 11,https://www.gsmarena.com/realme_q3s-11156.php,2026-08-26T16:02:26
Realme Q3s,Realme,8GB,256GB,Qualcomm SM7325 Snapdragon 778G 5G,5000.0,6.6,2021,0,5G,Android 11,https://www.gsmarena.com/realme_q3s-11156.php,2026-08-26T16:02:26
Realme Narzo 50A,Realme,4GB,64GB,Mediatek MT6769Z Helio G85,6000.0,6.5,2021,0,4G,Android 11,https://www.gsmarena.com/realme_narzo_50a-11071.php,2026-08-26T16:02:53
Realme Narzo 50A,Realme,4GB,128GB,Mediatek MT6769Z Helio G85,6000.0,6.5,2021,0,4G,Android 11,https://www.gsmarena.com/realme_narzo_50a-11071.php,2026-08-26T16:02:53
Realme Narzo 50i,Realme,2GB,32GB,,5000.0,6.5,2021,0,4G,Android 11,https://www.gsmarena.com/realme_narzo_50i-11123.php,2026-08-26T16:03:26
Realme Narzo 50i,Realme,4GB,64GB,,5000.0,6.5,2021,0,4G,Android 11,https://www.gsmarena.com/realme_narzo_50i-11123.php,2026-08-26T16:03:26
Realme V11s 5G,Realme,4GB,128GB,Mediatek Dimensity 810,5000.0,6.5,2021,0,5G,Android 11,https://www.gsmarena.com/realme_v11s_5g-11122.php,2026-08-26T16:04:00
Realme V11s 5G,Realme,6GB,128GB,Mediatek Dimensity 810,5000.0,6.5,2021,0,5G,Android 11,https://www.gsmarena.com/realme_v11s_5g-11122.php,2026-08-26T16:04:00
Realme GT Neo2,Realme,8GB,128GB,Qualcomm SM8250-AC Snapdragon 870 5G,5000.0,6.62,2021,1,5G,Android 11,https://www.gsmarena.com/realme_gt_neo2-11074.php,2026-08-26T16:04:27
Realme GT Neo2,Realme,8GB,256GB,Qualcomm SM8250-AC Snapdragon 870 5G,5000.0,6.62,2021,1,5G,Android 11,https://www.gsmarena.com/realme_gt_neo2-11074.php,2026-08-26T16:04:27
Realme GT Neo2,Realme,12GB,256GB,Qualcomm SM8250-AC Snapdragon 870 5G,5000.0,6.62,2021,1,5G,Android 11,https://www.gsmarena.com/realme_gt_neo2-11074.php,2026-08-26T16:04:27
Realme C25Y,Realme,4GB,64GB,Unisoc T610,5000.0,6.5,2021,0,4G,Android 11,https://www.gsmarena.com/realme_c25y-11109.php,2026-08-26T16:04:56
Realme C25Y,Realme,4GB,128GB,Unisoc T610,5000.0,6.5,2021,0,4G,Android 11,https://www.gsmarena.com/realme_c25y-11109.php,2026-08-26T16:04:56
Realme C25Y,Realme,6GB,128GB,Unisoc T610,5000.0,6.5,2021,0,4G,Android 11,https://www.gsmarena.com/realme_c25y-11109.php,2026-08-26T16:04:56
Realme 8s 5G,Realme,6GB,128GB,Mediatek Dimensity 810,5000.0,6.5,2021,0,5G,Android 11,https://www.gsmarena.com/realme_8s_5g-11078.php,2026-08-26T16:05:25
Realme 8s 5G,Realme,8GB,128GB,Mediatek Dimensity 810,5000.0,6.5,2021,0,5G,Android 11,https://www.gsmarena.com/realme_8s_5g-11078.php,2026-08-26T16:05:25
Realme 8i,Realme,4GB,64GB,Mediatek MT6781 Helio G96,5000.0,6.6,2021,1,4G,Android 11,https://www.gsmarena.com/realme_8i-11069.php,2026-08-26T16:05:54
Realme 8i,Realme,4GB,128GB,Mediatek MT6781 Helio G96,5000.0,6.6,2021,1,4G,Android 11,https://www.gsmarena.com/realme_8i-11069.php,2026-08-26T16:05:54
Realme 8i,Realme,6GB,128GB,Mediatek MT6781 Helio G96,5000.0,6.6,2021,1,4G,Android 11,https://www.gsmarena.com/realme_8i-11069.php,2026-08-26T16:05:54
Realme GT Explorer Master,Realme,8GB,128GB,Qualcomm SM8250-AC Snapdragon 870 5G,4500.0,6.55,2021,1,5G,Android 11,https://www.gsmarena.com/realme_gt_explorer_master-11023.php,2026-08-26T16:06:34
Realme GT Explorer Master,Realme,12GB,256GB,Qualcomm SM8250-AC Snapdragon 870 5G,4500.0,6.55,2021,1,5G,Android 11,https://www.gsmarena.com/realme_gt_explorer_master-11023.php,2026-08-26T16:06:34
Xiaomi Redmi 17C,Redmi,4GB,64GB,Mediatek Dimensity 6300,6000.0,6.9,2026,1,5G,Android 16,https://www.gsmarena.com/xiaomi_redmi_17c_5g-14866.php,2026-08-26T17:33:25
Xiaomi Redmi 17C,Redmi,4GB,128GB,Mediatek Dimensity 6300,6000.0,6.9,2026,1,5G,Android 16,https://www.gsmarena.com/xiaomi_redmi_17c_5g-14866.php,2026-08-26T17:33:25
Xiaomi Redmi M100,Redmi,6GB,128GB,Qualcomm Snapdragon 4 Gen 5,7900.0,6.9,2026,1,5G,Android 16,https://www.gsmarena.com/xiaomi_redmi_m100_5g-14882.php,2026-08-26T17:35:00
Xiaomi Redmi M100,Redmi,6GB,256GB,Qualcomm Snapdragon 4 Gen 5,7900.0,6.9,2026,1,5G,Android 16,https://www.gsmarena.com/xiaomi_redmi_m100_5g-14882.php,2026-08-26T17:35:00
Xiaomi Redmi M100,Redmi,8GB,256GB,Qualcomm Snapdragon 4 Gen 5,7900.0,6.9,2026,1,5G,Android 16,https://www.gsmarena.com/xiaomi_redmi_m100_5g-14882.php,2026-08-26T17:35:00
Xiaomi Redmi K100 Pro Max,Redmi,12GB,256GB,Qualcomm SM8850-AC Snapdragon 8 Elite Gen 5,0.0,6.9,2026,1,5G,Android 16,https://www.gsmarena.com/xiaomi_redmi_k100_pro_max_5g-14865.php,2026-08-26T17:35:39
Xiaomi Redmi K100 Pro Max,Redmi,16GB,256GB,Qualcomm SM8850-AC Snapdragon 8 Elite Gen 5,0.0,6.9,2026,1,5G,Android 16,https://www.gsmarena.com/xiaomi_redmi_k100_pro_max_5g-14865.php,2026-08-26T17:35:39
Xiaomi Redmi K100 Pro Max,Redmi,12GB,512GB,Qualcomm SM8850-AC Snapdragon 8 Elite Gen 5,0.0,6.9,2026,1,5G,Android 16,https://www.gsmarena.com/xiaomi_redmi_k100_pro_max_5g-14865.php,2026-08-26T17:35:39
Xiaomi Redmi K100 Pro Max,Redmi,16GB,512GB,Qualcomm SM8850-AC Snapdragon 8 Elite Gen 5,0.0,6.9,2026,1,5G,Android 16,https://www.gsmarena.com/xiaomi_redmi_k100_pro_max_5g-14865.php,2026-08-26T17:35:39
Xiaomi Redmi K100 Pro,Redmi,12GB,256GB,Qualcomm SM8850-1-AB Snapdragon 8 Elite Gen 5 V Series,8580.0,6.59,2026,1,5G,Android 16,https://www.gsmarena.com/xiaomi_redmi_k100_pro_5g-14715.php,2026-08-26T17:36:01
Xiaomi Redmi K100 Pro,Redmi,16GB,256GB,Qualcomm SM8850-1-AB Snapdragon 8 Elite Gen 5 V Series,8580.0,6.59,2026,1,5G,Android 16,https://www.gsmarena.com/xiaomi_redmi_k100_pro_5g-14715.php,2026-08-26T17:36:01
Xiaomi Redmi K100 Pro,Redmi,12GB,512GB,Qualcomm SM8850-1-AB Snapdragon 8 Elite Gen 5 V Series,8580.0,6.59,2026,1,5G,Android 16,https://www.gsmarena.com/xiaomi_redmi_k100_pro_5g-14715.php,2026-08-26T17:36:01
Xiaomi Redmi K100 Pro,Redmi,16GB,512GB,Qualcomm SM8850-1-AB Snapdragon 8 Elite Gen 5 V Series,8580.0,6.59,2026,1,5G,Android 16,https://www.gsmarena.com/xiaomi_redmi_k100_pro_5g-14715.php,2026-08-26T17:36:01
Xiaomi Redmi 17,Redmi,4GB,128GB,Qualcomm Snapdragon 4 Gen 5,7500.0,6.9,2026,1,5G,Android 16,https://www.gsmarena.com/xiaomi_redmi_17_5g-14869.php,2026-08-26T17:36:28
Xiaomi Redmi 17,Redmi,6GB,128GB,Qualcomm Snapdragon 4 Gen 5,7500.0,6.9,2026,1,5G,Android 16,https://www.gsmarena.com/xiaomi_redmi_17_5g-14869.php,2026-08-26T17:36:28
Xiaomi Redmi 17,Redmi,4GB,256GB,Qualcomm Snapdragon 4 Gen 5,7500.0,6.9,2026,1,5G,Android 16,https://www.gsmarena.com/xiaomi_redmi_17_5g-14869.php,2026-08-26T17:36:28
Xiaomi Redmi 17,Redmi,6GB,256GB,Qualcomm Snapdragon 4 Gen 5,7500.0,6.9,2026,1,5G,Android 16,https://www.gsmarena.com/xiaomi_redmi_17_5g-14869.php,2026-08-26T17:36:28
Xiaomi Redmi 17 4G,Redmi,4GB,128GB,Mediatek Helio G91 Ultra,7500.0,6.9,2026,1,4G,Android 16,https://www.gsmarena.com/xiaomi_redmi_17-14807.php,2026-08-26T17:37:00
Xiaomi Redmi 17 4G,Redmi,6GB,128GB,Mediatek Helio G91 Ultra,7500.0,6.9,2026,1,4G,Android 16,https://www.gsmarena.com/xiaomi_redmi_17-14807.php,2026-08-26T17:37:00
Xiaomi Redmi 17 4G,Redmi,4GB,256GB,Mediatek Helio G91 Ultra,7500.0,6.9,2026,1,4G,Android 16,https://www.gsmarena.com/xiaomi_redmi_17-14807.php,2026-08-26T17:37:00
Xiaomi Redmi 17 4G,Redmi,6GB,256GB,Mediatek Helio G91 Ultra,7500.0,6.9,2026,1,4G,Android 16,https://www.gsmarena.com/xiaomi_redmi_17-14807.php,2026-08-26T17:37:00
Xiaomi Redmi Note 17 Pro (China),Redmi,8GB,128GB,Qualcomm SM6435-AA Snapdragon 6s Gen 4,9000.0,6.83,2026,1,5G,Android 16,https://www.gsmarena.com/xiaomi_redmi_note_17_pro_5g_(china)-14797.php,2026-08-26T17:37:29
Xiaomi Redmi Note 17 Pro (China),Redmi,8GB,256GB,Qualcomm SM6435-AA Snapdragon 6s Gen 4,9000.0,6.83,2026,1,5G,Android 16,https://www.gsmarena.com/xiaomi_redmi_note_17_pro_5g_(china)-14797.php,2026-08-26T17:37:29
Xiaomi Redmi Note 17 Pro (China),Redmi,12GB,256GB,Qualcomm SM6435-AA Snapdragon 6s Gen 4,9000.0,6.83,2026,1,5G,Android 16,https://www.gsmarena.com/xiaomi_redmi_note_17_pro_5g_(china)-14797.php,2026-08-26T17:37:29
Xiaomi Redmi Note 17 Pro (China),Redmi,8GB,512GB,Qualcomm SM6435-AA Snapdragon 6s Gen 4,9000.0,6.83,2026,1,5G,Android 16,https://www.gsmarena.com/xiaomi_redmi_note_17_pro_5g_(china)-14797.php,2026-08-26T17:37:29
Xiaomi Redmi Note 17 (India/China),Redmi,6GB,128GB,Qualcomm SM4450-AF Snapdragon 4 Gen 4,8000.0,6.99,2026,1,5G,Android 16,https://www.gsmarena.com/xiaomi_redmi_note_17_5g_(china)-14798.php,2026-08-26T17:37:58
Xiaomi Redmi Note 17 (India/China),Redmi,8GB,128GB,Qualcomm SM4450-AF Snapdragon 4 Gen 4,8000.0,6.99,2026,1,5G,Android 16,https://www.gsmarena.com/xiaomi_redmi_note_17_5g_(china)-14798.php,2026-08-26T17:37:58
Xiaomi Redmi Note 17 (India/China),Redmi,8GB,256GB,Qualcomm SM4450-AF Snapdragon 4 Gen 4,8000.0,6.99,2026,1,5G,Android 16,https://www.gsmarena.com/xiaomi_redmi_note_17_5g_(china)-14798.php,2026-08-26T17:37:58
Xiaomi Redmi K90 Ultra,Redmi,12GB,256GB,Qualcomm SM8750-AB Snapdragon 8 Elite,8550.0,6.83,2026,1,5G,Android 16,https://www.gsmarena.com/xiaomi_redmi_k90_ultra_5g-14757.php,2026-08-26T17:38:39
Xiaomi Redmi K90 Ultra,Redmi,16GB,256GB,Qualcomm SM8750-AB Snapdragon 8 Elite,8550.0,6.83,2026,1,5G,Android 16,https://www.gsmarena.com/xiaomi_redmi_k90_ultra_5g-14757.php,2026-08-26T17:38:39
Xiaomi Redmi K90 Ultra,Redmi,12GB,512GB,Qualcomm SM8750-AB Snapdragon 8 Elite,8550.0,6.83,2026,1,5G,Android 16,https://www.gsmarena.com/xiaomi_redmi_k90_ultra_5g-14757.php,2026-08-26T17:38:39
Xiaomi Redmi K90 Ultra,Redmi,16GB,512GB,Qualcomm SM8750-AB Snapdragon 8 Elite,8550.0,6.83,2026,1,5G,Android 16,https://www.gsmarena.com/xiaomi_redmi_k90_ultra_5g-14757.php,2026-08-26T17:38:39
Xiaomi Redmi 17C 4G,Redmi,4GB,64GB,Mediatek Helio G81 Ultra,5160.0,6.88,2026,0,4G,Android 16,https://www.gsmarena.com/xiaomi_redmi_17c_(china)-14750.php,2026-08-26T17:39:03
Xiaomi Redmi 17C 4G,Redmi,4GB,128GB,Mediatek Helio G81 Ultra,5160.0,6.88,2026,0,4G,Android 16,https://www.gsmarena.com/xiaomi_redmi_17c_(china)-14750.php,2026-08-26T17:39:03
Xiaomi 17T Pro,Xiaomi,12GB,256GB,Mediatek Dimensity 9500,7000.0,6.83,2026,1,5G,Android 16,https://www.gsmarena.com/xiaomi_17t_pro_5g-14651.php,2026-08-26T17:39:41
Xiaomi 17T Pro,Xiaomi,12GB,512GB,Mediatek Dimensity 9500,7000.0,6.83,2026,1,5G,Android 16,https://www.gsmarena.com/xiaomi_17t_pro_5g-14651.php,2026-08-26T17:39:41
Xiaomi 17T Pro,Xiaomi,16GB,512GB,Mediatek Dimensity 9500,7000.0,6.83,2026,1,5G,Android 16,https://www.gsmarena.com/xiaomi_17t_pro_5g-14651.php,2026-08-26T17:39:41
Xiaomi 17T Pro,Xiaomi,12GB,1TB,Mediatek Dimensity 9500,7000.0,6.83,2026,1,5G,Android 16,https://www.gsmarena.com/xiaomi_17t_pro_5g-14651.php,2026-08-26T17:39:41
Xiaomi 17T,Xiaomi,12GB,256GB,Mediatek Dimensity 8500 Ultra,6500.0,6.59,2026,1,5G,Android 16,https://www.gsmarena.com/xiaomi_17t_5g-14652.php,2026-08-26T17:40:04
Xiaomi 17T,Xiaomi,12GB,512GB,Mediatek Dimensity 8500 Ultra,6500.0,6.59,2026,1,5G,Android 16,https://www.gsmarena.com/xiaomi_17t_5g-14652.php,2026-08-26T17:40:04
Xiaomi 17 Max,Xiaomi,12GB,256GB,Qualcomm SM8850-AC Snapdragon 8 Elite Gen 5,8000.0,6.9,2026,1,5G,Android 16,https://www.gsmarena.com/xiaomi_17_max_5g-14667.php,2026-08-26T17:41:14
Xiaomi 17 Max,Xiaomi,16GB,256GB,Qualcomm SM8850-AC Snapdragon 8 Elite Gen 5,8000.0,6.9,2026,1,5G,Android 16,https://www.gsmarena.com/xiaomi_17_max_5g-14667.php,2026-08-26T17:41:14
Xiaomi 17 Max,Xiaomi,12GB,512GB,Qualcomm SM8850-AC Snapdragon 8 Elite Gen 5,8000.0,6.9,2026,1,5G,Android 16,https://www.gsmarena.com/xiaomi_17_max_5g-14667.php,2026-08-26T17:41:14
Xiaomi 17 Max,Xiaomi,16GB,512GB,Qualcomm SM8850-AC Snapdragon 8 Elite Gen 5,8000.0,6.9,2026,1,5G,Android 16,https://www.gsmarena.com/xiaomi_17_max_5g-14667.php,2026-08-26T17:41:14
Xiaomi Redmi K90 Max,Redmi,12GB,256GB,MediaTek Dimensity 9500,8550.0,6.83,2026,1,5G,Android 16,https://www.gsmarena.com/xiaomi_redmi_k90_max_5g-14618.php,2026-08-26T17:42:26
Xiaomi Redmi K90 Max,Redmi,16GB,256GB,MediaTek Dimensity 9500,8550.0,6.83,2026,1,5G,Android 16,https://www.gsmarena.com/xiaomi_redmi_k90_max_5g-14618.php,2026-08-26T17:42:26
Xiaomi Redmi K90 Max,Redmi,12GB,512GB,MediaTek Dimensity 9500,8550.0,6.83,2026,1,5G,Android 16,https://www.gsmarena.com/xiaomi_redmi_k90_max_5g-14618.php,2026-08-26T17:42:26
Xiaomi Redmi K90 Max,Redmi,16GB,512GB,MediaTek Dimensity 9500,8550.0,6.83,2026,1,5G,Android 16,https://www.gsmarena.com/xiaomi_redmi_k90_max_5g-14618.php,2026-08-26T17:42:26
Xiaomi Redmi K90 Max,Redmi,16GB,1TB,MediaTek Dimensity 9500,8550.0,6.83,2026,1,5G,Android 16,https://www.gsmarena.com/xiaomi_redmi_k90_max_5g-14618.php,2026-08-26T17:42:26
Xiaomi Redmi A7 Pro,Redmi,4GB,64GB,Unisoc T8300,6300.0,6.9,2026,0,5G,Android 16,https://www.gsmarena.com/xiaomi_redmi_a7_pro_5g-14616.php,2026-08-26T17:43:52
Xiaomi Redmi A7 Pro,Redmi,4GB,128GB,Unisoc T8300,6300.0,6.9,2026,0,5G,Android 16,https://www.gsmarena.com/xiaomi_redmi_a7_pro_5g-14616.php,2026-08-26T17:43:52
Xiaomi Redmi A7 Pro,Redmi,6GB,128GB,Unisoc T8300,6300.0,6.9,2026,0,5G,Android 16,https://www.gsmarena.com/xiaomi_redmi_a7_pro_5g-14616.php,2026-08-26T17:43:52
Xiaomi Redmi A7,Redmi,3GB,64GB,Unisoc T7250,5200.0,6.88,2026,0,4G,Android 15,https://www.gsmarena.com/xiaomi_redmi_a7-14623.php,2026-08-26T17:44:34
Xiaomi Redmi R70m,Redmi,6GB,128GB,Unisoc T8300,6300.0,6.9,2026,0,5G,Android 16,https://www.gsmarena.com/xiaomi_redmi_r70m_5g-14600.php,2026-08-26T17:45:00
Xiaomi Redmi R70m,Redmi,6GB,256GB,Unisoc T8300,6300.0,6.9,2026,0,5G,Android 16,https://www.gsmarena.com/xiaomi_redmi_r70m_5g-14600.php,2026-08-26T17:45:00
Xiaomi Redmi R70m,Redmi,8GB,256GB,Unisoc T8300,6300.0,6.9,2026,0,5G,Android 16,https://www.gsmarena.com/xiaomi_redmi_r70m_5g-14600.php,2026-08-26T17:45:00
Xiaomi Redmi R70m,Redmi,12GB,256GB,Unisoc T8300,6300.0,6.9,2026,0,5G,Android 16,https://www.gsmarena.com/xiaomi_redmi_r70m_5g-14600.php,2026-08-26T17:45:00
Xiaomi Redmi R70,Redmi,4GB,128GB,Unisoc T8300,6000.0,6.9,2026,0,5G,Android 16,https://www.gsmarena.com/xiaomi_redmi_r70_5g-14598.php,2026-08-26T17:45:36
Xiaomi Redmi R70,Redmi,6GB,128GB,Unisoc T8300,6000.0,6.9,2026,0,5G,Android 16,https://www.gsmarena.com/xiaomi_redmi_r70_5g-14598.php,2026-08-26T17:45:36
Xiaomi Redmi R70,Redmi,6GB,256GB,Unisoc T8300,6000.0,6.9,2026,0,5G,Android 16,https://www.gsmarena.com/xiaomi_redmi_r70_5g-14598.php,2026-08-26T17:45:36
Xiaomi Redmi R70,Redmi,8GB,256GB,Unisoc T8300,6000.0,6.9,2026,0,5G,Android 16,https://www.gsmarena.com/xiaomi_redmi_r70_5g-14598.php,2026-08-26T17:45:36
Xiaomi Redmi Note 15 Special,Redmi,6GB,128GB,Qualcomm SM6475-AB Snapdragon 6 Gen 3,5800.0,6.77,2026,0,5G,Android 15,https://www.gsmarena.com/xiaomi_redmi_note_15_special_edition_5g-14571.php,2026-08-26T17:46:02
Xiaomi Redmi Note 15 Special,Redmi,8GB,128GB,Qualcomm SM6475-AB Snapdragon 6 Gen 3,5800.0,6.77,2026,0,5G,Android 15,https://www.gsmarena.com/xiaomi_redmi_note_15_special_edition_5g-14571.php,2026-08-26T17:46:02
Xiaomi Redmi Note 15 Special,Redmi,8GB,256GB,Qualcomm SM6475-AB Snapdragon 6 Gen 3,5800.0,6.77,2026,0,5G,Android 15,https://www.gsmarena.com/xiaomi_redmi_note_15_special_edition_5g-14571.php,2026-08-26T17:46:02
Xiaomi Redmi A7 Pro 4G,Redmi,4GB,64GB,Unisoc T7250,6000.0,6.9,2026,1,4G,Android 16,https://www.gsmarena.com/xiaomi_redmi_a7_pro-14463.php,2026-08-26T17:46:30
Xiaomi Redmi A7 Pro 4G,Redmi,4GB,128GB,Unisoc T7250,6000.0,6.9,2026,1,4G,Android 16,https://www.gsmarena.com/xiaomi_redmi_a7_pro-14463.php,2026-08-26T17:46:30
Xiaomi Redmi 15a,Redmi,4GB,64GB,Unisoc T8300,6300.0,6.9,2026,0,5G,Android 16,https://www.gsmarena.com/xiaomi_redmi_15a_5g-14565.php,2026-08-26T17:46:54
Xiaomi Redmi 15a,Redmi,4GB,128GB,Unisoc T8300,6300.0,6.9,2026,0,5G,Android 16,https://www.gsmarena.com/xiaomi_redmi_15a_5g-14565.php,2026-08-26T17:46:54
Xiaomi Redmi 15a,Redmi,6GB,128GB,Unisoc T8300,6300.0,6.9,2026,0,5G,Android 16,https://www.gsmarena.com/xiaomi_redmi_15a_5g-14565.php,2026-08-26T17:46:54
Xiaomi 17 Ultra,Xiaomi,16GB,512GB,Qualcomm SM8850-AC Snapdragon 8 Elite Gen 5,6000.0,6.9,2026,1,5G,Android 16,https://www.gsmarena.com/xiaomi_17_ultra_5g-14380.php,2026-08-26T17:47:18
Xiaomi 17 Ultra,Xiaomi,16GB,1TB,Qualcomm SM8850-AC Snapdragon 8 Elite Gen 5,6000.0,6.9,2026,1,5G,Android 16,https://www.gsmarena.com/xiaomi_17_ultra_5g-14380.php,2026-08-26T17:47:18
Xiaomi 17,Xiaomi,12GB,256GB,Qualcomm SM8850-AC Snapdragon 8 Elite Gen 5,6330.0,6.3,2025,1,5G,Android 16,https://www.gsmarena.com/xiaomi_17_5g-14134.php,2026-08-26T17:47:44
Xiaomi 17,Xiaomi,12GB,512GB,Qualcomm SM8850-AC Snapdragon 8 Elite Gen 5,6330.0,6.3,2025,1,5G,Android 16,https://www.gsmarena.com/xiaomi_17_5g-14134.php,2026-08-26T17:47:44
Xiaomi 17,Xiaomi,16GB,512GB,Qualcomm SM8850-AC Snapdragon 8 Elite Gen 5,6330.0,6.3,2025,1,5G,Android 16,https://www.gsmarena.com/xiaomi_17_5g-14134.php,2026-08-26T17:47:44
Xiaomi 17,Xiaomi,16GB,1TB,Qualcomm SM8850-AC Snapdragon 8 Elite Gen 5,6330.0,6.3,2025,1,5G,Android 16,https://www.gsmarena.com/xiaomi_17_5g-14134.php,2026-08-26T17:47:44
Xiaomi Redmi Turbo 5 Max,Redmi,12GB,256GB,Mediatek Dimensity 9500s,9000.0,6.83,2026,1,5G,Android 16,https://www.gsmarena.com/xiaomi_redmi_turbo_5_max_5g-14453.php,2026-08-26T17:49:15
Xiaomi Redmi Turbo 5 Max,Redmi,16GB,256GB,Mediatek Dimensity 9500s,9000.0,6.83,2026,1,5G,Android 16,https://www.gsmarena.com/xiaomi_redmi_turbo_5_max_5g-14453.php,2026-08-26T17:49:15
Xiaomi Redmi Turbo 5 Max,Redmi,12GB,512GB,Mediatek Dimensity 9500s,9000.0,6.83,2026,1,5G,Android 16,https://www.gsmarena.com/xiaomi_redmi_turbo_5_max_5g-14453.php,2026-08-26T17:49:15
Xiaomi Redmi Turbo 5 Max,Redmi,16GB,512GB,Mediatek Dimensity 9500s,9000.0,6.83,2026,1,5G,Android 16,https://www.gsmarena.com/xiaomi_redmi_turbo_5_max_5g-14453.php,2026-08-26T17:49:15
Xiaomi Redmi Turbo 5 Max,Redmi,16GB,1TB,Mediatek Dimensity 9500s,9000.0,6.83,2026,1,5G,Android 16,https://www.gsmarena.com/xiaomi_redmi_turbo_5_max_5g-14453.php,2026-08-26T17:49:15
Xiaomi Redmi Turbo 5,Redmi,8GB,128GB,Mediatek Dimensity 8500 Ultra,7540.0,6.59,2026,1,5G,Android 16,https://www.gsmarena.com/xiaomi_redmi_turbo_5_5g-14454.php,2026-08-26T17:49:52
Xiaomi Redmi Turbo 5,Redmi,12GB,256GB,Mediatek Dimensity 8500 Ultra,7540.0,6.59,2026,1,5G,Android 16,https://www.gsmarena.com/xiaomi_redmi_turbo_5_5g-14454.php,2026-08-26T17:49:52
Xiaomi Redmi Turbo 5,Redmi,16GB,256GB,Mediatek Dimensity 8500 Ultra,7540.0,6.59,2026,1,5G,Android 16,https://www.gsmarena.com/xiaomi_redmi_turbo_5_5g-14454.php,2026-08-26T17:49:52
Xiaomi Redmi Turbo 5,Redmi,12GB,512GB,Mediatek Dimensity 8500 Ultra,7540.0,6.59,2026,1,5G,Android 16,https://www.gsmarena.com/xiaomi_redmi_turbo_5_5g-14454.php,2026-08-26T17:49:52
Xiaomi Redmi Turbo 5,Redmi,16GB,512GB,Mediatek Dimensity 8500 Ultra,7540.0,6.59,2026,1,5G,Android 16,https://www.gsmarena.com/xiaomi_redmi_turbo_5_5g-14454.php,2026-08-26T17:49:52
Xiaomi 17 Ultra (China),Xiaomi,12GB,512GB,Qualcomm SM8850-AC Snapdragon 8 Elite Gen 5,6800.0,6.9,2025,1,5G,Android 16,https://www.gsmarena.com/xiaomi_17_ultra_5g_(china)-14516.php,2026-08-26T17:50:53
Xiaomi 17 Ultra (China),Xiaomi,16GB,512GB,Qualcomm SM8850-AC Snapdragon 8 Elite Gen 5,6800.0,6.9,2025,1,5G,Android 16,https://www.gsmarena.com/xiaomi_17_ultra_5g_(china)-14516.php,2026-08-26T17:50:53
Xiaomi 17 Ultra (China),Xiaomi,16GB,1TB,Qualcomm SM8850-AC Snapdragon 8 Elite Gen 5,6800.0,6.9,2025,1,5G,Android 16,https://www.gsmarena.com/xiaomi_17_ultra_5g_(china)-14516.php,2026-08-26T17:50:53
Xiaomi Redmi Note 15 Pro+,Redmi,8GB,256GB,Qualcomm SM7635-AC Snapdragon 7s Gen 4,6500.0,6.83,2025,1,5G,Android 15,https://www.gsmarena.com/xiaomi_redmi_note_15_pro+_5g_(global)-14326.php,2026-08-26T17:51:16
Xiaomi Redmi Note 15 Pro+,Redmi,12GB,256GB,Qualcomm SM7635-AC Snapdragon 7s Gen 4,6500.0,6.83,2025,1,5G,Android 15,https://www.gsmarena.com/xiaomi_redmi_note_15_pro+_5g_(global)-14326.php,2026-08-26T17:51:16
Xiaomi Redmi Note 15 Pro+,Redmi,12GB,512GB,Qualcomm SM7635-AC Snapdragon 7s Gen 4,6500.0,6.83,2025,1,5G,Android 15,https://www.gsmarena.com/xiaomi_redmi_note_15_pro+_5g_(global)-14326.php,2026-08-26T17:51:16
Xiaomi Redmi Note 15 Pro,Redmi,8GB,128GB,Mediatek Dimensity 7400 Ultra,6580.0,6.83,2025,1,5G,Android 15,https://www.gsmarena.com/xiaomi_redmi_note_15_pro_5g_(global)-14327.php,2026-08-26T17:51:48
Xiaomi Redmi Note 15 Pro,Redmi,8GB,256GB,Mediatek Dimensity 7400 Ultra,6580.0,6.83,2025,1,5G,Android 15,https://www.gsmarena.com/xiaomi_redmi_note_15_pro_5g_(global)-14327.php,2026-08-26T17:51:48
Xiaomi Redmi Note 15 Pro,Redmi,12GB,256GB,Mediatek Dimensity 7400 Ultra,6580.0,6.83,2025,1,5G,Android 15,https://www.gsmarena.com/xiaomi_redmi_note_15_pro_5g_(global)-14327.php,2026-08-26T17:51:48
Xiaomi Redmi Note 15 Pro,Redmi,8GB,512GB,Mediatek Dimensity 7400 Ultra,6580.0,6.83,2025,1,5G,Android 15,https://www.gsmarena.com/xiaomi_redmi_note_15_pro_5g_(global)-14327.php,2026-08-26T17:51:48
Xiaomi Redmi Note 15 Pro,Redmi,12GB,512GB,Mediatek Dimensity 7400 Ultra,6580.0,6.83,2025,1,5G,Android 15,https://www.gsmarena.com/xiaomi_redmi_note_15_pro_5g_(global)-14327.php,2026-08-26T17:51:48
Xiaomi Redmi Note 15,Redmi,6GB,128GB,Qualcomm SM6475-AB Snapdragon 6 Gen 3,5520.0,6.77,2025,1,5G,Android 15,https://www.gsmarena.com/xiaomi_redmi_note_15_5g_(global)-14328.php,2026-08-26T17:52:15
Xiaomi Redmi Note 15,Redmi,8GB,128GB,Qualcomm SM6475-AB Snapdragon 6 Gen 3,5520.0,6.77,2025,1,5G,Android 15,https://www.gsmarena.com/xiaomi_redmi_note_15_5g_(global)-14328.php,2026-08-26T17:52:15
Xiaomi Redmi Note 15,Redmi,8GB,256GB,Qualcomm SM6475-AB Snapdragon 6 Gen 3,5520.0,6.77,2025,1,5G,Android 15,https://www.gsmarena.com/xiaomi_redmi_note_15_5g_(global)-14328.php,2026-08-26T17:52:15
Xiaomi Redmi Note 15,Redmi,8GB,512GB,Qualcomm SM6475-AB Snapdragon 6 Gen 3,5520.0,6.77,2025,1,5G,Android 15,https://www.gsmarena.com/xiaomi_redmi_note_15_5g_(global)-14328.php,2026-08-26T17:52:15
Xiaomi Redmi Note 15,Redmi,12GB,512GB,Qualcomm SM6475-AB Snapdragon 6 Gen 3,5520.0,6.77,2025,1,5G,Android 15,https://www.gsmarena.com/xiaomi_redmi_note_15_5g_(global)-14328.php,2026-08-26T17:52:15
Xiaomi Redmi Note 15 Pro 4G,Redmi,8GB,256GB,Mediatek Helio G200 Ultra,6500.0,6.77,2025,1,4G,Android 15,https://www.gsmarena.com/xiaomi_redmi_note_15_pro_(global)-14330.php,2026-08-26T17:52:46
Xiaomi Redmi Note 15 Pro 4G,Redmi,12GB,256GB,Mediatek Helio G200 Ultra,6500.0,6.77,2025,1,4G,Android 15,https://www.gsmarena.com/xiaomi_redmi_note_15_pro_(global)-14330.php,2026-08-26T17:52:46
Xiaomi Redmi Note 15 Pro 4G,Redmi,12GB,512GB,Mediatek Helio G200 Ultra,6500.0,6.77,2025,1,4G,Android 15,https://www.gsmarena.com/xiaomi_redmi_note_15_pro_(global)-14330.php,2026-08-26T17:52:46
Xiaomi Redmi Note 15 4G,Redmi,6GB,128GB,Mediatek Helio G100 Ultra,6000.0,6.77,2025,1,4G,Android 15,https://www.gsmarena.com/xiaomi_redmi_note_15-14323.php,2026-08-26T17:53:11
Xiaomi Redmi Note 15 4G,Redmi,8GB,128GB,Mediatek Helio G100 Ultra,6000.0,6.77,2025,1,4G,Android 15,https://www.gsmarena.com/xiaomi_redmi_note_15-14323.php,2026-08-26T17:53:11
Xiaomi Redmi Note 15 4G,Redmi,6GB,256GB,Mediatek Helio G100 Ultra,6000.0,6.77,2025,1,4G,Android 15,https://www.gsmarena.com/xiaomi_redmi_note_15-14323.php,2026-08-26T17:53:11
Xiaomi Redmi Note 15 4G,Redmi,8GB,256GB,Mediatek Helio G100 Ultra,6000.0,6.77,2025,1,4G,Android 15,https://www.gsmarena.com/xiaomi_redmi_note_15-14323.php,2026-08-26T17:53:11
Xiaomi Redmi Note 15 4G,Redmi,8GB,512GB,Mediatek Helio G100 Ultra,6000.0,6.77,2025,1,4G,Android 15,https://www.gsmarena.com/xiaomi_redmi_note_15-14323.php,2026-08-26T17:53:11
Xiaomi Black Shark GS3 Ultra,Xiaomi,,,,0.0,0.0,2025,0,2G,GPS (L1+L5),https://www.gsmarena.com/xiaomi_black_shark_gs3_ultra-14309.php,2026-08-26T17:53:41
Xiaomi Black Shark GS3,Xiaomi,,,,0.0,0.0,2025,0,2G,GPS,https://www.gsmarena.com/xiaomi_black_shark_gs3-14512.php,2026-08-26T17:54:21
Xiaomi Redmi K90,Redmi,12GB,256GB,Qualcomm SM8750-AB Snapdragon 8 Elite,7100.0,6.59,2025,1,5G,Android 16,https://www.gsmarena.com/xiaomi_redmi_k90_5g-14280.php,2026-08-26T17:54:58
Xiaomi Redmi K90,Redmi,12GB,512GB,Qualcomm SM8750-AB Snapdragon 8 Elite,7100.0,6.59,2025,1,5G,Android 16,https://www.gsmarena.com/xiaomi_redmi_k90_5g-14280.php,2026-08-26T17:54:58
Xiaomi Redmi K90,Redmi,16GB,512GB,Qualcomm SM8750-AB Snapdragon 8 Elite,7100.0,6.59,2025,1,5G,Android 16,https://www.gsmarena.com/xiaomi_redmi_k90_5g-14280.php,2026-08-26T17:54:58
Xiaomi Redmi K90,Redmi,16GB,1TB,Qualcomm SM8750-AB Snapdragon 8 Elite,7100.0,6.59,2025,1,5G,Android 16,https://www.gsmarena.com/xiaomi_redmi_k90_5g-14280.php,2026-08-26T17:54:58
Xiaomi Redmi K90 Pro Max,Redmi,12GB,256GB,Qualcomm SM8850-AC Snapdragon 8 Elite Gen 5,7560.0,6.9,2025,1,5G,Android 16,https://www.gsmarena.com/xiaomi_redmi_k90_pro_max_5g-14252.php,2026-08-26T17:55:26
Xiaomi Redmi K90 Pro Max,Redmi,12GB,512GB,Qualcomm SM8850-AC Snapdragon 8 Elite Gen 5,7560.0,6.9,2025,1,5G,Android 16,https://www.gsmarena.com/xiaomi_redmi_k90_pro_max_5g-14252.php,2026-08-26T17:55:26
Xiaomi Redmi K90 Pro Max,Redmi,16GB,512GB,Qualcomm SM8850-AC Snapdragon 8 Elite Gen 5,7560.0,6.9,2025,1,5G,Android 16,https://www.gsmarena.com/xiaomi_redmi_k90_pro_max_5g-14252.php,2026-08-26T17:55:26
Xiaomi Redmi K90 Pro Max,Redmi,16GB,1TB,Qualcomm SM8850-AC Snapdragon 8 Elite Gen 5,7560.0,6.9,2025,1,5G,Android 16,https://www.gsmarena.com/xiaomi_redmi_k90_pro_max_5g-14252.php,2026-08-26T17:55:26
Xiaomi 17 Pro Max,Xiaomi,12GB,512GB,Qualcomm SM8850-AC Snapdragon 8 Elite Gen 5,7500.0,6.9,2025,1,5G,Android 16,https://www.gsmarena.com/xiaomi_17_pro_max_5g-14181.php,2026-08-26T17:56:38
Xiaomi 17 Pro Max,Xiaomi,16GB,512GB,Qualcomm SM8850-AC Snapdragon 8 Elite Gen 5,7500.0,6.9,2025,1,5G,Android 16,https://www.gsmarena.com/xiaomi_17_pro_max_5g-14181.php,2026-08-26T17:56:38
Xiaomi 17 Pro Max,Xiaomi,16GB,1TB,Qualcomm SM8850-AC Snapdragon 8 Elite Gen 5,7500.0,6.9,2025,1,5G,Android 16,https://www.gsmarena.com/xiaomi_17_pro_max_5g-14181.php,2026-08-26T17:56:38
Xiaomi 17 Pro,Xiaomi,12GB,256GB,Qualcomm SM8850-AC Snapdragon 8 Elite Gen 5,6300.0,6.3,2025,1,5G,Android 16,https://www.gsmarena.com/xiaomi_17_pro_5g-14182.php,2026-08-26T17:57:17
Xiaomi 17 Pro,Xiaomi,12GB,512GB,Qualcomm SM8850-AC Snapdragon 8 Elite Gen 5,6300.0,6.3,2025,1,5G,Android 16,https://www.gsmarena.com/xiaomi_17_pro_5g-14182.php,2026-08-26T17:57:17
Xiaomi 17 Pro,Xiaomi,16GB,512GB,Qualcomm SM8850-AC Snapdragon 8 Elite Gen 5,6300.0,6.3,2025,1,5G,Android 16,https://www.gsmarena.com/xiaomi_17_pro_5g-14182.php,2026-08-26T17:57:17
Xiaomi 17 Pro,Xiaomi,16GB,1TB,Qualcomm SM8850-AC Snapdragon 8 Elite Gen 5,6300.0,6.3,2025,1,5G,Android 16,https://www.gsmarena.com/xiaomi_17_pro_5g-14182.php,2026-08-26T17:57:17
Xiaomi 15T Pro,Xiaomi,12GB,256GB,Mediatek Dimensity 9400+,5500.0,6.83,2025,1,5G,Android 15,https://www.gsmarena.com/xiaomi_15t_pro_5g-14178.php,2026-08-26T17:58:56
Xiaomi 15T Pro,Xiaomi,12GB,512GB,Mediatek Dimensity 9400+,5500.0,6.83,2025,1,5G,Android 15,https://www.gsmarena.com/xiaomi_15t_pro_5g-14178.php,2026-08-26T17:58:56
Xiaomi 15T Pro,Xiaomi,12GB,1TB,Mediatek Dimensity 9400+,5500.0,6.83,2025,1,5G,Android 15,https://www.gsmarena.com/xiaomi_15t_pro_5g-14178.php,2026-08-26T17:58:56
Xiaomi 15T,Xiaomi,12GB,256GB,Mediatek Dimensity 8400 Ultra,5500.0,6.83,2025,1,5G,Android 15,https://www.gsmarena.com/xiaomi_15t_5g-14177.php,2026-08-26T17:59:30
Xiaomi 15T,Xiaomi,12GB,512GB,Mediatek Dimensity 8400 Ultra,5500.0,6.83,2025,1,5G,Android 15,https://www.gsmarena.com/xiaomi_15t_5g-14177.php,2026-08-26T17:59:30
Xiaomi Redmi 15C,Redmi,4GB,128GB,Mediatek Dimensity 6300,6000.0,6.9,2025,1,5G,Android 15,https://www.gsmarena.com/xiaomi_redmi_15c_5g-14039.php,2026-08-26T18:01:01
Xiaomi Redmi 15C,Redmi,6GB,128GB,Mediatek Dimensity 6300,6000.0,6.9,2025,1,5G,Android 15,https://www.gsmarena.com/xiaomi_redmi_15c_5g-14039.php,2026-08-26T18:01:01
Xiaomi Redmi 15C,Redmi,8GB,128GB,Mediatek Dimensity 6300,6000.0,6.9,2025,1,5G,Android 15,https://www.gsmarena.com/xiaomi_redmi_15c_5g-14039.php,2026-08-26T18:01:01
Xiaomi Redmi 15C,Redmi,4GB,256GB,Mediatek Dimensity 6300,6000.0,6.9,2025,1,5G,Android 15,https://www.gsmarena.com/xiaomi_redmi_15c_5g-14039.php,2026-08-26T18:01:01
Xiaomi Redmi 15C,Redmi,8GB,256GB,Mediatek Dimensity 6300,6000.0,6.9,2025,1,5G,Android 15,https://www.gsmarena.com/xiaomi_redmi_15c_5g-14039.php,2026-08-26T18:01:01
Xiaomi Redmi Note 15 Pro+ (China),Redmi,12GB,256GB,Qualcomm SM7635-AC Snapdragon 7s Gen 4,7000.0,6.83,2025,1,5G,Android 15,https://www.gsmarena.com/xiaomi_redmi_note_15_pro+_5g_(china)-14091.php,2026-08-26T18:01:37
Xiaomi Redmi Note 15 Pro+ (China),Redmi,12GB,512GB,Qualcomm SM7635-AC Snapdragon 7s Gen 4,7000.0,6.83,2025,1,5G,Android 15,https://www.gsmarena.com/xiaomi_redmi_note_15_pro+_5g_(china)-14091.php,2026-08-26T18:01:37
Xiaomi Redmi Note 15 Pro+ (China),Redmi,16GB,512GB,Qualcomm SM7635-AC Snapdragon 7s Gen 4,7000.0,6.83,2025,1,5G,Android 15,https://www.gsmarena.com/xiaomi_redmi_note_15_pro+_5g_(china)-14091.php,2026-08-26T18:01:37
Xiaomi Redmi Note 15 Pro+ (China),Redmi,16GB,1TB,Qualcomm SM7635-AC Snapdragon 7s Gen 4,7000.0,6.83,2025,1,5G,Android 15,https://www.gsmarena.com/xiaomi_redmi_note_15_pro+_5g_(china)-14091.php,2026-08-26T18:01:37
Xiaomi Redmi Note 15 Pro (China),Redmi,8GB,256GB,Mediatek Dimensity 7400 Ultra,7000.0,6.83,2025,1,5G,Android 15,https://www.gsmarena.com/xiaomi_redmi_note_15_pro_5g_(china)-14090.php,2026-08-26T18:02:05
Xiaomi Redmi Note 15 Pro (China),Redmi,12GB,256GB,Mediatek Dimensity 7400 Ultra,7000.0,6.83,2025,1,5G,Android 15,https://www.gsmarena.com/xiaomi_redmi_note_15_pro_5g_(china)-14090.php,2026-08-26T18:02:05
Xiaomi Redmi Note 15 Pro (China),Redmi,12GB,512GB,Mediatek Dimensity 7400 Ultra,7000.0,6.83,2025,1,5G,Android 15,https://www.gsmarena.com/xiaomi_redmi_note_15_pro_5g_(china)-14090.php,2026-08-26T18:02:05
Xiaomi Redmi Note 15 (China),Redmi,6GB,128GB,Qualcomm SM6475-AB Snapdragon 6 Gen 3,5800.0,6.77,2025,1,5G,Android 15,https://www.gsmarena.com/xiaomi_redmi_note_15_5g_(china)-14092.php,2026-08-26T18:02:40
Xiaomi Redmi Note 15 (China),Redmi,8GB,128GB,Qualcomm SM6475-AB Snapdragon 6 Gen 3,5800.0,6.77,2025,1,5G,Android 15,https://www.gsmarena.com/xiaomi_redmi_note_15_5g_(china)-14092.php,2026-08-26T18:02:40
Xiaomi Redmi Note 15 (China),Redmi,8GB,256GB,Qualcomm SM6475-AB Snapdragon 6 Gen 3,5800.0,6.77,2025,1,5G,Android 15,https://www.gsmarena.com/xiaomi_redmi_note_15_5g_(china)-14092.php,2026-08-26T18:02:40
Xiaomi Redmi Note 15 (China),Redmi,12GB,256GB,Qualcomm SM6475-AB Snapdragon 6 Gen 3,5800.0,6.77,2025,1,5G,Android 15,https://www.gsmarena.com/xiaomi_redmi_note_15_5g_(china)-14092.php,2026-08-26T18:02:40
Xiaomi Redmi 15 4G,Redmi,4GB,128GB,Qualcomm SM6225 Snapdragon 685,7000.0,6.9,2025,1,4G,Android 15,https://www.gsmarena.com/xiaomi_redmi_15-14037.php,2026-08-26T18:03:19
Xiaomi Redmi 15 4G,Redmi,6GB,128GB,Qualcomm SM6225 Snapdragon 685,7000.0,6.9,2025,1,4G,Android 15,https://www.gsmarena.com/xiaomi_redmi_15-14037.php,2026-08-26T18:03:19
Xiaomi Redmi 15 4G,Redmi,8GB,128GB,Qualcomm SM6225 Snapdragon 685,7000.0,6.9,2025,1,4G,Android 15,https://www.gsmarena.com/xiaomi_redmi_15-14037.php,2026-08-26T18:03:19
Xiaomi Redmi 15 4G,Redmi,8GB,256GB,Qualcomm SM6225 Snapdragon 685,7000.0,6.9,2025,1,4G,Android 15,https://www.gsmarena.com/xiaomi_redmi_15-14037.php,2026-08-26T18:03:19
Xiaomi Redmi 15,Redmi,4GB,128GB,Qualcomm SM6375 Snapdragon 6s Gen 3,7000.0,6.9,2025,1,5G,Android 15,https://www.gsmarena.com/xiaomi_redmi_15_5g-14036.php,2026-08-26T18:03:55
Xiaomi Redmi 15,Redmi,6GB,128GB,Qualcomm SM6375 Snapdragon 6s Gen 3,7000.0,6.9,2025,1,5G,Android 15,https://www.gsmarena.com/xiaomi_redmi_15_5g-14036.php,2026-08-26T18:03:55
Xiaomi Redmi 15,Redmi,8GB,128GB,Qualcomm SM6375 Snapdragon 6s Gen 3,7000.0,6.9,2025,1,5G,Android 15,https://www.gsmarena.com/xiaomi_redmi_15_5g-14036.php,2026-08-26T18:03:55
Xiaomi Redmi 15,Redmi,4GB,256GB,Qualcomm SM6375 Snapdragon 6s Gen 3,7000.0,6.9,2025,1,5G,Android 15,https://www.gsmarena.com/xiaomi_redmi_15_5g-14036.php,2026-08-26T18:03:55
Xiaomi Redmi 15,Redmi,8GB,256GB,Qualcomm SM6375 Snapdragon 6s Gen 3,7000.0,6.9,2025,1,5G,Android 15,https://www.gsmarena.com/xiaomi_redmi_15_5g-14036.php,2026-08-26T18:03:55
Xiaomi Redmi 15C 4G,Redmi,4GB,128GB,Mediatek Helio G81 Ultra,6000.0,6.9,2025,1,4G,Android 15,https://www.gsmarena.com/xiaomi_redmi_15c_4g-14005.php,2026-08-26T18:04:23
Xiaomi Redmi 15C 4G,Redmi,6GB,128GB,Mediatek Helio G81 Ultra,6000.0,6.9,2025,1,4G,Android 15,https://www.gsmarena.com/xiaomi_redmi_15c_4g-14005.php,2026-08-26T18:04:23
Xiaomi Redmi 15C 4G,Redmi,8GB,128GB,Mediatek Helio G81 Ultra,6000.0,6.9,2025,1,4G,Android 15,https://www.gsmarena.com/xiaomi_redmi_15c_4g-14005.php,2026-08-26T18:04:23
Xiaomi Redmi 15C 4G,Redmi,4GB,256GB,Mediatek Helio G81 Ultra,6000.0,6.9,2025,1,4G,Android 15,https://www.gsmarena.com/xiaomi_redmi_15c_4g-14005.php,2026-08-26T18:04:23
Xiaomi Redmi 15C 4G,Redmi,8GB,256GB,Mediatek Helio G81 Ultra,6000.0,6.9,2025,1,4G,Android 15,https://www.gsmarena.com/xiaomi_redmi_15c_4g-14005.php,2026-08-26T18:04:23
Xiaomi Redmi K80 Ultra,Redmi,12GB,256GB,Mediatek Dimensity 9400+,7410.0,6.83,2025,1,5G,Android 15,https://www.gsmarena.com/xiaomi_redmi_k80_ultra_5g-13965.php,2026-08-26T18:04:57
Xiaomi Redmi K80 Ultra,Redmi,16GB,256GB,Mediatek Dimensity 9400+,7410.0,6.83,2025,1,5G,Android 15,https://www.gsmarena.com/xiaomi_redmi_k80_ultra_5g-13965.php,2026-08-26T18:04:57
Xiaomi Redmi K80 Ultra,Redmi,12GB,512GB,Mediatek Dimensity 9400+,7410.0,6.83,2025,1,5G,Android 15,https://www.gsmarena.com/xiaomi_redmi_k80_ultra_5g-13965.php,2026-08-26T18:04:57
Xiaomi Redmi K80 Ultra,Redmi,16GB,512GB,Mediatek Dimensity 9400+,7410.0,6.83,2025,1,5G,Android 15,https://www.gsmarena.com/xiaomi_redmi_k80_ultra_5g-13965.php,2026-08-26T18:04:57
Xiaomi Redmi K80 Ultra,Redmi,16GB,1TB,Mediatek Dimensity 9400+,7410.0,6.83,2025,1,5G,Android 15,https://www.gsmarena.com/xiaomi_redmi_k80_ultra_5g-13965.php,2026-08-26T18:04:57
Xiaomi Mix Flip 2,Xiaomi,12GB,256GB,Qualcomm SM8750-AB Snapdragon 8 Elite,5165.0,6.86,2025,1,5G,Android 15,https://www.gsmarena.com/xiaomi_mix_flip_2_5g-13980.php,2026-08-26T18:05:18
Xiaomi Mix Flip 2,Xiaomi,12GB,512GB,Qualcomm SM8750-AB Snapdragon 8 Elite,5165.0,6.86,2025,1,5G,Android 15,https://www.gsmarena.com/xiaomi_mix_flip_2_5g-13980.php,2026-08-26T18:05:18
Xiaomi Mix Flip 2,Xiaomi,16GB,1TB,Qualcomm SM8750-AB Snapdragon 8 Elite,5165.0,6.86,2025,1,5G,Android 15,https://www.gsmarena.com/xiaomi_mix_flip_2_5g-13980.php,2026-08-26T18:05:18
Xiaomi 15S Pro,Xiaomi,16GB,512GB,Xring O1,6100.0,6.73,2025,1,5G,Android 15,https://www.gsmarena.com/xiaomi_15s_pro_5g-13895.php,2026-08-26T18:07:38
Xiaomi 15S Pro,Xiaomi,16GB,1TB,Xring O1,6100.0,6.73,2025,1,5G,Android 15,https://www.gsmarena.com/xiaomi_15s_pro_5g-13895.php,2026-08-26T18:07:38
Xiaomi Civi 5 Pro,Xiaomi,12GB,256GB,Qualcomm SM8735 Snapdragon 8s Gen 4,6000.0,6.55,2025,1,5G,Android 15,https://www.gsmarena.com/xiaomi_civi_5_pro_5g-13875.php,2026-08-26T18:08:04
Xiaomi Civi 5 Pro,Xiaomi,12GB,512GB,Qualcomm SM8735 Snapdragon 8s Gen 4,6000.0,6.55,2025,1,5G,Android 15,https://www.gsmarena.com/xiaomi_civi_5_pro_5g-13875.php,2026-08-26T18:08:04
Xiaomi Civi 5 Pro,Xiaomi,16GB,512GB,Qualcomm SM8735 Snapdragon 8s Gen 4,6000.0,6.55,2025,1,5G,Android 15,https://www.gsmarena.com/xiaomi_civi_5_pro_5g-13875.php,2026-08-26T18:08:04
Xiaomi Redmi Turbo 4 Pro,Redmi,12GB,256GB,Qualcomm SM8735 Snapdragon 8s Gen 4,7550.0,6.83,2025,1,5G,Android 15,https://www.gsmarena.com/xiaomi_redmi_turbo_4_pro-13617.php,2026-08-26T18:09:18
Xiaomi Redmi Turbo 4 Pro,Redmi,16GB,256GB,Qualcomm SM8735 Snapdragon 8s Gen 4,7550.0,6.83,2025,1,5G,Android 15,https://www.gsmarena.com/xiaomi_redmi_turbo_4_pro-13617.php,2026-08-26T18:09:18
Xiaomi Redmi Turbo 4 Pro,Redmi,12GB,512GB,Qualcomm SM8735 Snapdragon 8s Gen 4,7550.0,6.83,2025,1,5G,Android 15,https://www.gsmarena.com/xiaomi_redmi_turbo_4_pro-13617.php,2026-08-26T18:09:18
Xiaomi Redmi Turbo 4 Pro,Redmi,16GB,512GB,Qualcomm SM8735 Snapdragon 8s Gen 4,7550.0,6.83,2025,1,5G,Android 15,https://www.gsmarena.com/xiaomi_redmi_turbo_4_pro-13617.php,2026-08-26T18:09:18
Xiaomi Redmi Turbo 4 Pro,Redmi,16GB,1TB,Qualcomm SM8735 Snapdragon 8s Gen 4,7550.0,6.83,2025,1,5G,Android 15,https://www.gsmarena.com/xiaomi_redmi_turbo_4_pro-13617.php,2026-08-26T18:09:18
Xiaomi Redmi 13x,Redmi,6GB,128GB,Mediatek Helio G91 Ultra,5030.0,6.79,2025,1,4G,Android 14,https://www.gsmarena.com/xiaomi_redmi_13x_4g-13764.php,2026-08-26T18:10:24
Xiaomi Redmi 13x,Redmi,8GB,128GB,Mediatek Helio G91 Ultra,5030.0,6.79,2025,1,4G,Android 14,https://www.gsmarena.com/xiaomi_redmi_13x_4g-13764.php,2026-08-26T18:10:24
Xiaomi Redmi 13x,Redmi,8GB,256GB,Mediatek Helio G91 Ultra,5030.0,6.79,2025,1,4G,Android 14,https://www.gsmarena.com/xiaomi_redmi_13x_4g-13764.php,2026-08-26T18:10:24
Xiaomi Redmi A5,Redmi,3GB,64GB,Unisoc T7250,5200.0,6.88,2025,0,4G,Android 15 (Go edition),https://www.gsmarena.com/xiaomi_redmi_a5_4g-13737.php,2026-08-26T18:10:58
Xiaomi Redmi A5,Redmi,4GB,64GB,Unisoc T7250,5200.0,6.88,2025,0,4G,Android 15 (Go edition),https://www.gsmarena.com/xiaomi_redmi_a5_4g-13737.php,2026-08-26T18:10:58
Xiaomi Redmi A5,Redmi,4GB,128GB,Unisoc T7250,5200.0,6.88,2025,0,4G,Android 15 (Go edition),https://www.gsmarena.com/xiaomi_redmi_a5_4g-13737.php,2026-08-26T18:10:58
Xiaomi Redmi A5,Redmi,6GB,128GB,Unisoc T7250,5200.0,6.88,2025,0,4G,Android 15 (Go edition),https://www.gsmarena.com/xiaomi_redmi_a5_4g-13737.php,2026-08-26T18:10:58
Xiaomi Redmi Note 14S,Redmi,8GB,128GB,Mediatek Helio G99 Ultra,5000.0,6.67,2025,1,4G,Android 15,https://www.gsmarena.com/xiaomi_redmi_note_14s-13730.php,2026-08-26T18:11:31
Xiaomi Redmi Note 14S,Redmi,8GB,256GB,Mediatek Helio G99 Ultra,5000.0,6.67,2025,1,4G,Android 15,https://www.gsmarena.com/xiaomi_redmi_note_14s-13730.php,2026-08-26T18:11:31
Xiaomi Redmi Note 14S,Redmi,12GB,512GB,Mediatek Helio G99 Ultra,5000.0,6.67,2025,1,4G,Android 15,https://www.gsmarena.com/xiaomi_redmi_note_14s-13730.php,2026-08-26T18:11:31
Xiaomi 15 Ultra,Xiaomi,12GB,256GB,Qualcomm SM8750-AB Snapdragon 8 Elite,5410.0,6.73,2025,1,5G,Android 15,https://www.gsmarena.com/xiaomi_15_ultra-13657.php,2026-08-26T18:11:59
Xiaomi 15 Ultra,Xiaomi,16GB,512GB,Qualcomm SM8750-AB Snapdragon 8 Elite,5410.0,6.73,2025,1,5G,Android 15,https://www.gsmarena.com/xiaomi_15_ultra-13657.php,2026-08-26T18:11:59
Xiaomi 15 Ultra,Xiaomi,16GB,1TB,Qualcomm SM8750-AB Snapdragon 8 Elite,5410.0,6.73,2025,1,5G,Android 15,https://www.gsmarena.com/xiaomi_15_ultra-13657.php,2026-08-26T18:11:59
Xiaomi 15,Xiaomi,12GB,256GB,Qualcomm SM8750-AB Snapdragon 8 Elite,5240.0,6.36,2024,1,5G,Android 15,https://www.gsmarena.com/xiaomi_15-13472.php,2026-08-26T18:12:22
Xiaomi 15,Xiaomi,16GB,256GB,Qualcomm SM8750-AB Snapdragon 8 Elite,5240.0,6.36,2024,1,5G,Android 15,https://www.gsmarena.com/xiaomi_15-13472.php,2026-08-26T18:12:22
Xiaomi 15,Xiaomi,12GB,512GB,Qualcomm SM8750-AB Snapdragon 8 Elite,5240.0,6.36,2024,1,5G,Android 15,https://www.gsmarena.com/xiaomi_15-13472.php,2026-08-26T18:12:22
Xiaomi 15,Xiaomi,16GB,512GB,Qualcomm SM8750-AB Snapdragon 8 Elite,5240.0,6.36,2024,1,5G,Android 15,https://www.gsmarena.com/xiaomi_15-13472.php,2026-08-26T18:12:22
Xiaomi 15,Xiaomi,16GB,1TB,Qualcomm SM8750-AB Snapdragon 8 Elite,5240.0,6.36,2024,1,5G,Android 15,https://www.gsmarena.com/xiaomi_15-13472.php,2026-08-26T18:12:22
Xiaomi Redmi Note 14 Pro+ 5G,Redmi,8GB,256GB,Qualcomm SM7635 Snapdragon 7s Gen 3,5110.0,6.67,2025,1,5G,Android 14,https://www.gsmarena.com/xiaomi_redmi_note_14_pro+_5g_(global)-13612.php,2026-08-26T18:13:32
Xiaomi Redmi Note 14 Pro+ 5G,Redmi,12GB,256GB,Qualcomm SM7635 Snapdragon 7s Gen 3,5110.0,6.67,2025,1,5G,Android 14,https://www.gsmarena.com/xiaomi_redmi_note_14_pro+_5g_(global)-13612.php,2026-08-26T18:13:32
Xiaomi Redmi Note 14 Pro+ 5G,Redmi,12GB,512GB,Qualcomm SM7635 Snapdragon 7s Gen 3,5110.0,6.67,2025,1,5G,Android 14,https://www.gsmarena.com/xiaomi_redmi_note_14_pro+_5g_(global)-13612.php,2026-08-26T18:13:32
Xiaomi Redmi Note 14 Pro 5G,Redmi,8GB,256GB,Mediatek Dimensity 7300 Ultra,5110.0,6.67,2025,1,5G,Android 14,https://www.gsmarena.com/xiaomi_redmi_note_14_pro_5g_(global)-13613.php,2026-08-26T18:14:02
Xiaomi Redmi Note 14 Pro 5G,Redmi,12GB,256GB,Mediatek Dimensity 7300 Ultra,5110.0,6.67,2025,1,5G,Android 14,https://www.gsmarena.com/xiaomi_redmi_note_14_pro_5g_(global)-13613.php,2026-08-26T18:14:02
Xiaomi Redmi Note 14 Pro 5G,Redmi,12GB,512GB,Mediatek Dimensity 7300 Ultra,5110.0,6.67,2025,1,5G,Android 14,https://www.gsmarena.com/xiaomi_redmi_note_14_pro_5g_(global)-13613.php,2026-08-26T18:14:02
Xiaomi Redmi Note 14 Pro 4G,Redmi,8GB,128GB,Mediatek Helio G100 Ultra,5500.0,6.67,2025,1,4G,Android 14,https://www.gsmarena.com/xiaomi_redmi_note_14_pro_4g_(global)-13614.php,2026-08-26T18:14:42
Xiaomi Redmi Note 14 Pro 4G,Redmi,8GB,256GB,Mediatek Helio G100 Ultra,5500.0,6.67,2025,1,4G,Android 14,https://www.gsmarena.com/xiaomi_redmi_note_14_pro_4g_(global)-13614.php,2026-08-26T18:14:42
Xiaomi Redmi Note 14 Pro 4G,Redmi,12GB,256GB,Mediatek Helio G100 Ultra,5500.0,6.67,2025,1,4G,Android 14,https://www.gsmarena.com/xiaomi_redmi_note_14_pro_4g_(global)-13614.php,2026-08-26T18:14:42
Xiaomi Redmi Note 14 Pro 4G,Redmi,12GB,512GB,Mediatek Helio G100 Ultra,5500.0,6.67,2025,1,4G,Android 14,https://www.gsmarena.com/xiaomi_redmi_note_14_pro_4g_(global)-13614.php,2026-08-26T18:14:42
Xiaomi Redmi Note 14 5G,Redmi,6GB,128GB,Mediatek Dimensity 7025 Ultra,5110.0,6.67,2025,1,5G,Android 14,https://www.gsmarena.com/xiaomi_redmi_note_14_5g_(global)-13615.php,2026-08-26T18:15:11
Xiaomi Redmi Note 14 5G,Redmi,8GB,256GB,Mediatek Dimensity 7025 Ultra,5110.0,6.67,2025,1,5G,Android 14,https://www.gsmarena.com/xiaomi_redmi_note_14_5g_(global)-13615.php,2026-08-26T18:15:11
Xiaomi Redmi Note 14 5G,Redmi,12GB,256GB,Mediatek Dimensity 7025 Ultra,5110.0,6.67,2025,1,5G,Android 14,https://www.gsmarena.com/xiaomi_redmi_note_14_5g_(global)-13615.php,2026-08-26T18:15:11
Xiaomi Redmi Note 14 5G,Redmi,12GB,512GB,Mediatek Dimensity 7025 Ultra,5110.0,6.67,2025,1,5G,Android 14,https://www.gsmarena.com/xiaomi_redmi_note_14_5g_(global)-13615.php,2026-08-26T18:15:11
Xiaomi Redmi Note 14 4G,Redmi,6GB,128GB,Mediatek Helio G99 Ultra,5500.0,6.67,2025,1,4G,Android 14,https://www.gsmarena.com/xiaomi_redmi_note_14_4g_(global)-13616.php,2026-08-26T18:15:52
Xiaomi Redmi Note 14 4G,Redmi,8GB,128GB,Mediatek Helio G99 Ultra,5500.0,6.67,2025,1,4G,Android 14,https://www.gsmarena.com/xiaomi_redmi_note_14_4g_(global)-13616.php,2026-08-26T18:15:52
Xiaomi Redmi Note 14 4G,Redmi,6GB,256GB,Mediatek Helio G99 Ultra,5500.0,6.67,2025,1,4G,Android 14,https://www.gsmarena.com/xiaomi_redmi_note_14_4g_(global)-13616.php,2026-08-26T18:15:52
Xiaomi Redmi Note 14 4G,Redmi,8GB,256GB,Mediatek Helio G99 Ultra,5500.0,6.67,2025,1,4G,Android 14,https://www.gsmarena.com/xiaomi_redmi_note_14_4g_(global)-13616.php,2026-08-26T18:15:52
Xiaomi Redmi 14C 5G,Redmi,4GB,64GB,Qualcomm SM4450 Snapdragon 4 Gen 2,5160.0,6.88,2025,0,5G,Android 14,https://www.gsmarena.com/xiaomi_redmi_14c_5g-13595.php,2026-08-26T18:16:20
Xiaomi Redmi 14C 5G,Redmi,4GB,128GB,Qualcomm SM4450 Snapdragon 4 Gen 2,5160.0,6.88,2025,0,5G,Android 14,https://www.gsmarena.com/xiaomi_redmi_14c_5g-13595.php,2026-08-26T18:16:20
Xiaomi Redmi 14C 5G,Redmi,6GB,128GB,Qualcomm SM4450 Snapdragon 4 Gen 2,5160.0,6.88,2025,0,5G,Android 14,https://www.gsmarena.com/xiaomi_redmi_14c_5g-13595.php,2026-08-26T18:16:20
Xiaomi Redmi 14C 5G,Redmi,4GB,256GB,Qualcomm SM4450 Snapdragon 4 Gen 2,5160.0,6.88,2025,0,5G,Android 14,https://www.gsmarena.com/xiaomi_redmi_14c_5g-13595.php,2026-08-26T18:16:20
Xiaomi Redmi 14C (China),Redmi,4GB,64GB,Mediatek Helio G81 Ultra,5160.0,6.88,2024,0,4G,Android 14,https://www.gsmarena.com/xiaomi_redmi_14c_(china)-13627.php,2026-08-26T18:16:47
Xiaomi Redmi 14C (China),Redmi,4GB,128GB,Mediatek Helio G81 Ultra,5160.0,6.88,2024,0,4G,Android 14,https://www.gsmarena.com/xiaomi_redmi_14c_(china)-13627.php,2026-08-26T18:16:47
Xiaomi Redmi 14C (China),Redmi,6GB,128GB,Mediatek Helio G81 Ultra,5160.0,6.88,2024,0,4G,Android 14,https://www.gsmarena.com/xiaomi_redmi_14c_(china)-13627.php,2026-08-26T18:16:47
Xiaomi Redmi 14C (China),Redmi,8GB,256GB,Mediatek Helio G81 Ultra,5160.0,6.88,2024,0,4G,Android 14,https://www.gsmarena.com/xiaomi_redmi_14c_(china)-13627.php,2026-08-26T18:16:47
Xiaomi Redmi Turbo 4,Redmi,12GB,256GB,Mediatek Dimensity 8400 Ultra,6550.0,6.67,2025,1,5G,Android 15,https://www.gsmarena.com/xiaomi_redmi_turbo_4-13598.php,2026-08-26T18:17:20
Xiaomi Redmi Turbo 4,Redmi,16GB,256GB,Mediatek Dimensity 8400 Ultra,6550.0,6.67,2025,1,5G,Android 15,https://www.gsmarena.com/xiaomi_redmi_turbo_4-13598.php,2026-08-26T18:17:20
Xiaomi Redmi Turbo 4,Redmi,12GB,512GB,Mediatek Dimensity 8400 Ultra,6550.0,6.67,2025,1,5G,Android 15,https://www.gsmarena.com/xiaomi_redmi_turbo_4-13598.php,2026-08-26T18:17:20
Xiaomi Redmi Turbo 4,Redmi,16GB,512GB,Mediatek Dimensity 8400 Ultra,6550.0,6.67,2025,1,5G,Android 15,https://www.gsmarena.com/xiaomi_redmi_turbo_4-13598.php,2026-08-26T18:17:20
Xiaomi Redmi Note 14 5G (India),Redmi,6GB,128GB,Mediatek Dimensity 7025 Ultra,5110.0,6.67,2024,1,5G,Android 14,https://www.gsmarena.com/xiaomi_redmi_note_14-13559.php,2026-08-26T18:17:49
Xiaomi Redmi Note 14 5G (India),Redmi,8GB,128GB,Mediatek Dimensity 7025 Ultra,5110.0,6.67,2024,1,5G,Android 14,https://www.gsmarena.com/xiaomi_redmi_note_14-13559.php,2026-08-26T18:17:49
Xiaomi Redmi Note 14 5G (India),Redmi,8GB,256GB,Mediatek Dimensity 7025 Ultra,5110.0,6.67,2024,1,5G,Android 14,https://www.gsmarena.com/xiaomi_redmi_note_14-13559.php,2026-08-26T18:17:49
Xiaomi Redmi Note 14 Pro 5G (India),Redmi,8GB,128GB,Mediatek Dimensity 7300 Ultra,5500.0,6.67,2024,1,5G,Android 14,https://www.gsmarena.com/xiaomi_redmi_note_14_pro-13355.php,2026-08-26T18:18:11
Xiaomi Redmi Note 14 Pro 5G (India),Redmi,8GB,256GB,Mediatek Dimensity 7300 Ultra,5500.0,6.67,2024,1,5G,Android 14,https://www.gsmarena.com/xiaomi_redmi_note_14_pro-13355.php,2026-08-26T18:18:11
Xiaomi Redmi Note 14 Pro 5G (India),Redmi,12GB,256GB,Mediatek Dimensity 7300 Ultra,5500.0,6.67,2024,1,5G,Android 14,https://www.gsmarena.com/xiaomi_redmi_note_14_pro-13355.php,2026-08-26T18:18:11
Xiaomi Redmi Note 14 Pro 5G (India),Redmi,12GB,512GB,Mediatek Dimensity 7300 Ultra,5500.0,6.67,2024,1,5G,Android 14,https://www.gsmarena.com/xiaomi_redmi_note_14_pro-13355.php,2026-08-26T18:18:11
Xiaomi Redmi Note 14 Pro+ 5G (India),Redmi,8GB,128GB,Qualcomm SM7635 Snapdragon 7s Gen 3,6200.0,6.67,2024,1,5G,Android 14,https://www.gsmarena.com/xiaomi_redmi_note_14_pro+-13364.php,2026-08-26T18:18:46
Xiaomi Redmi Note 14 Pro+ 5G (India),Redmi,8GB,256GB,Qualcomm SM7635 Snapdragon 7s Gen 3,6200.0,6.67,2024,1,5G,Android 14,https://www.gsmarena.com/xiaomi_redmi_note_14_pro+-13364.php,2026-08-26T18:18:46
Xiaomi Redmi Note 14 Pro+ 5G (India),Redmi,12GB,256GB,Qualcomm SM7635 Snapdragon 7s Gen 3,6200.0,6.67,2024,1,5G,Android 14,https://www.gsmarena.com/xiaomi_redmi_note_14_pro+-13364.php,2026-08-26T18:18:46
Xiaomi Redmi Note 14 Pro+ 5G (India),Redmi,12GB,512GB,Qualcomm SM7635 Snapdragon 7s Gen 3,6200.0,6.67,2024,1,5G,Android 14,https://www.gsmarena.com/xiaomi_redmi_note_14_pro+-13364.php,2026-08-26T18:18:46
Xiaomi Redmi Note 14 Pro+ 5G (India),Redmi,16GB,512GB,Qualcomm SM7635 Snapdragon 7s Gen 3,6200.0,6.67,2024,1,5G,Android 14,https://www.gsmarena.com/xiaomi_redmi_note_14_pro+-13364.php,2026-08-26T18:18:46
Xiaomi Redmi K80 Pro,Redmi,12GB,256GB,Qualcomm SM8750-AB Snapdragon 8 Elite,6000.0,6.67,2024,1,5G,Android 15,https://www.gsmarena.com/xiaomi_redmi_k80_pro-13524.php,2026-08-26T18:19:25
Xiaomi Redmi K80 Pro,Redmi,12GB,512GB,Qualcomm SM8750-AB Snapdragon 8 Elite,6000.0,6.67,2024,1,5G,Android 15,https://www.gsmarena.com/xiaomi_redmi_k80_pro-13524.php,2026-08-26T18:19:25
Xiaomi Redmi K80 Pro,Redmi,16GB,512GB,Qualcomm SM8750-AB Snapdragon 8 Elite,6000.0,6.67,2024,1,5G,Android 15,https://www.gsmarena.com/xiaomi_redmi_k80_pro-13524.php,2026-08-26T18:19:25
Xiaomi Redmi K80 Pro,Redmi,16GB,1TB,Qualcomm SM8750-AB Snapdragon 8 Elite,6000.0,6.67,2024,1,5G,Android 15,https://www.gsmarena.com/xiaomi_redmi_k80_pro-13524.php,2026-08-26T18:19:25
Xiaomi Redmi K80,Redmi,12GB,256GB,Qualcomm SM8650-AB Snapdragon 8 Gen 3,6550.0,6.67,2024,1,5G,Android 15,https://www.gsmarena.com/xiaomi_redmi_k80-13525.php,2026-08-26T18:20:02
Xiaomi Redmi K80,Redmi,16GB,256GB,Qualcomm SM8650-AB Snapdragon 8 Gen 3,6550.0,6.67,2024,1,5G,Android 15,https://www.gsmarena.com/xiaomi_redmi_k80-13525.php,2026-08-26T18:20:02
Xiaomi Redmi K80,Redmi,12GB,512GB,Qualcomm SM8650-AB Snapdragon 8 Gen 3,6550.0,6.67,2024,1,5G,Android 15,https://www.gsmarena.com/xiaomi_redmi_k80-13525.php,2026-08-26T18:20:02
Xiaomi Redmi K80,Redmi,16GB,512GB,Qualcomm SM8650-AB Snapdragon 8 Gen 3,6550.0,6.67,2024,1,5G,Android 15,https://www.gsmarena.com/xiaomi_redmi_k80-13525.php,2026-08-26T18:20:02
Xiaomi Redmi K80,Redmi,16GB,1TB,Qualcomm SM8650-AB Snapdragon 8 Gen 3,6550.0,6.67,2024,1,5G,Android 15,https://www.gsmarena.com/xiaomi_redmi_k80-13525.php,2026-08-26T18:20:02
Xiaomi 15 Pro,Xiaomi,12GB,256GB,Qualcomm SM8750-AB Snapdragon 8 Elite,6100.0,6.73,2024,1,5G,Android 15,https://www.gsmarena.com/xiaomi_15_pro-13473.php,2026-08-26T18:22:19
Xiaomi 15 Pro,Xiaomi,16GB,512GB,Qualcomm SM8750-AB Snapdragon 8 Elite,6100.0,6.73,2024,1,5G,Android 15,https://www.gsmarena.com/xiaomi_15_pro-13473.php,2026-08-26T18:22:19
Xiaomi 15 Pro,Xiaomi,16GB,1TB,Qualcomm SM8750-AB Snapdragon 8 Elite,6100.0,6.73,2024,1,5G,Android 15,https://www.gsmarena.com/xiaomi_15_pro-13473.php,2026-08-26T18:22:19
Xiaomi Redmi A4,Redmi,4GB,64GB,Qualcomm SM4635 Snapdragon 4s Gen 2,5160.0,6.88,2024,0,5G,Android 14,https://www.gsmarena.com/xiaomi_redmi_a4-13444.php,2026-08-26T18:22:56
Xiaomi Redmi A4,Redmi,4GB,128GB,Qualcomm SM4635 Snapdragon 4s Gen 2,5160.0,6.88,2024,0,5G,Android 14,https://www.gsmarena.com/xiaomi_redmi_a4-13444.php,2026-08-26T18:22:56
Xiaomi Redmi A4,Redmi,6GB,128GB,Qualcomm SM4635 Snapdragon 4s Gen 2,5160.0,6.88,2024,0,5G,Android 14,https://www.gsmarena.com/xiaomi_redmi_a4-13444.php,2026-08-26T18:22:56
Xiaomi Redmi A3 Pro,Redmi,4GB,128GB,Mediatek Helio G81 Ultra,5160.0,6.88,2024,1,4G,Android 14,https://www.gsmarena.com/xiaomi_redmi_a3_pro-13432.php,2026-08-26T18:23:25
Xiaomi 14T Pro,Xiaomi,12GB,256GB,Mediatek Dimensity 9300+,5000.0,6.67,2024,1,5G,Android 14,https://www.gsmarena.com/xiaomi_14t_pro-13328.php,2026-08-26T18:23:53
Xiaomi 14T Pro,Xiaomi,12GB,512GB,Mediatek Dimensity 9300+,5000.0,6.67,2024,1,5G,Android 14,https://www.gsmarena.com/xiaomi_14t_pro-13328.php,2026-08-26T18:23:53
Xiaomi 14T Pro,Xiaomi,16GB,512GB,Mediatek Dimensity 9300+,5000.0,6.67,2024,1,5G,Android 14,https://www.gsmarena.com/xiaomi_14t_pro-13328.php,2026-08-26T18:23:53
Xiaomi 14T Pro,Xiaomi,12GB,1TB,Mediatek Dimensity 9300+,5000.0,6.67,2024,1,5G,Android 14,https://www.gsmarena.com/xiaomi_14t_pro-13328.php,2026-08-26T18:23:53
Xiaomi 14T,Xiaomi,12GB,256GB,Mediatek Dimensity 8300 Ultra,5000.0,6.67,2024,1,5G,Android 14,https://www.gsmarena.com/xiaomi_14t-13329.php,2026-08-26T18:24:28
Xiaomi 14T,Xiaomi,12GB,512GB,Mediatek Dimensity 8300 Ultra,5000.0,6.67,2024,1,5G,Android 14,https://www.gsmarena.com/xiaomi_14t-13329.php,2026-08-26T18:24:28
Xiaomi 14T,Xiaomi,16GB,512GB,Mediatek Dimensity 8300 Ultra,5000.0,6.67,2024,1,5G,Android 14,https://www.gsmarena.com/xiaomi_14t-13329.php,2026-08-26T18:24:28
Xiaomi 14T,Xiaomi,12GB,1TB,Mediatek Dimensity 8300 Ultra,5000.0,6.67,2024,1,5G,Android 14,https://www.gsmarena.com/xiaomi_14t-13329.php,2026-08-26T18:24:28
Xiaomi Redmi Note 14 5G (China),Redmi,6GB,128GB,Mediatek Dimensity 7025 Ultra,5110.0,6.67,2024,0,5G,Android 14,https://www.gsmarena.com/xiaomi_redmi_note_14_(china)-13366.php,2026-08-26T19:23:16
Xiaomi Redmi Note 14 5G (China),Redmi,8GB,128GB,Mediatek Dimensity 7025 Ultra,5110.0,6.67,2024,0,5G,Android 14,https://www.gsmarena.com/xiaomi_redmi_note_14_(china)-13366.php,2026-08-26T19:23:16
Xiaomi Redmi Note 14 5G (China),Redmi,8GB,256GB,Mediatek Dimensity 7025 Ultra,5110.0,6.67,2024,0,5G,Android 14,https://www.gsmarena.com/xiaomi_redmi_note_14_(china)-13366.php,2026-08-26T19:23:16
Xiaomi Redmi Note 14 5G (China),Redmi,12GB,256GB,Mediatek Dimensity 7025 Ultra,5110.0,6.67,2024,0,5G,Android 14,https://www.gsmarena.com/xiaomi_redmi_note_14_(china)-13366.php,2026-08-26T19:23:16
Xiaomi Redmi 14R,Redmi,4GB,128GB,Qualcomm SM4450 Snapdragon 4 Gen 2,5160.0,6.88,2024,0,5G,Android 14,https://www.gsmarena.com/xiaomi_redmi_14r-13338.php,2026-08-26T19:23:55
Xiaomi Redmi 14R,Redmi,6GB,128GB,Qualcomm SM4450 Snapdragon 4 Gen 2,5160.0,6.88,2024,0,5G,Android 14,https://www.gsmarena.com/xiaomi_redmi_14r-13338.php,2026-08-26T19:23:55
Xiaomi Redmi 14R,Redmi,8GB,128GB,Qualcomm SM4450 Snapdragon 4 Gen 2,5160.0,6.88,2024,0,5G,Android 14,https://www.gsmarena.com/xiaomi_redmi_14r-13338.php,2026-08-26T19:23:55
Xiaomi Redmi 14R,Redmi,8GB,256GB,Qualcomm SM4450 Snapdragon 4 Gen 2,5160.0,6.88,2024,0,5G,Android 14,https://www.gsmarena.com/xiaomi_redmi_14r-13338.php,2026-08-26T19:23:55
Xiaomi Redmi 14R,Redmi,12GB,256GB,Qualcomm SM4450 Snapdragon 4 Gen 2,5160.0,6.88,2024,0,5G,Android 14,https://www.gsmarena.com/xiaomi_redmi_14r-13338.php,2026-08-26T19:23:55
Xiaomi Redmi 14C,Redmi,4GB,64GB,Mediatek Helio G81 Ultra,5160.0,6.88,2024,1,4G,Android 14,https://www.gsmarena.com/xiaomi_redmi_14c-13291.php,2026-08-26T19:24:31
Xiaomi Redmi 14C,Redmi,4GB,128GB,Mediatek Helio G81 Ultra,5160.0,6.88,2024,1,4G,Android 14,https://www.gsmarena.com/xiaomi_redmi_14c-13291.php,2026-08-26T19:24:31
Xiaomi Redmi 14C,Redmi,6GB,128GB,Mediatek Helio G81 Ultra,5160.0,6.88,2024,1,4G,Android 14,https://www.gsmarena.com/xiaomi_redmi_14c-13291.php,2026-08-26T19:24:31
Xiaomi Redmi 14C,Redmi,8GB,128GB,Mediatek Helio G81 Ultra,5160.0,6.88,2024,1,4G,Android 14,https://www.gsmarena.com/xiaomi_redmi_14c-13291.php,2026-08-26T19:24:31
Xiaomi Redmi 14C,Redmi,4GB,256GB,Mediatek Helio G81 Ultra,5160.0,6.88,2024,1,4G,Android 14,https://www.gsmarena.com/xiaomi_redmi_14c-13291.php,2026-08-26T19:24:31
Xiaomi Redmi 14C,Redmi,8GB,256GB,Mediatek Helio G81 Ultra,5160.0,6.88,2024,1,4G,Android 14,https://www.gsmarena.com/xiaomi_redmi_14c-13291.php,2026-08-26T19:24:31
Xiaomi Mix Flip,Xiaomi,12GB,256GB,Qualcomm SM8650-AB Snapdragon 8 Gen 3,4780.0,6.86,2024,1,5G,Android 14,https://www.gsmarena.com/xiaomi_mix_flip-13221.php,2026-08-26T19:26:48
Xiaomi Mix Flip,Xiaomi,12GB,512GB,Qualcomm SM8650-AB Snapdragon 8 Gen 3,4780.0,6.86,2024,1,5G,Android 14,https://www.gsmarena.com/xiaomi_mix_flip-13221.php,2026-08-26T19:26:48
Xiaomi Mix Flip,Xiaomi,16GB,1TB,Qualcomm SM8650-AB Snapdragon 8 Gen 3,4780.0,6.86,2024,1,5G,Android 14,https://www.gsmarena.com/xiaomi_mix_flip-13221.php,2026-08-26T19:26:48
Xiaomi Redmi K70 Ultra,Redmi,12GB,256GB,Mediatek Dimensity 9300+,5500.0,6.67,2024,1,5G,Android 14,https://www.gsmarena.com/xiaomi_redmi_k70_ultra-13215.php,2026-08-26T19:27:12
Xiaomi Redmi K70 Ultra,Redmi,12GB,512GB,Mediatek Dimensity 9300+,5500.0,6.67,2024,1,5G,Android 14,https://www.gsmarena.com/xiaomi_redmi_k70_ultra-13215.php,2026-08-26T19:27:12
Xiaomi Redmi K70 Ultra,Redmi,16GB,512GB,Mediatek Dimensity 9300+,5500.0,6.67,2024,1,5G,Android 14,https://www.gsmarena.com/xiaomi_redmi_k70_ultra-13215.php,2026-08-26T19:27:12
Xiaomi Redmi K70 Ultra,Redmi,16GB,1TB,Mediatek Dimensity 9300+,5500.0,6.67,2024,1,5G,Android 14,https://www.gsmarena.com/xiaomi_redmi_k70_ultra-13215.php,2026-08-26T19:27:12
Xiaomi Redmi K70 Ultra,Redmi,24GB,1TB,Mediatek Dimensity 9300+,5500.0,6.67,2024,1,5G,Android 14,https://www.gsmarena.com/xiaomi_redmi_k70_ultra-13215.php,2026-08-26T19:27:12
Xiaomi Mix Fold 4,Xiaomi,12GB,256GB,Qualcomm SM8650-AB Snapdragon 8 Gen 3,5100.0,7.98,2024,1,5G,Android 14,https://www.gsmarena.com/xiaomi_mix_fold_4-13222.php,2026-08-26T19:27:44
Xiaomi Mix Fold 4,Xiaomi,16GB,512GB,Qualcomm SM8650-AB Snapdragon 8 Gen 3,5100.0,7.98,2024,1,5G,Android 14,https://www.gsmarena.com/xiaomi_mix_fold_4-13222.php,2026-08-26T19:27:44
Xiaomi Mix Fold 4,Xiaomi,16GB,1TB,Qualcomm SM8650-AB Snapdragon 8 Gen 3,5100.0,7.98,2024,1,5G,Android 14,https://www.gsmarena.com/xiaomi_mix_fold_4-13222.php,2026-08-26T19:27:44
Xiaomi Redmi 13 5G,Redmi,6GB,128GB,Qualcomm SM4450 Snapdragon 4 Gen 2 AE,5030.0,6.79,2024,1,5G,Android 14,https://www.gsmarena.com/xiaomi_redmi_13_5g-13157.php,2026-08-26T19:28:49
Xiaomi Redmi 13 5G,Redmi,8GB,128GB,Qualcomm SM4450 Snapdragon 4 Gen 2 AE,5030.0,6.79,2024,1,5G,Android 14,https://www.gsmarena.com/xiaomi_redmi_13_5g-13157.php,2026-08-26T19:28:49
Xiaomi Redmi 13 5G,Redmi,8GB,256GB,Qualcomm SM4450 Snapdragon 4 Gen 2 AE,5030.0,6.79,2024,1,5G,Android 14,https://www.gsmarena.com/xiaomi_redmi_13_5g-13157.php,2026-08-26T19:28:49
Xiaomi 14 Civi,Xiaomi,8GB,256GB,Qualcomm SM8635 Snapdragon 8s Gen 3,4700.0,6.55,2024,1,5G,Android 14,https://www.gsmarena.com/xiaomi_14_civi-13056.php,2026-08-26T19:29:20
Xiaomi 14 Civi,Xiaomi,12GB,512GB,Qualcomm SM8635 Snapdragon 8s Gen 3,4700.0,6.55,2024,1,5G,Android 14,https://www.gsmarena.com/xiaomi_14_civi-13056.php,2026-08-26T19:29:20
Xiaomi Redmi 13,Redmi,6GB,128GB,Mediatek Helio G91 Ultra,5030.0,6.79,2024,1,4G,Android 14,https://www.gsmarena.com/xiaomi_redmi_13-13102.php,2026-08-26T19:29:47
Xiaomi Redmi 13,Redmi,8GB,128GB,Mediatek Helio G91 Ultra,5030.0,6.79,2024,1,4G,Android 14,https://www.gsmarena.com/xiaomi_redmi_13-13102.php,2026-08-26T19:29:47
Xiaomi Redmi 13,Redmi,6GB,256GB,Mediatek Helio G91 Ultra,5030.0,6.79,2024,1,4G,Android 14,https://www.gsmarena.com/xiaomi_redmi_13-13102.php,2026-08-26T19:29:47
Xiaomi Redmi 13,Redmi,8GB,256GB,Mediatek Helio G91 Ultra,5030.0,6.79,2024,1,4G,Android 14,https://www.gsmarena.com/xiaomi_redmi_13-13102.php,2026-08-26T19:29:47
Xiaomi Redmi A3x,Redmi,3GB,64GB,Unisoc T603,5000.0,6.71,2024,0,4G,Android 14,https://www.gsmarena.com/xiaomi_redmi_a3x-13053.php,2026-08-26T19:30:54
Xiaomi Redmi A3x,Redmi,4GB,64GB,Unisoc T603,5000.0,6.71,2024,0,4G,Android 14,https://www.gsmarena.com/xiaomi_redmi_a3x-13053.php,2026-08-26T19:30:54
Xiaomi Redmi A3x,Redmi,4GB,128GB,Unisoc T603,5000.0,6.71,2024,0,4G,Android 14,https://www.gsmarena.com/xiaomi_redmi_a3x-13053.php,2026-08-26T19:30:54
Xiaomi Redmi Note 13R,Redmi,6GB,128GB,Qualcomm SM4450 Snapdragon 4+ Gen 2,5030.0,6.79,2024,1,5G,Android 14,https://www.gsmarena.com/xiaomi_redmi_note_13r-13011.php,2026-08-26T19:31:15
Xiaomi Redmi Note 13R,Redmi,8GB,128GB,Qualcomm SM4450 Snapdragon 4+ Gen 2,5030.0,6.79,2024,1,5G,Android 14,https://www.gsmarena.com/xiaomi_redmi_note_13r-13011.php,2026-08-26T19:31:15
Xiaomi Redmi Note 13R,Redmi,8GB,256GB,Qualcomm SM4450 Snapdragon 4+ Gen 2,5030.0,6.79,2024,1,5G,Android 14,https://www.gsmarena.com/xiaomi_redmi_note_13r-13011.php,2026-08-26T19:31:15
Xiaomi Redmi Note 13R,Redmi,12GB,256GB,Qualcomm SM4450 Snapdragon 4+ Gen 2,5030.0,6.79,2024,1,5G,Android 14,https://www.gsmarena.com/xiaomi_redmi_note_13r-13011.php,2026-08-26T19:31:15
Xiaomi Redmi Note 13R,Redmi,12GB,512GB,Qualcomm SM4450 Snapdragon 4+ Gen 2,5030.0,6.79,2024,1,5G,Android 14,https://www.gsmarena.com/xiaomi_redmi_note_13r-13011.php,2026-08-26T19:31:15
Xiaomi Redmi Turbo 3,Redmi,12GB,256GB,Qualcomm SM8635 Snapdragon 8s Gen 3,5000.0,6.67,2024,1,5G,Android 14,https://www.gsmarena.com/xiaomi_redmi_turbo_3-12920.php,2026-08-26T19:32:34
Xiaomi Redmi Turbo 3,Redmi,12GB,512GB,Qualcomm SM8635 Snapdragon 8s Gen 3,5000.0,6.67,2024,1,5G,Android 14,https://www.gsmarena.com/xiaomi_redmi_turbo_3-12920.php,2026-08-26T19:32:34
Xiaomi Redmi Turbo 3,Redmi,16GB,512GB,Qualcomm SM8635 Snapdragon 8s Gen 3,5000.0,6.67,2024,1,5G,Android 14,https://www.gsmarena.com/xiaomi_redmi_turbo_3-12920.php,2026-08-26T19:32:34
Xiaomi Redmi Turbo 3,Redmi,16GB,1TB,Qualcomm SM8635 Snapdragon 8s Gen 3,5000.0,6.67,2024,1,5G,Android 14,https://www.gsmarena.com/xiaomi_redmi_turbo_3-12920.php,2026-08-26T19:32:34
Xiaomi Civi 4 Pro,Xiaomi,12GB,256GB,Qualcomm SM8635 Snapdragon 8s Gen 3,4700.0,6.55,2024,1,5G,Android 14,https://www.gsmarena.com/xiaomi_civi_4_pro-12888.php,2026-08-26T19:33:12
Xiaomi Civi 4 Pro,Xiaomi,12GB,512GB,Qualcomm SM8635 Snapdragon 8s Gen 3,4700.0,6.55,2024,1,5G,Android 14,https://www.gsmarena.com/xiaomi_civi_4_pro-12888.php,2026-08-26T19:33:12
Xiaomi Civi 4 Pro,Xiaomi,16GB,512GB,Qualcomm SM8635 Snapdragon 8s Gen 3,4700.0,6.55,2024,1,5G,Android 14,https://www.gsmarena.com/xiaomi_civi_4_pro-12888.php,2026-08-26T19:33:12
Xiaomi 14,Xiaomi,8GB,256GB,Qualcomm SM8650-AB Snapdragon 8 Gen 3,4610.0,6.36,2023,1,5G,Android 14,https://www.gsmarena.com/xiaomi_14-12626.php,2026-08-26T19:33:39
Xiaomi 14,Xiaomi,12GB,256GB,Qualcomm SM8650-AB Snapdragon 8 Gen 3,4610.0,6.36,2023,1,5G,Android 14,https://www.gsmarena.com/xiaomi_14-12626.php,2026-08-26T19:33:39
Xiaomi 14,Xiaomi,12GB,512GB,Qualcomm SM8650-AB Snapdragon 8 Gen 3,4610.0,6.36,2023,1,5G,Android 14,https://www.gsmarena.com/xiaomi_14-12626.php,2026-08-26T19:33:39
Xiaomi 14,Xiaomi,16GB,512GB,Qualcomm SM8650-AB Snapdragon 8 Gen 3,4610.0,6.36,2023,1,5G,Android 14,https://www.gsmarena.com/xiaomi_14-12626.php,2026-08-26T19:33:39
Xiaomi 14,Xiaomi,16GB,1TB,Qualcomm SM8650-AB Snapdragon 8 Gen 3,4610.0,6.36,2023,1,5G,Android 14,https://www.gsmarena.com/xiaomi_14-12626.php,2026-08-26T19:33:39
Xiaomi 14 Ultra,Xiaomi,12GB,256GB,Qualcomm SM8650-AB Snapdragon 8 Gen 3,5000.0,6.73,2024,1,5G,Android 14,https://www.gsmarena.com/xiaomi_14_ultra-12827.php,2026-08-26T19:34:19
Xiaomi 14 Ultra,Xiaomi,16GB,512GB,Qualcomm SM8650-AB Snapdragon 8 Gen 3,5000.0,6.73,2024,1,5G,Android 14,https://www.gsmarena.com/xiaomi_14_ultra-12827.php,2026-08-26T19:34:19
Xiaomi 14 Ultra,Xiaomi,16GB,1TB,Qualcomm SM8650-AB Snapdragon 8 Gen 3,5000.0,6.73,2024,1,5G,Android 14,https://www.gsmarena.com/xiaomi_14_ultra-12827.php,2026-08-26T19:34:19
Xiaomi Redmi A3,Redmi,2GB,64GB,Mediatek Helio G36,5000.0,6.71,2024,1,4G,Android 14 or Android 14 (Go edition),https://www.gsmarena.com/xiaomi_redmi_a3-12822.php,2026-08-26T19:36:31
Xiaomi Redmi A3,Redmi,3GB,64GB,Mediatek Helio G36,5000.0,6.71,2024,1,4G,Android 14 or Android 14 (Go edition),https://www.gsmarena.com/xiaomi_redmi_a3-12822.php,2026-08-26T19:36:31
Xiaomi Redmi A3,Redmi,4GB,64GB,Mediatek Helio G36,5000.0,6.71,2024,1,4G,Android 14 or Android 14 (Go edition),https://www.gsmarena.com/xiaomi_redmi_a3-12822.php,2026-08-26T19:36:31
Xiaomi Redmi A3,Redmi,3GB,128GB,Mediatek Helio G36,5000.0,6.71,2024,1,4G,Android 14 or Android 14 (Go edition),https://www.gsmarena.com/xiaomi_redmi_a3-12822.php,2026-08-26T19:36:31
Xiaomi Redmi A3,Redmi,4GB,128GB,Mediatek Helio G36,5000.0,6.71,2024,1,4G,Android 14 or Android 14 (Go edition),https://www.gsmarena.com/xiaomi_redmi_a3-12822.php,2026-08-26T19:36:31
Xiaomi Redmi A3,Redmi,6GB,128GB,Mediatek Helio G36,5000.0,6.71,2024,1,4G,Android 14 or Android 14 (Go edition),https://www.gsmarena.com/xiaomi_redmi_a3-12822.php,2026-08-26T19:36:31
Xiaomi Redmi A3,Redmi,8GB,128GB,Mediatek Helio G36,5000.0,6.71,2024,1,4G,Android 14 or Android 14 (Go edition),https://www.gsmarena.com/xiaomi_redmi_a3-12822.php,2026-08-26T19:36:31
Xiaomi Redmi Note 13 Pro 4G,Redmi,8GB,128GB,Mediatek Helio G99 Ultra,5000.0,6.67,2024,1,4G,Android 13,https://www.gsmarena.com/xiaomi_redmi_note_13_pro_4g-12749.php,2026-08-26T19:37:06
Xiaomi Redmi Note 13 Pro 4G,Redmi,8GB,256GB,Mediatek Helio G99 Ultra,5000.0,6.67,2024,1,4G,Android 13,https://www.gsmarena.com/xiaomi_redmi_note_13_pro_4g-12749.php,2026-08-26T19:37:06
Xiaomi Redmi Note 13 Pro 4G,Redmi,12GB,256GB,Mediatek Helio G99 Ultra,5000.0,6.67,2024,1,4G,Android 13,https://www.gsmarena.com/xiaomi_redmi_note_13_pro_4g-12749.php,2026-08-26T19:37:06
Xiaomi Redmi Note 13 Pro 4G,Redmi,8GB,512GB,Mediatek Helio G99 Ultra,5000.0,6.67,2024,1,4G,Android 13,https://www.gsmarena.com/xiaomi_redmi_note_13_pro_4g-12749.php,2026-08-26T19:37:06
Xiaomi Redmi Note 13 Pro 4G,Redmi,12GB,512GB,Mediatek Helio G99 Ultra,5000.0,6.67,2024,1,4G,Android 13,https://www.gsmarena.com/xiaomi_redmi_note_13_pro_4g-12749.php,2026-08-26T19:37:06
Xiaomi Redmi Note 13 4G,Redmi,6GB,128GB,Qualcomm SM6225 Snapdragon 685,5000.0,6.67,2024,1,4G,Android 13,https://www.gsmarena.com/xiaomi_redmi_note_13_4g-12750.php,2026-08-26T19:37:42
Xiaomi Redmi Note 13 4G,Redmi,8GB,128GB,Qualcomm SM6225 Snapdragon 685,5000.0,6.67,2024,1,4G,Android 13,https://www.gsmarena.com/xiaomi_redmi_note_13_4g-12750.php,2026-08-26T19:37:42
Xiaomi Redmi Note 13 4G,Redmi,6GB,256GB,Qualcomm SM6225 Snapdragon 685,5000.0,6.67,2024,1,4G,Android 13,https://www.gsmarena.com/xiaomi_redmi_note_13_4g-12750.php,2026-08-26T19:37:42
Xiaomi Redmi Note 13 4G,Redmi,8GB,256GB,Qualcomm SM6225 Snapdragon 685,5000.0,6.67,2024,1,4G,Android 13,https://www.gsmarena.com/xiaomi_redmi_note_13_4g-12750.php,2026-08-26T19:37:42
Xiaomi Redmi Note 13 4G,Redmi,8GB,512GB,Qualcomm SM6225 Snapdragon 685,5000.0,6.67,2024,1,4G,Android 13,https://www.gsmarena.com/xiaomi_redmi_note_13_4g-12750.php,2026-08-26T19:37:42
Xiaomi Redmi Note 13 Pro+,Redmi,8GB,256GB,Mediatek Dimensity 7200 Ultra,5000.0,6.67,2023,1,5G,Android 13,https://www.gsmarena.com/xiaomi_redmi_note_13_pro+-12572.php,2026-08-26T19:38:11
Xiaomi Redmi Note 13 Pro+,Redmi,12GB,256GB,Mediatek Dimensity 7200 Ultra,5000.0,6.67,2023,1,5G,Android 13,https://www.gsmarena.com/xiaomi_redmi_note_13_pro+-12572.php,2026-08-26T19:38:11
Xiaomi Redmi Note 13 Pro+,Redmi,8GB,512GB,Mediatek Dimensity 7200 Ultra,5000.0,6.67,2023,1,5G,Android 13,https://www.gsmarena.com/xiaomi_redmi_note_13_pro+-12572.php,2026-08-26T19:38:11
Xiaomi Redmi Note 13 Pro+,Redmi,12GB,512GB,Mediatek Dimensity 7200 Ultra,5000.0,6.67,2023,1,5G,Android 13,https://www.gsmarena.com/xiaomi_redmi_note_13_pro+-12572.php,2026-08-26T19:38:11
Xiaomi Redmi Note 13 Pro+,Redmi,16GB,512GB,Mediatek Dimensity 7200 Ultra,5000.0,6.67,2023,1,5G,Android 13,https://www.gsmarena.com/xiaomi_redmi_note_13_pro+-12572.php,2026-08-26T19:38:11
Xiaomi Redmi Note 13 Pro,Redmi,8GB,128GB,Qualcomm SM7435-AB Snapdragon 7s Gen 2,5100.0,6.67,2023,1,5G,Android 13,https://www.gsmarena.com/xiaomi_redmi_note_13_pro-12581.php,2026-08-26T19:38:46
Xiaomi Redmi Note 13 Pro,Redmi,8GB,256GB,Qualcomm SM7435-AB Snapdragon 7s Gen 2,5100.0,6.67,2023,1,5G,Android 13,https://www.gsmarena.com/xiaomi_redmi_note_13_pro-12581.php,2026-08-26T19:38:46
Xiaomi Redmi Note 13 Pro,Redmi,12GB,256GB,Qualcomm SM7435-AB Snapdragon 7s Gen 2,5100.0,6.67,2023,1,5G,Android 13,https://www.gsmarena.com/xiaomi_redmi_note_13_pro-12581.php,2026-08-26T19:38:46
Xiaomi Redmi Note 13 Pro,Redmi,12GB,512GB,Qualcomm SM7435-AB Snapdragon 7s Gen 2,5100.0,6.67,2023,1,5G,Android 13,https://www.gsmarena.com/xiaomi_redmi_note_13_pro-12581.php,2026-08-26T19:38:46
Xiaomi Redmi Note 13 Pro,Redmi,16GB,512GB,Qualcomm SM7435-AB Snapdragon 7s Gen 2,5100.0,6.67,2023,1,5G,Android 13,https://www.gsmarena.com/xiaomi_redmi_note_13_pro-12581.php,2026-08-26T19:38:46
Xiaomi Redmi Note 13,Redmi,6GB,128GB,Mediatek Dimensity 6080,5000.0,6.67,2024,1,5G,Android 13,https://www.gsmarena.com/xiaomi_redmi_note_13-12776.php,2026-08-26T19:39:22
Xiaomi Redmi Note 13,Redmi,8GB,128GB,Mediatek Dimensity 6080,5000.0,6.67,2024,1,5G,Android 13,https://www.gsmarena.com/xiaomi_redmi_note_13-12776.php,2026-08-26T19:39:22
Xiaomi Redmi Note 13,Redmi,8GB,256GB,Mediatek Dimensity 6080,5000.0,6.67,2024,1,5G,Android 13,https://www.gsmarena.com/xiaomi_redmi_note_13-12776.php,2026-08-26T19:39:22
Xiaomi Redmi Note 13,Redmi,12GB,256GB,Mediatek Dimensity 6080,5000.0,6.67,2024,1,5G,Android 13,https://www.gsmarena.com/xiaomi_redmi_note_13-12776.php,2026-08-26T19:39:22
Xiaomi Redmi Note 13,Redmi,12GB,512GB,Mediatek Dimensity 6080,5000.0,6.67,2024,1,5G,Android 13,https://www.gsmarena.com/xiaomi_redmi_note_13-12776.php,2026-08-26T19:39:22
Xiaomi Redmi 13R,Redmi,4GB,128GB,Mediatek Dimensity 6100+,5000.0,6.74,2023,0,5G,Android 13,https://www.gsmarena.com/xiaomi_redmi_13r-12735.php,2026-08-26T19:40:02
Xiaomi Redmi 13C 5G,Redmi,4GB,64GB,Mediatek Dimensity 6100+,5000.0,6.74,2023,1,5G,Android 13,https://www.gsmarena.com/xiaomi_redmi_13c_5g-12726.php,2026-08-26T19:40:30
Xiaomi Redmi 13C 5G,Redmi,4GB,128GB,Mediatek Dimensity 6100+,5000.0,6.74,2023,1,5G,Android 13,https://www.gsmarena.com/xiaomi_redmi_13c_5g-12726.php,2026-08-26T19:40:30
Xiaomi Redmi 13C 5G,Redmi,6GB,128GB,Mediatek Dimensity 6100+,5000.0,6.74,2023,1,5G,Android 13,https://www.gsmarena.com/xiaomi_redmi_13c_5g-12726.php,2026-08-26T19:40:30
Xiaomi Redmi 13C 5G,Redmi,8GB,256GB,Mediatek Dimensity 6100+,5000.0,6.74,2023,1,5G,Android 13,https://www.gsmarena.com/xiaomi_redmi_13c_5g-12726.php,2026-08-26T19:40:30
Xiaomi Redmi K70 Pro,Redmi,12GB,256GB,Qualcomm SM8650-AB Snapdragon 8 Gen 3,5000.0,6.67,2023,1,5G,Android 14,https://www.gsmarena.com/xiaomi_redmi_k70_pro-12714.php,2026-08-26T19:40:58
Xiaomi Redmi K70 Pro,Redmi,16GB,256GB,Qualcomm SM8650-AB Snapdragon 8 Gen 3,5000.0,6.67,2023,1,5G,Android 14,https://www.gsmarena.com/xiaomi_redmi_k70_pro-12714.php,2026-08-26T19:40:58
Xiaomi Redmi K70 Pro,Redmi,12GB,512GB,Qualcomm SM8650-AB Snapdragon 8 Gen 3,5000.0,6.67,2023,1,5G,Android 14,https://www.gsmarena.com/xiaomi_redmi_k70_pro-12714.php,2026-08-26T19:40:58
Xiaomi Redmi K70 Pro,Redmi,16GB,512GB,Qualcomm SM8650-AB Snapdragon 8 Gen 3,5000.0,6.67,2023,1,5G,Android 14,https://www.gsmarena.com/xiaomi_redmi_k70_pro-12714.php,2026-08-26T19:40:58
Xiaomi Redmi K70 Pro,Redmi,24GB,1TB,Qualcomm SM8650-AB Snapdragon 8 Gen 3,5000.0,6.67,2023,1,5G,Android 14,https://www.gsmarena.com/xiaomi_redmi_k70_pro-12714.php,2026-08-26T19:40:58
Xiaomi Redmi K70,Redmi,12GB,256GB,Qualcomm SM8550-AB Snapdragon 8 Gen 2,5000.0,6.67,2023,1,5G,Android 14,https://www.gsmarena.com/xiaomi_redmi_k70-12715.php,2026-08-26T19:41:31
Xiaomi Redmi K70,Redmi,16GB,256GB,Qualcomm SM8550-AB Snapdragon 8 Gen 2,5000.0,6.67,2023,1,5G,Android 14,https://www.gsmarena.com/xiaomi_redmi_k70-12715.php,2026-08-26T19:41:31
Xiaomi Redmi K70,Redmi,12GB,512GB,Qualcomm SM8550-AB Snapdragon 8 Gen 2,5000.0,6.67,2023,1,5G,Android 14,https://www.gsmarena.com/xiaomi_redmi_k70-12715.php,2026-08-26T19:41:31
Xiaomi Redmi K70,Redmi,16GB,512GB,Qualcomm SM8550-AB Snapdragon 8 Gen 2,5000.0,6.67,2023,1,5G,Android 14,https://www.gsmarena.com/xiaomi_redmi_k70-12715.php,2026-08-26T19:41:31
Xiaomi Redmi K70,Redmi,16GB,1TB,Qualcomm SM8550-AB Snapdragon 8 Gen 2,5000.0,6.67,2023,1,5G,Android 14,https://www.gsmarena.com/xiaomi_redmi_k70-12715.php,2026-08-26T19:41:31
Xiaomi Redmi K70E,Redmi,8GB,256GB,Mediatek Dimensity 8300 Ultra,5500.0,6.67,2023,1,5G,Android 14,https://www.gsmarena.com/xiaomi_redmi_k70e-12716.php,2026-08-26T19:42:03
Xiaomi Redmi K70E,Redmi,12GB,256GB,Mediatek Dimensity 8300 Ultra,5500.0,6.67,2023,1,5G,Android 14,https://www.gsmarena.com/xiaomi_redmi_k70e-12716.php,2026-08-26T19:42:03
Xiaomi Redmi K70E,Redmi,12GB,512GB,Mediatek Dimensity 8300 Ultra,5500.0,6.67,2023,1,5G,Android 14,https://www.gsmarena.com/xiaomi_redmi_k70e-12716.php,2026-08-26T19:42:03
Xiaomi Redmi K70E,Redmi,16GB,1TB,Mediatek Dimensity 8300 Ultra,5500.0,6.67,2023,1,5G,Android 14,https://www.gsmarena.com/xiaomi_redmi_k70e-12716.php,2026-08-26T19:42:03
Xiaomi Redmi Note 13R Pro,Redmi,12GB,256GB,Mediatek Dimensity 6080,5000.0,6.67,2023,1,5G,Android 13,https://www.gsmarena.com/xiaomi_redmi_note_13r_pro-12697.php,2026-08-26T19:43:17
Xiaomi Redmi 13C,Redmi,4GB,128GB,Mediatek MT6769Z Helio G85,5000.0,6.74,2023,1,4G,Android 13,https://www.gsmarena.com/xiaomi_redmi_13c-12689.php,2026-08-26T19:43:54
Xiaomi Redmi 13C,Redmi,6GB,128GB,Mediatek MT6769Z Helio G85,5000.0,6.74,2023,1,4G,Android 13,https://www.gsmarena.com/xiaomi_redmi_13c-12689.php,2026-08-26T19:43:54
Xiaomi Redmi 13C,Redmi,8GB,128GB,Mediatek MT6769Z Helio G85,5000.0,6.74,2023,1,4G,Android 13,https://www.gsmarena.com/xiaomi_redmi_13c-12689.php,2026-08-26T19:43:54
Xiaomi Redmi 13C,Redmi,4GB,256GB,Mediatek MT6769Z Helio G85,5000.0,6.74,2023,1,4G,Android 13,https://www.gsmarena.com/xiaomi_redmi_13c-12689.php,2026-08-26T19:43:54
Xiaomi Redmi 13C,Redmi,8GB,256GB,Mediatek MT6769Z Helio G85,5000.0,6.74,2023,1,4G,Android 13,https://www.gsmarena.com/xiaomi_redmi_13c-12689.php,2026-08-26T19:43:54
Xiaomi 14 Pro,Xiaomi,12GB,256GB,Qualcomm SM8650-AB Snapdragon 8 Gen 3,4880.0,6.73,2023,1,5G,Android 14,https://www.gsmarena.com/xiaomi_14_pro-12643.php,2026-08-26T19:44:34
Xiaomi 14 Pro,Xiaomi,16GB,512GB,Qualcomm SM8650-AB Snapdragon 8 Gen 3,4880.0,6.73,2023,1,5G,Android 14,https://www.gsmarena.com/xiaomi_14_pro-12643.php,2026-08-26T19:44:34
Xiaomi 14 Pro,Xiaomi,16GB,1TB,Qualcomm SM8650-AB Snapdragon 8 Gen 3,4880.0,6.73,2023,1,5G,Android 14,https://www.gsmarena.com/xiaomi_14_pro-12643.php,2026-08-26T19:44:34
Xiaomi 13T Pro,Xiaomi,12GB,256GB,Mediatek Dimensity 9200+,5000.0,6.67,2023,1,5G,Android 13,https://www.gsmarena.com/xiaomi_13t_pro-12388.php,2026-08-26T19:45:13
Xiaomi 13T Pro,Xiaomi,12GB,512GB,Mediatek Dimensity 9200+,5000.0,6.67,2023,1,5G,Android 13,https://www.gsmarena.com/xiaomi_13t_pro-12388.php,2026-08-26T19:45:13
Xiaomi 13T Pro,Xiaomi,16GB,1TB,Mediatek Dimensity 9200+,5000.0,6.67,2023,1,5G,Android 13,https://www.gsmarena.com/xiaomi_13t_pro-12388.php,2026-08-26T19:45:13
Xiaomi 13T,Xiaomi,8GB,256GB,Mediatek Dimensity 8200 Ultra,5000.0,6.67,2023,1,5G,Android 13,https://www.gsmarena.com/xiaomi_13t-12389.php,2026-08-26T19:45:36
Xiaomi 13T,Xiaomi,12GB,256GB,Mediatek Dimensity 8200 Ultra,5000.0,6.67,2023,1,5G,Android 13,https://www.gsmarena.com/xiaomi_13t-12389.php,2026-08-26T19:45:36
Xiaomi Redmi Note 13 (China),Redmi,6GB,128GB,Mediatek Dimensity 6080,5000.0,6.67,2023,0,5G,Android 13,https://www.gsmarena.com/xiaomi_redmi_note_13_(china)-12582.php,2026-08-26T19:46:43
Xiaomi Redmi Note 13 (China),Redmi,8GB,128GB,Mediatek Dimensity 6080,5000.0,6.67,2023,0,5G,Android 13,https://www.gsmarena.com/xiaomi_redmi_note_13_(china)-12582.php,2026-08-26T19:46:43
Xiaomi Redmi Note 13 (China),Redmi,8GB,256GB,Mediatek Dimensity 6080,5000.0,6.67,2023,0,5G,Android 13,https://www.gsmarena.com/xiaomi_redmi_note_13_(china)-12582.php,2026-08-26T19:46:43
Xiaomi Redmi Note 13 (China),Redmi,12GB,256GB,Mediatek Dimensity 6080,5000.0,6.67,2023,0,5G,Android 13,https://www.gsmarena.com/xiaomi_redmi_note_13_(china)-12582.php,2026-08-26T19:46:43
Xiaomi Redmi K60 Ultra,Redmi,12GB,256GB,Mediatek Dimensity 9200+,5000.0,6.67,2023,1,5G,Android 13,https://www.gsmarena.com/xiaomi_redmi_k60_ultra-12470.php,2026-08-26T19:47:58
Xiaomi Redmi K60 Ultra,Redmi,16GB,256GB,Mediatek Dimensity 9200+,5000.0,6.67,2023,1,5G,Android 13,https://www.gsmarena.com/xiaomi_redmi_k60_ultra-12470.php,2026-08-26T19:47:58
Xiaomi Redmi K60 Ultra,Redmi,16GB,512GB,Mediatek Dimensity 9200+,5000.0,6.67,2023,1,5G,Android 13,https://www.gsmarena.com/xiaomi_redmi_k60_ultra-12470.php,2026-08-26T19:47:58
Xiaomi Redmi K60 Ultra,Redmi,16GB,1TB,Mediatek Dimensity 9200+,5000.0,6.67,2023,1,5G,Android 13,https://www.gsmarena.com/xiaomi_redmi_k60_ultra-12470.php,2026-08-26T19:47:58
Xiaomi Redmi K60 Ultra,Redmi,24GB,1TB,Mediatek Dimensity 9200+,5000.0,6.67,2023,1,5G,Android 13,https://www.gsmarena.com/xiaomi_redmi_k60_ultra-12470.php,2026-08-26T19:47:58
Xiaomi Mix Fold 3,Xiaomi,12GB,256GB,Qualcomm SM8550-AC Snapdragon 8 Gen 2,4800.0,8.03,2023,1,5G,Android 13,https://www.gsmarena.com/xiaomi_mix_fold_3-12468.php,2026-08-26T19:48:22
Xiaomi Mix Fold 3,Xiaomi,16GB,512GB,Qualcomm SM8550-AC Snapdragon 8 Gen 2,4800.0,8.03,2023,1,5G,Android 13,https://www.gsmarena.com/xiaomi_mix_fold_3-12468.php,2026-08-26T19:48:22
Xiaomi Mix Fold 3,Xiaomi,16GB,1TB,Qualcomm SM8550-AC Snapdragon 8 Gen 2,4800.0,8.03,2023,1,5G,Android 13,https://www.gsmarena.com/xiaomi_mix_fold_3-12468.php,2026-08-26T19:48:22
Xiaomi Redmi 12 5G,Redmi,4GB,128GB,Qualcomm SM4450 Snapdragon 4 Gen 2,5000.0,6.79,2023,0,5G,Android 13,https://www.gsmarena.com/xiaomi_redmi_12_5g-12446.php,2026-08-26T19:49:57
Xiaomi Redmi 12 5G,Redmi,6GB,128GB,Qualcomm SM4450 Snapdragon 4 Gen 2,5000.0,6.79,2023,0,5G,Android 13,https://www.gsmarena.com/xiaomi_redmi_12_5g-12446.php,2026-08-26T19:49:57
Xiaomi Redmi 12 5G,Redmi,8GB,128GB,Qualcomm SM4450 Snapdragon 4 Gen 2,5000.0,6.79,2023,0,5G,Android 13,https://www.gsmarena.com/xiaomi_redmi_12_5g-12446.php,2026-08-26T19:49:57
Xiaomi Redmi 12 5G,Redmi,8GB,256GB,Qualcomm SM4450 Snapdragon 4 Gen 2,5000.0,6.79,2023,0,5G,Android 13,https://www.gsmarena.com/xiaomi_redmi_12_5g-12446.php,2026-08-26T19:49:57
Xiaomi Redmi Note 12R,Redmi,4GB,128GB,Qualcomm SM4450 Snapdragon 4 Gen 2,5000.0,6.79,2023,1,5G,Android 13,https://www.gsmarena.com/xiaomi_redmi_note_12r-12392.php,2026-08-26T19:50:21
Xiaomi Redmi Note 12R,Redmi,6GB,128GB,Qualcomm SM4450 Snapdragon 4 Gen 2,5000.0,6.79,2023,1,5G,Android 13,https://www.gsmarena.com/xiaomi_redmi_note_12r-12392.php,2026-08-26T19:50:21
Xiaomi Redmi Note 12R,Redmi,8GB,128GB,Qualcomm SM4450 Snapdragon 4 Gen 2,5000.0,6.79,2023,1,5G,Android 13,https://www.gsmarena.com/xiaomi_redmi_note_12r-12392.php,2026-08-26T19:50:21
Xiaomi Redmi Note 12R,Redmi,8GB,256GB,Qualcomm SM4450 Snapdragon 4 Gen 2,5000.0,6.79,2023,1,5G,Android 13,https://www.gsmarena.com/xiaomi_redmi_note_12r-12392.php,2026-08-26T19:50:21
Xiaomi Redmi Note 12R Pro,Redmi,12GB,256GB,Qualcomm SM4375 Snapdragon 4 Gen 1,5000.0,6.67,2023,1,5G,Android 13,https://www.gsmarena.com/xiaomi_redmi_note_12r_pro-12245.php,2026-08-26T19:50:43
Xiaomi Redmi 12,Redmi,2GB,128GB,Mediatek MT6769H Helio G88,5000.0,6.79,2023,1,4G,Android 13,https://www.gsmarena.com/xiaomi_redmi_12-12328.php,2026-08-26T19:51:21
Xiaomi Redmi 12,Redmi,4GB,128GB,Mediatek MT6769H Helio G88,5000.0,6.79,2023,1,4G,Android 13,https://www.gsmarena.com/xiaomi_redmi_12-12328.php,2026-08-26T19:51:21
Xiaomi Redmi 12,Redmi,6GB,128GB,Mediatek MT6769H Helio G88,5000.0,6.79,2023,1,4G,Android 13,https://www.gsmarena.com/xiaomi_redmi_12-12328.php,2026-08-26T19:51:21
Xiaomi Redmi 12,Redmi,8GB,128GB,Mediatek MT6769H Helio G88,5000.0,6.79,2023,1,4G,Android 13,https://www.gsmarena.com/xiaomi_redmi_12-12328.php,2026-08-26T19:51:21
Xiaomi Redmi 12,Redmi,4GB,256GB,Mediatek MT6769H Helio G88,5000.0,6.79,2023,1,4G,Android 13,https://www.gsmarena.com/xiaomi_redmi_12-12328.php,2026-08-26T19:51:21
Xiaomi Redmi 12,Redmi,8GB,256GB,Mediatek MT6769H Helio G88,5000.0,6.79,2023,1,4G,Android 13,https://www.gsmarena.com/xiaomi_redmi_12-12328.php,2026-08-26T19:51:21
Xiaomi Redmi Note 12T Pro,Redmi,8GB,128GB,Mediatek Dimensity 8200 Ultra,5080.0,6.6,2023,1,5G,Android 13,https://www.gsmarena.com/xiaomi_redmi_note_12t_pro-12298.php,2026-08-26T19:51:46
Xiaomi Redmi Note 12T Pro,Redmi,8GB,256GB,Mediatek Dimensity 8200 Ultra,5080.0,6.6,2023,1,5G,Android 13,https://www.gsmarena.com/xiaomi_redmi_note_12t_pro-12298.php,2026-08-26T19:51:46
Xiaomi Redmi Note 12T Pro,Redmi,12GB,256GB,Mediatek Dimensity 8200 Ultra,5080.0,6.6,2023,1,5G,Android 13,https://www.gsmarena.com/xiaomi_redmi_note_12t_pro-12298.php,2026-08-26T19:51:46
Xiaomi Redmi Note 12T Pro,Redmi,12GB,512GB,Mediatek Dimensity 8200 Ultra,5080.0,6.6,2023,1,5G,Android 13,https://www.gsmarena.com/xiaomi_redmi_note_12t_pro-12298.php,2026-08-26T19:51:46
Xiaomi Civi 3,Xiaomi,12GB,256GB,Mediatek Dimensity 8200 Ultra,4500.0,6.55,2023,1,5G,Android 13,https://www.gsmarena.com/xiaomi_civi_3-12134.php,2026-08-26T19:52:17
Xiaomi Civi 3,Xiaomi,12GB,512GB,Mediatek Dimensity 8200 Ultra,4500.0,6.55,2023,1,5G,Android 13,https://www.gsmarena.com/xiaomi_civi_3-12134.php,2026-08-26T19:52:17
Xiaomi Civi 3,Xiaomi,16GB,1TB,Mediatek Dimensity 8200 Ultra,4500.0,6.55,2023,1,5G,Android 13,https://www.gsmarena.com/xiaomi_civi_3-12134.php,2026-08-26T19:52:17
Xiaomi Redmi Note 17 Pro Max,Redmi,8GB,128GB,Qualcomm SM6850 Snapdragon 6 Gen 5,0.0,6.83,2026,1,5G,Android 16,https://www.gsmarena.com/xiaomi_redmi_note_17_pro_max_5g-14845.php,2026-08-28T11:59:24
Xiaomi Redmi Note 17 Pro Max,Redmi,8GB,256GB,Qualcomm SM6850 Snapdragon 6 Gen 5,0.0,6.83,2026,1,5G,Android 16,https://www.gsmarena.com/xiaomi_redmi_note_17_pro_max_5g-14845.php,2026-08-28T11:59:24
Xiaomi Redmi Note 17 Pro Max,Redmi,12GB,256GB,Qualcomm SM6850 Snapdragon 6 Gen 5,0.0,6.83,2026,1,5G,Android 16,https://www.gsmarena.com/xiaomi_redmi_note_17_pro_max_5g-14845.php,2026-08-28T11:59:24
Xiaomi Redmi Note 17 Pro Max,Redmi,8GB,512GB,Qualcomm SM6850 Snapdragon 6 Gen 5,0.0,6.83,2026,1,5G,Android 16,https://www.gsmarena.com/xiaomi_redmi_note_17_pro_max_5g-14845.php,2026-08-28T11:59:24
Xiaomi Redmi Note 17 Pro,Redmi,6GB,128GB,Qualcomm SM6435-AA Snapdragon 6s Gen 4,8340.0,6.83,2026,1,5G,Android 16,https://www.gsmarena.com/xiaomi_redmi_note_17_pro_5g-14844.php,2026-08-28T11:59:55
Xiaomi Redmi Note 17 Pro,Redmi,6GB,256GB,Qualcomm SM6435-AA Snapdragon 6s Gen 4,8340.0,6.83,2026,1,5G,Android 16,https://www.gsmarena.com/xiaomi_redmi_note_17_pro_5g-14844.php,2026-08-28T11:59:55
Xiaomi Redmi Note 17 Pro,Redmi,8GB,256GB,Qualcomm SM6435-AA Snapdragon 6s Gen 4,8340.0,6.83,2026,1,5G,Android 16,https://www.gsmarena.com/xiaomi_redmi_note_17_pro_5g-14844.php,2026-08-28T11:59:55
Xiaomi Redmi Note 17 Pro,Redmi,12GB,256GB,Qualcomm SM6435-AA Snapdragon 6s Gen 4,8340.0,6.83,2026,1,5G,Android 16,https://www.gsmarena.com/xiaomi_redmi_note_17_pro_5g-14844.php,2026-08-28T11:59:55
Xiaomi Redmi Note 17 Pro,Redmi,8GB,512GB,Qualcomm SM6435-AA Snapdragon 6s Gen 4,8340.0,6.83,2026,1,5G,Android 16,https://www.gsmarena.com/xiaomi_redmi_note_17_pro_5g-14844.php,2026-08-28T11:59:55
Xiaomi Redmi Note 17,Redmi,6GB,128GB,Qualcomm SM4450-AF Snapdragon 4 Gen 4,7700.0,6.99,2026,1,5G,Android 16,https://www.gsmarena.com/xiaomi_redmi_note_17_5g-14846.php,2026-08-28T12:00:31
Xiaomi Redmi Note 17,Redmi,6GB,256GB,Qualcomm SM4450-AF Snapdragon 4 Gen 4,7700.0,6.99,2026,1,5G,Android 16,https://www.gsmarena.com/xiaomi_redmi_note_17_5g-14846.php,2026-08-28T12:00:31
Xiaomi Redmi Note 17,Redmi,8GB,256GB,Qualcomm SM4450-AF Snapdragon 4 Gen 4,7700.0,6.99,2026,1,5G,Android 16,https://www.gsmarena.com/xiaomi_redmi_note_17_5g-14846.php,2026-08-28T12:00:31
Xiaomi Redmi Note 17 4G,Redmi,4GB,128GB,Qualcomm Snapdragon 6s 4G Gen 2,7700.0,6.99,2026,1,4G,Android 16,https://www.gsmarena.com/xiaomi_redmi_note_17-14847.php,2026-08-28T12:00:54
Xiaomi Redmi Note 17 4G,Redmi,6GB,128GB,Qualcomm Snapdragon 6s 4G Gen 2,7700.0,6.99,2026,1,4G,Android 16,https://www.gsmarena.com/xiaomi_redmi_note_17-14847.php,2026-08-28T12:00:54
Xiaomi Redmi Note 17 4G,Redmi,4GB,256GB,Qualcomm Snapdragon 6s 4G Gen 2,7700.0,6.99,2026,1,4G,Android 16,https://www.gsmarena.com/xiaomi_redmi_note_17-14847.php,2026-08-28T12:00:54
Xiaomi Redmi Note 17 4G,Redmi,6GB,256GB,Qualcomm Snapdragon 6s 4G Gen 2,7700.0,6.99,2026,1,4G,Android 16,https://www.gsmarena.com/xiaomi_redmi_note_17-14847.php,2026-08-28T12:00:54
Xiaomi Redmi Note 17 4G,Redmi,8GB,256GB,Qualcomm Snapdragon 6s 4G Gen 2,7700.0,6.99,2026,1,4G,Android 16,https://www.gsmarena.com/xiaomi_redmi_note_17-14847.php,2026-08-28T12:00:54
Xiaomi 13 Ultra,Xiaomi,12GB,256GB,Qualcomm SM8550-AB Snapdragon 8 Gen 2,5000.0,6.73,2023,1,5G,Android 13,https://www.gsmarena.com/xiaomi_13_ultra-12236.php,2026-08-28T14:01:04
Xiaomi 13 Ultra,Xiaomi,12GB,512GB,Qualcomm SM8550-AB Snapdragon 8 Gen 2,5000.0,6.73,2023,1,5G,Android 13,https://www.gsmarena.com/xiaomi_13_ultra-12236.php,2026-08-28T14:01:04
Xiaomi 13 Ultra,Xiaomi,16GB,512GB,Qualcomm SM8550-AB Snapdragon 8 Gen 2,5000.0,6.73,2023,1,5G,Android 13,https://www.gsmarena.com/xiaomi_13_ultra-12236.php,2026-08-28T14:01:04
Xiaomi 13 Ultra,Xiaomi,16GB,1TB,Qualcomm SM8550-AB Snapdragon 8 Gen 2,5000.0,6.73,2023,1,5G,Android 13,https://www.gsmarena.com/xiaomi_13_ultra-12236.php,2026-08-28T14:01:04
Xiaomi Redmi Note 12S,Redmi,6GB,64GB,Mediatek MT6781 Helio G96,5000.0,6.43,2023,1,4G,Android 13,https://www.gsmarena.com/xiaomi_redmi_note_12s-12218.php,2026-08-28T14:03:00
Xiaomi Redmi Note 12S,Redmi,6GB,128GB,Mediatek MT6781 Helio G96,5000.0,6.43,2023,1,4G,Android 13,https://www.gsmarena.com/xiaomi_redmi_note_12s-12218.php,2026-08-28T14:03:00
Xiaomi Redmi Note 12S,Redmi,8GB,256GB,Mediatek MT6781 Helio G96,5000.0,6.43,2023,1,4G,Android 13,https://www.gsmarena.com/xiaomi_redmi_note_12s-12218.php,2026-08-28T14:03:00
Xiaomi Redmi Note 12 Pro 4G,Redmi,6GB,128GB,Qualcomm SM7150 Snapdragon 732G,5000.0,6.67,2023,1,4G,Android 11,https://www.gsmarena.com/xiaomi_redmi_note_12_pro_4g-12209.php,2026-08-28T14:03:25
Xiaomi Redmi Note 12 Pro 4G,Redmi,8GB,128GB,Qualcomm SM7150 Snapdragon 732G,5000.0,6.67,2023,1,4G,Android 11,https://www.gsmarena.com/xiaomi_redmi_note_12_pro_4g-12209.php,2026-08-28T14:03:25
Xiaomi Redmi Note 12 Pro 4G,Redmi,8GB,256GB,Qualcomm SM7150 Snapdragon 732G,5000.0,6.67,2023,1,4G,Android 11,https://www.gsmarena.com/xiaomi_redmi_note_12_pro_4g-12209.php,2026-08-28T14:03:25
Xiaomi Redmi Note 12 Turbo,Redmi,8GB,256GB,Qualcomm SM7475-AB Snapdragon 7+ Gen 2,5000.0,6.67,2023,1,5G,Android 13,https://www.gsmarena.com/xiaomi_redmi_note_12_turbo-12181.php,2026-08-28T14:03:53
Xiaomi Redmi Note 12 Turbo,Redmi,12GB,256GB,Qualcomm SM7475-AB Snapdragon 7+ Gen 2,5000.0,6.67,2023,1,5G,Android 13,https://www.gsmarena.com/xiaomi_redmi_note_12_turbo-12181.php,2026-08-28T14:03:53
Xiaomi Redmi Note 12 Turbo,Redmi,16GB,256GB,Qualcomm SM7475-AB Snapdragon 7+ Gen 2,5000.0,6.67,2023,1,5G,Android 13,https://www.gsmarena.com/xiaomi_redmi_note_12_turbo-12181.php,2026-08-28T14:03:53
Xiaomi Redmi Note 12 Turbo,Redmi,12GB,512GB,Qualcomm SM7475-AB Snapdragon 7+ Gen 2,5000.0,6.67,2023,1,5G,Android 13,https://www.gsmarena.com/xiaomi_redmi_note_12_turbo-12181.php,2026-08-28T14:03:53
Xiaomi Redmi Note 12 Turbo,Redmi,16GB,1TB,Qualcomm SM7475-AB Snapdragon 7+ Gen 2,5000.0,6.67,2023,1,5G,Android 13,https://www.gsmarena.com/xiaomi_redmi_note_12_turbo-12181.php,2026-08-28T14:03:53
Xiaomi Redmi A2+,Redmi,2GB,32GB,Mediatek Helio G36,5000.0,6.52,2023,0,4G,Android 12 or 13 (Go edition),https://www.gsmarena.com/xiaomi_redmi_a2+-12197.php,2026-08-28T14:04:34
Xiaomi Redmi A2+,Redmi,3GB,32GB,Mediatek Helio G36,5000.0,6.52,2023,0,4G,Android 12 or 13 (Go edition),https://www.gsmarena.com/xiaomi_redmi_a2+-12197.php,2026-08-28T14:04:34
Xiaomi Redmi A2+,Redmi,3GB,64GB,Mediatek Helio G36,5000.0,6.52,2023,0,4G,Android 12 or 13 (Go edition),https://www.gsmarena.com/xiaomi_redmi_a2+-12197.php,2026-08-28T14:04:34
Xiaomi Redmi A2+,Redmi,4GB,64GB,Mediatek Helio G36,5000.0,6.52,2023,0,4G,Android 12 or 13 (Go edition),https://www.gsmarena.com/xiaomi_redmi_a2+-12197.php,2026-08-28T14:04:34
Xiaomi Redmi A2+,Redmi,4GB,128GB,Mediatek Helio G36,5000.0,6.52,2023,0,4G,Android 12 or 13 (Go edition),https://www.gsmarena.com/xiaomi_redmi_a2+-12197.php,2026-08-28T14:04:34
Xiaomi Redmi A2,Redmi,2GB,32GB,Mediatek Helio G36,5000.0,6.52,2023,0,4G,Android 12 or 13 (Go edition),https://www.gsmarena.com/xiaomi_redmi_a2-12124.php,2026-08-28T14:05:14
Xiaomi Redmi A2,Redmi,3GB,32GB,Mediatek Helio G36,5000.0,6.52,2023,0,4G,Android 12 or 13 (Go edition),https://www.gsmarena.com/xiaomi_redmi_a2-12124.php,2026-08-28T14:05:14
Xiaomi Redmi A2,Redmi,2GB,64GB,Mediatek Helio G36,5000.0,6.52,2023,0,4G,Android 12 or 13 (Go edition),https://www.gsmarena.com/xiaomi_redmi_a2-12124.php,2026-08-28T14:05:14
Xiaomi Redmi A2,Redmi,3GB,64GB,Mediatek Helio G36,5000.0,6.52,2023,0,4G,Android 12 or 13 (Go edition),https://www.gsmarena.com/xiaomi_redmi_a2-12124.php,2026-08-28T14:05:14
Xiaomi Redmi A2,Redmi,4GB,64GB,Mediatek Helio G36,5000.0,6.52,2023,0,4G,Android 12 or 13 (Go edition),https://www.gsmarena.com/xiaomi_redmi_a2-12124.php,2026-08-28T14:05:14
Xiaomi Redmi Note 12 4G,Redmi,4GB,64GB,Qualcomm SM6225 Snapdragon 685,5000.0,6.67,2023,1,4G,Android 13,https://www.gsmarena.com/xiaomi_redmi_note_12_4g-12188.php,2026-08-28T14:05:48
Xiaomi Redmi Note 12 4G,Redmi,6GB,64GB,Qualcomm SM6225 Snapdragon 685,5000.0,6.67,2023,1,4G,Android 13,https://www.gsmarena.com/xiaomi_redmi_note_12_4g-12188.php,2026-08-28T14:05:48
Xiaomi Redmi Note 12 4G,Redmi,4GB,128GB,Qualcomm SM6225 Snapdragon 685,5000.0,6.67,2023,1,4G,Android 13,https://www.gsmarena.com/xiaomi_redmi_note_12_4g-12188.php,2026-08-28T14:05:48
Xiaomi Redmi Note 12 4G,Redmi,6GB,128GB,Qualcomm SM6225 Snapdragon 685,5000.0,6.67,2023,1,4G,Android 13,https://www.gsmarena.com/xiaomi_redmi_note_12_4g-12188.php,2026-08-28T14:05:48
Xiaomi Redmi Note 12 4G,Redmi,8GB,128GB,Qualcomm SM6225 Snapdragon 685,5000.0,6.67,2023,1,4G,Android 13,https://www.gsmarena.com/xiaomi_redmi_note_12_4g-12188.php,2026-08-28T14:05:48
Xiaomi Redmi Note 12 4G,Redmi,8GB,256GB,Qualcomm SM6225 Snapdragon 685,5000.0,6.67,2023,1,4G,Android 13,https://www.gsmarena.com/xiaomi_redmi_note_12_4g-12188.php,2026-08-28T14:05:48
Xiaomi 13 Pro,Xiaomi,8GB,128GB,Qualcomm SM8550-AB Snapdragon 8 Gen 2,4820.0,6.73,2022,1,5G,Android 13,https://www.gsmarena.com/xiaomi_13_pro-11962.php,2026-08-28T14:06:18
Xiaomi 13 Pro,Xiaomi,8GB,256GB,Qualcomm SM8550-AB Snapdragon 8 Gen 2,4820.0,6.73,2022,1,5G,Android 13,https://www.gsmarena.com/xiaomi_13_pro-11962.php,2026-08-28T14:06:18
Xiaomi 13 Pro,Xiaomi,12GB,256GB,Qualcomm SM8550-AB Snapdragon 8 Gen 2,4820.0,6.73,2022,1,5G,Android 13,https://www.gsmarena.com/xiaomi_13_pro-11962.php,2026-08-28T14:06:18
Xiaomi 13 Pro,Xiaomi,12GB,512GB,Qualcomm SM8550-AB Snapdragon 8 Gen 2,4820.0,6.73,2022,1,5G,Android 13,https://www.gsmarena.com/xiaomi_13_pro-11962.php,2026-08-28T14:06:18
Xiaomi 13,Xiaomi,8GB,128GB,Qualcomm SM8550-AB Snapdragon 8 Gen 2,4500.0,6.36,2022,1,5G,Android 13,https://www.gsmarena.com/xiaomi_13-12013.php,2026-08-28T14:06:54
Xiaomi 13,Xiaomi,8GB,256GB,Qualcomm SM8550-AB Snapdragon 8 Gen 2,4500.0,6.36,2022,1,5G,Android 13,https://www.gsmarena.com/xiaomi_13-12013.php,2026-08-28T14:06:54
Xiaomi 13,Xiaomi,12GB,256GB,Qualcomm SM8550-AB Snapdragon 8 Gen 2,4500.0,6.36,2022,1,5G,Android 13,https://www.gsmarena.com/xiaomi_13-12013.php,2026-08-28T14:06:54
Xiaomi 13,Xiaomi,12GB,512GB,Qualcomm SM8550-AB Snapdragon 8 Gen 2,4500.0,6.36,2022,1,5G,Android 13,https://www.gsmarena.com/xiaomi_13-12013.php,2026-08-28T14:06:54
Xiaomi 13 Lite,Xiaomi,8GB,64GB,Qualcomm SM7450-AB Snapdragon 7 Gen 1,4500.0,6.55,2023,1,5G,Android 12,https://www.gsmarena.com/xiaomi_13_lite-12072.php,2026-08-28T14:07:27
Xiaomi 13 Lite,Xiaomi,8GB,128GB,Qualcomm SM7450-AB Snapdragon 7 Gen 1,4500.0,6.55,2023,1,5G,Android 12,https://www.gsmarena.com/xiaomi_13_lite-12072.php,2026-08-28T14:07:27
Xiaomi 13 Lite,Xiaomi,8GB,256GB,Qualcomm SM7450-AB Snapdragon 7 Gen 1,4500.0,6.55,2023,1,5G,Android 12,https://www.gsmarena.com/xiaomi_13_lite-12072.php,2026-08-28T14:07:27
Xiaomi Redmi Note 12,Redmi,4GB,128GB,Qualcomm SM4375 Snapdragon 4 Gen 1,5000.0,6.67,2022,1,5G,Android 12,https://www.gsmarena.com/xiaomi_redmi_note_12-12063.php,2026-08-28T14:08:05
Xiaomi Redmi Note 12,Redmi,6GB,128GB,Qualcomm SM4375 Snapdragon 4 Gen 1,5000.0,6.67,2022,1,5G,Android 12,https://www.gsmarena.com/xiaomi_redmi_note_12-12063.php,2026-08-28T14:08:05
Xiaomi Redmi Note 12,Redmi,8GB,256GB,Qualcomm SM4375 Snapdragon 4 Gen 1,5000.0,6.67,2022,1,5G,Android 12,https://www.gsmarena.com/xiaomi_redmi_note_12-12063.php,2026-08-28T14:08:05
Xiaomi Redmi Note 12 Pro Speed,Redmi,6GB,128GB,Qualcomm SM7325 Snapdragon 778G 5G,5000.0,6.67,2022,1,5G,Android 13,https://www.gsmarena.com/xiaomi_redmi_note_12_pro_speed-12045.php,2026-08-28T14:08:46
Xiaomi Redmi Note 12 Pro Speed,Redmi,8GB,256GB,Qualcomm SM7325 Snapdragon 778G 5G,5000.0,6.67,2022,1,5G,Android 13,https://www.gsmarena.com/xiaomi_redmi_note_12_pro_speed-12045.php,2026-08-28T14:08:46
Xiaomi Redmi Note 12 Pro Speed,Redmi,12GB,256GB,Qualcomm SM7325 Snapdragon 778G 5G,5000.0,6.67,2022,1,5G,Android 13,https://www.gsmarena.com/xiaomi_redmi_note_12_pro_speed-12045.php,2026-08-28T14:08:46
Xiaomi Redmi K60 Pro,Redmi,8GB,128GB,Qualcomm SM8550-AB Snapdragon 8 Gen 2,5000.0,6.67,2022,1,5G,Android 13,https://www.gsmarena.com/xiaomi_redmi_k60_pro-12046.php,2026-08-28T14:09:24
Xiaomi Redmi K60 Pro,Redmi,8GB,256GB,Qualcomm SM8550-AB Snapdragon 8 Gen 2,5000.0,6.67,2022,1,5G,Android 13,https://www.gsmarena.com/xiaomi_redmi_k60_pro-12046.php,2026-08-28T14:09:24
Xiaomi Redmi K60 Pro,Redmi,12GB,256GB,Qualcomm SM8550-AB Snapdragon 8 Gen 2,5000.0,6.67,2022,1,5G,Android 13,https://www.gsmarena.com/xiaomi_redmi_k60_pro-12046.php,2026-08-28T14:09:24
Xiaomi Redmi K60 Pro,Redmi,12GB,512GB,Qualcomm SM8550-AB Snapdragon 8 Gen 2,5000.0,6.67,2022,1,5G,Android 13,https://www.gsmarena.com/xiaomi_redmi_k60_pro-12046.php,2026-08-28T14:09:24
Xiaomi Redmi K60 Pro,Redmi,16GB,512GB,Qualcomm SM8550-AB Snapdragon 8 Gen 2,5000.0,6.67,2022,1,5G,Android 13,https://www.gsmarena.com/xiaomi_redmi_k60_pro-12046.php,2026-08-28T14:09:24
Xiaomi Redmi K60E,Redmi,8GB,128GB,Mediatek Dimensity 8200,5500.0,6.67,2022,1,5G,Android 12,https://www.gsmarena.com/xiaomi_redmi_k60e-12047.php,2026-08-28T14:09:51
Xiaomi Redmi K60E,Redmi,8GB,256GB,Mediatek Dimensity 8200,5500.0,6.67,2022,1,5G,Android 12,https://www.gsmarena.com/xiaomi_redmi_k60e-12047.php,2026-08-28T14:09:51
Xiaomi Redmi K60E,Redmi,12GB,256GB,Mediatek Dimensity 8200,5500.0,6.67,2022,1,5G,Android 12,https://www.gsmarena.com/xiaomi_redmi_k60e-12047.php,2026-08-28T14:09:51
Xiaomi Redmi K60E,Redmi,12GB,512GB,Mediatek Dimensity 8200,5500.0,6.67,2022,1,5G,Android 12,https://www.gsmarena.com/xiaomi_redmi_k60e-12047.php,2026-08-28T14:09:51
Xiaomi Redmi K60,Redmi,8GB,128GB,Qualcomm SM8475 Snapdragon 8+ Gen 1,5500.0,6.67,2022,1,5G,Android 13,https://www.gsmarena.com/xiaomi_redmi_k60-11975.php,2026-08-28T14:10:13
Xiaomi Redmi K60,Redmi,8GB,256GB,Qualcomm SM8475 Snapdragon 8+ Gen 1,5500.0,6.67,2022,1,5G,Android 13,https://www.gsmarena.com/xiaomi_redmi_k60-11975.php,2026-08-28T14:10:13
Xiaomi Redmi K60,Redmi,12GB,256GB,Qualcomm SM8475 Snapdragon 8+ Gen 1,5500.0,6.67,2022,1,5G,Android 13,https://www.gsmarena.com/xiaomi_redmi_k60-11975.php,2026-08-28T14:10:13
Xiaomi Redmi K60,Redmi,16GB,256GB,Qualcomm SM8475 Snapdragon 8+ Gen 1,5500.0,6.67,2022,1,5G,Android 13,https://www.gsmarena.com/xiaomi_redmi_k60-11975.php,2026-08-28T14:10:13
Xiaomi Redmi K60,Redmi,12GB,512GB,Qualcomm SM8475 Snapdragon 8+ Gen 1,5500.0,6.67,2022,1,5G,Android 13,https://www.gsmarena.com/xiaomi_redmi_k60-11975.php,2026-08-28T14:10:13
Xiaomi Redmi K60,Redmi,16GB,512GB,Qualcomm SM8475 Snapdragon 8+ Gen 1,5500.0,6.67,2022,1,5G,Android 13,https://www.gsmarena.com/xiaomi_redmi_k60-11975.php,2026-08-28T14:10:13
Xiaomi Redmi K60,Redmi,16GB,1TB,Qualcomm SM8475 Snapdragon 8+ Gen 1,5500.0,6.67,2022,1,5G,Android 13,https://www.gsmarena.com/xiaomi_redmi_k60-11975.php,2026-08-28T14:10:13
Xiaomi Redmi 12C,Redmi,2GB,32GB,Mediatek MT6769Z Helio G85,5000.0,6.71,2022,1,4G,Android 12,https://www.gsmarena.com/xiaomi_redmi_12c-12051.php,2026-08-28T14:11:54
Xiaomi Redmi 12C,Redmi,3GB,32GB,Mediatek MT6769Z Helio G85,5000.0,6.71,2022,1,4G,Android 12,https://www.gsmarena.com/xiaomi_redmi_12c-12051.php,2026-08-28T14:11:54
Xiaomi Redmi 12C,Redmi,4GB,32GB,Mediatek MT6769Z Helio G85,5000.0,6.71,2022,1,4G,Android 12,https://www.gsmarena.com/xiaomi_redmi_12c-12051.php,2026-08-28T14:11:54
Xiaomi Redmi 12C,Redmi,3GB,64GB,Mediatek MT6769Z Helio G85,5000.0,6.71,2022,1,4G,Android 12,https://www.gsmarena.com/xiaomi_redmi_12c-12051.php,2026-08-28T14:11:54
Xiaomi Redmi 12C,Redmi,4GB,64GB,Mediatek MT6769Z Helio G85,5000.0,6.71,2022,1,4G,Android 12,https://www.gsmarena.com/xiaomi_redmi_12c-12051.php,2026-08-28T14:11:54
Xiaomi Redmi 12C,Redmi,3GB,128GB,Mediatek MT6769Z Helio G85,5000.0,6.71,2022,1,4G,Android 12,https://www.gsmarena.com/xiaomi_redmi_12c-12051.php,2026-08-28T14:11:54
Xiaomi Redmi 12C,Redmi,4GB,128GB,Mediatek MT6769Z Helio G85,5000.0,6.71,2022,1,4G,Android 12,https://www.gsmarena.com/xiaomi_redmi_12c-12051.php,2026-08-28T14:11:54
Xiaomi Redmi 12C,Redmi,6GB,128GB,Mediatek MT6769Z Helio G85,5000.0,6.71,2022,1,4G,Android 12,https://www.gsmarena.com/xiaomi_redmi_12c-12051.php,2026-08-28T14:11:54
Xiaomi Redmi Note 12 Discovery,Redmi,8GB,256GB,Mediatek Dimensity 1080,4300.0,6.67,2022,1,5G,Android 12,https://www.gsmarena.com/xiaomi_redmi_note_12_discovery-11953.php,2026-08-28T14:12:19
Xiaomi Redmi Note 12 Pro+,Redmi,8GB,256GB,Mediatek Dimensity 1080,5000.0,6.67,2022,1,5G,Android 12,https://www.gsmarena.com/xiaomi_redmi_note_12_pro+-11954.php,2026-08-28T14:12:49
Xiaomi Redmi Note 12 Pro+,Redmi,12GB,256GB,Mediatek Dimensity 1080,5000.0,6.67,2022,1,5G,Android 12,https://www.gsmarena.com/xiaomi_redmi_note_12_pro+-11954.php,2026-08-28T14:12:49
Xiaomi Redmi Note 12 Pro,Redmi,6GB,128GB,Mediatek Dimensity 1080,5000.0,6.67,2022,1,5G,Android 12,https://www.gsmarena.com/xiaomi_redmi_note_12_pro-11955.php,2026-08-28T14:13:23
Xiaomi Redmi Note 12 Pro,Redmi,8GB,128GB,Mediatek Dimensity 1080,5000.0,6.67,2022,1,5G,Android 12,https://www.gsmarena.com/xiaomi_redmi_note_12_pro-11955.php,2026-08-28T14:13:23
Xiaomi Redmi Note 12 Pro,Redmi,8GB,256GB,Mediatek Dimensity 1080,5000.0,6.67,2022,1,5G,Android 12,https://www.gsmarena.com/xiaomi_redmi_note_12_pro-11955.php,2026-08-28T14:13:23
Xiaomi Redmi Note 12 Pro,Redmi,12GB,256GB,Mediatek Dimensity 1080,5000.0,6.67,2022,1,5G,Android 12,https://www.gsmarena.com/xiaomi_redmi_note_12_pro-11955.php,2026-08-28T14:13:23
Xiaomi Redmi Note 12 (China),Redmi,4GB,128GB,Qualcomm SM4375 Snapdragon 4 Gen 1,5000.0,6.67,2022,0,5G,Android 12,https://www.gsmarena.com/xiaomi_redmi_note_12_(china)-11956.php,2026-08-28T14:13:49
Xiaomi Redmi Note 12 (China),Redmi,6GB,128GB,Qualcomm SM4375 Snapdragon 4 Gen 1,5000.0,6.67,2022,0,5G,Android 12,https://www.gsmarena.com/xiaomi_redmi_note_12_(china)-11956.php,2026-08-28T14:13:49
Xiaomi Redmi Note 12 (China),Redmi,8GB,128GB,Qualcomm SM4375 Snapdragon 4 Gen 1,5000.0,6.67,2022,0,5G,Android 12,https://www.gsmarena.com/xiaomi_redmi_note_12_(china)-11956.php,2026-08-28T14:13:49
Xiaomi Redmi Note 12 (China),Redmi,8GB,256GB,Qualcomm SM4375 Snapdragon 4 Gen 1,5000.0,6.67,2022,0,5G,Android 12,https://www.gsmarena.com/xiaomi_redmi_note_12_(china)-11956.php,2026-08-28T14:13:49
Xiaomi Redmi Note 12 (China),Redmi,12GB,256GB,Qualcomm SM4375 Snapdragon 4 Gen 1,5000.0,6.67,2022,0,5G,Android 12,https://www.gsmarena.com/xiaomi_redmi_note_12_(china)-11956.php,2026-08-28T14:13:49
Xiaomi 12T Pro,Xiaomi,8GB,128GB,Qualcomm SM8475 Snapdragon 8+ Gen 1,5000.0,6.67,2022,1,5G,Android 12,https://www.gsmarena.com/xiaomi_12t_pro-11887.php,2026-08-28T14:14:25
Xiaomi 12T Pro,Xiaomi,8GB,256GB,Qualcomm SM8475 Snapdragon 8+ Gen 1,5000.0,6.67,2022,1,5G,Android 12,https://www.gsmarena.com/xiaomi_12t_pro-11887.php,2026-08-28T14:14:25
Xiaomi 12T Pro,Xiaomi,12GB,256GB,Qualcomm SM8475 Snapdragon 8+ Gen 1,5000.0,6.67,2022,1,5G,Android 12,https://www.gsmarena.com/xiaomi_12t_pro-11887.php,2026-08-28T14:14:25
Xiaomi 12T,Xiaomi,8GB,128GB,Mediatek Dimensity 8100 Ultra,5000.0,6.67,2022,1,5G,Android 12,https://www.gsmarena.com/xiaomi_12t-11888.php,2026-08-28T14:15:00
Xiaomi 12T,Xiaomi,8GB,256GB,Mediatek Dimensity 8100 Ultra,5000.0,6.67,2022,1,5G,Android 12,https://www.gsmarena.com/xiaomi_12t-11888.php,2026-08-28T14:15:00
Xiaomi Redmi Note 11R,Redmi,4GB,128GB,Mediatek Dimensity 700,5000.0,6.58,2022,0,5G,Android 12,https://www.gsmarena.com/xiaomi_redmi_note_11r-11904.php,2026-08-28T14:15:46
Xiaomi Redmi Note 11R,Redmi,6GB,128GB,Mediatek Dimensity 700,5000.0,6.58,2022,0,5G,Android 12,https://www.gsmarena.com/xiaomi_redmi_note_11r-11904.php,2026-08-28T14:15:46
Xiaomi Redmi Note 11R,Redmi,8GB,128GB,Mediatek Dimensity 700,5000.0,6.58,2022,0,5G,Android 12,https://www.gsmarena.com/xiaomi_redmi_note_11r-11904.php,2026-08-28T14:15:46
Xiaomi Redmi A1+,Redmi,2GB,32GB,Mediatek MT6761 Helio A22,5000.0,6.52,2022,0,4G,Android 12 (Go edition),https://www.gsmarena.com/xiaomi_redmi_a1+-11909.php,2026-08-28T14:16:21
Xiaomi Redmi A1+,Redmi,3GB,32GB,Mediatek MT6761 Helio A22,5000.0,6.52,2022,0,4G,Android 12 (Go edition),https://www.gsmarena.com/xiaomi_redmi_a1+-11909.php,2026-08-28T14:16:21
Xiaomi Civi 2,Xiaomi,8GB,128GB,Qualcomm SM7450-AB Snapdragon 7 Gen 1,4500.0,6.55,2022,1,5G,Android 12,https://www.gsmarena.com/xiaomi_civi_2-11906.php,2026-08-28T14:16:54
Xiaomi Civi 2,Xiaomi,8GB,256GB,Qualcomm SM7450-AB Snapdragon 7 Gen 1,4500.0,6.55,2022,1,5G,Android 12,https://www.gsmarena.com/xiaomi_civi_2-11906.php,2026-08-28T14:16:54
Xiaomi Civi 2,Xiaomi,12GB,256GB,Qualcomm SM7450-AB Snapdragon 7 Gen 1,4500.0,6.55,2022,1,5G,Android 12,https://www.gsmarena.com/xiaomi_civi_2-11906.php,2026-08-28T14:16:54
Xiaomi Redmi 11 Prime,Redmi,4GB,64GB,Mediatek Helio G99,5000.0,6.58,2022,1,4G,Android 12,https://www.gsmarena.com/xiaomi_redmi_11_prime-11855.php,2026-08-28T14:17:15
Xiaomi Redmi 11 Prime,Redmi,6GB,128GB,Mediatek Helio G99,5000.0,6.58,2022,1,4G,Android 12,https://www.gsmarena.com/xiaomi_redmi_11_prime-11855.php,2026-08-28T14:17:15
Xiaomi Redmi 11 Prime 5G,Redmi,4GB,64GB,Mediatek Dimensity 700,5000.0,6.58,2022,1,5G,Android 12,https://www.gsmarena.com/xiaomi_redmi_11_prime_5g-11834.php,2026-08-28T14:17:39
Xiaomi Redmi 11 Prime 5G,Redmi,4GB,128GB,Mediatek Dimensity 700,5000.0,6.58,2022,1,5G,Android 12,https://www.gsmarena.com/xiaomi_redmi_11_prime_5g-11834.php,2026-08-28T14:17:39
Xiaomi Redmi 11 Prime 5G,Redmi,6GB,128GB,Mediatek Dimensity 700,5000.0,6.58,2022,1,5G,Android 12,https://www.gsmarena.com/xiaomi_redmi_11_prime_5g-11834.php,2026-08-28T14:17:39
Xiaomi Redmi A1,Redmi,2GB,32GB,Mediatek MT6761 Helio A22,5000.0,6.52,2022,0,4G,Android 12 (Go edition),https://www.gsmarena.com/xiaomi_redmi_a1-11848.php,2026-08-28T14:18:06
Xiaomi Redmi A1,Redmi,3GB,32GB,Mediatek MT6761 Helio A22,5000.0,6.52,2022,0,4G,Android 12 (Go edition),https://www.gsmarena.com/xiaomi_redmi_a1-11848.php,2026-08-28T14:18:06
Xiaomi Redmi Note 11 SE (India),Redmi,6GB,64GB,Mediatek MT6785V/CD Helio G95,5000.0,6.43,2022,1,4G,Android 11,https://www.gsmarena.com/xiaomi_redmi_note_11_se_(india)-11819.php,2026-08-28T14:18:28
Xiaomi Redmi Note 11 SE (India),Redmi,6GB,128GB,Mediatek MT6785V/CD Helio G95,5000.0,6.43,2022,1,4G,Android 11,https://www.gsmarena.com/xiaomi_redmi_note_11_se_(india)-11819.php,2026-08-28T14:18:28
Xiaomi Redmi Note 11 SE (India),Redmi,8GB,128GB,Mediatek MT6785V/CD Helio G95,5000.0,6.43,2022,1,4G,Android 11,https://www.gsmarena.com/xiaomi_redmi_note_11_se_(india)-11819.php,2026-08-28T14:18:28
Xiaomi Redmi K50 Ultra,Redmi,8GB,128GB,Qualcomm SM8475 Snapdragon 8+ Gen 1,5000.0,6.67,2022,1,5G,Android 12,https://www.gsmarena.com/xiaomi_redmi_k50_ultra-11580.php,2026-08-28T14:19:39
Xiaomi Redmi K50 Ultra,Redmi,8GB,256GB,Qualcomm SM8475 Snapdragon 8+ Gen 1,5000.0,6.67,2022,1,5G,Android 12,https://www.gsmarena.com/xiaomi_redmi_k50_ultra-11580.php,2026-08-28T14:19:39
Xiaomi Redmi K50 Ultra,Redmi,12GB,256GB,Qualcomm SM8475 Snapdragon 8+ Gen 1,5000.0,6.67,2022,1,5G,Android 12,https://www.gsmarena.com/xiaomi_redmi_k50_ultra-11580.php,2026-08-28T14:19:39
Xiaomi Redmi K50 Ultra,Redmi,12GB,512GB,Qualcomm SM8475 Snapdragon 8+ Gen 1,5000.0,6.67,2022,1,5G,Android 12,https://www.gsmarena.com/xiaomi_redmi_k50_ultra-11580.php,2026-08-28T14:19:39
Xiaomi Mix Fold 2,Xiaomi,12GB,256GB,Qualcomm SM8475 Snapdragon 8+ Gen 1,4500.0,8.02,2022,1,5G,Android 12,https://www.gsmarena.com/xiaomi_mix_fold_2-11758.php,2026-08-28T14:20:15
Xiaomi Mix Fold 2,Xiaomi,12GB,512GB,Qualcomm SM8475 Snapdragon 8+ Gen 1,4500.0,8.02,2022,1,5G,Android 12,https://www.gsmarena.com/xiaomi_mix_fold_2-11758.php,2026-08-28T14:20:15
Xiaomi Mix Fold 2,Xiaomi,12GB,1TB,Qualcomm SM8475 Snapdragon 8+ Gen 1,4500.0,8.02,2022,1,5G,Android 12,https://www.gsmarena.com/xiaomi_mix_fold_2-11758.php,2026-08-28T14:20:15
Xiaomi Redmi K50i,Redmi,6GB,128GB,Mediatek Dimensity 8100,5080.0,6.6,2022,0,5G,Android 12,https://www.gsmarena.com/xiaomi_redmi_k50i-11653.php,2026-08-28T14:21:02
Xiaomi Redmi K50i,Redmi,8GB,128GB,Mediatek Dimensity 8100,5080.0,6.6,2022,0,5G,Android 12,https://www.gsmarena.com/xiaomi_redmi_k50i-11653.php,2026-08-28T14:21:02
Xiaomi Redmi K50i,Redmi,8GB,256GB,Mediatek Dimensity 8100,5080.0,6.6,2022,0,5G,Android 12,https://www.gsmarena.com/xiaomi_redmi_k50i-11653.php,2026-08-28T14:21:02
Xiaomi 12 Lite,Xiaomi,6GB,128GB,Qualcomm SM7325 Snapdragon 778G 5G,4300.0,6.55,2022,1,5G,Android 12,https://www.gsmarena.com/xiaomi_12_lite-11472.php,2026-08-28T14:21:32
Xiaomi 12 Lite,Xiaomi,8GB,128GB,Qualcomm SM7325 Snapdragon 778G 5G,4300.0,6.55,2022,1,5G,Android 12,https://www.gsmarena.com/xiaomi_12_lite-11472.php,2026-08-28T14:21:32
Xiaomi 12 Lite,Xiaomi,8GB,256GB,Qualcomm SM7325 Snapdragon 778G 5G,4300.0,6.55,2022,1,5G,Android 12,https://www.gsmarena.com/xiaomi_12_lite-11472.php,2026-08-28T14:21:32
Xiaomi 12S Ultra,Xiaomi,8GB,256GB,Qualcomm SM8475 Snapdragon 8+ Gen 1,4860.0,6.73,2022,1,5G,Android 12,https://www.gsmarena.com/xiaomi_12s_ultra-11614.php,2026-08-28T14:22:10
Xiaomi 12S Ultra,Xiaomi,12GB,256GB,Qualcomm SM8475 Snapdragon 8+ Gen 1,4860.0,6.73,2022,1,5G,Android 12,https://www.gsmarena.com/xiaomi_12s_ultra-11614.php,2026-08-28T14:22:10
Xiaomi 12S Ultra,Xiaomi,12GB,512GB,Qualcomm SM8475 Snapdragon 8+ Gen 1,4860.0,6.73,2022,1,5G,Android 12,https://www.gsmarena.com/xiaomi_12s_ultra-11614.php,2026-08-28T14:22:10
Xiaomi 12S Pro,Xiaomi,8GB,128GB,Qualcomm SM8475 Snapdragon 8+ Gen 1,4600.0,6.73,2022,1,5G,Android 12,https://www.gsmarena.com/xiaomi_12s_pro-11651.php,2026-08-28T14:22:47
Xiaomi 12S Pro,Xiaomi,8GB,256GB,Qualcomm SM8475 Snapdragon 8+ Gen 1,4600.0,6.73,2022,1,5G,Android 12,https://www.gsmarena.com/xiaomi_12s_pro-11651.php,2026-08-28T14:22:47
Xiaomi 12S Pro,Xiaomi,12GB,256GB,Qualcomm SM8475 Snapdragon 8+ Gen 1,4600.0,6.73,2022,1,5G,Android 12,https://www.gsmarena.com/xiaomi_12s_pro-11651.php,2026-08-28T14:22:47
Xiaomi 12S Pro,Xiaomi,12GB,512GB,Qualcomm SM8475 Snapdragon 8+ Gen 1,4600.0,6.73,2022,1,5G,Android 12,https://www.gsmarena.com/xiaomi_12s_pro-11651.php,2026-08-28T14:22:47
Xiaomi 12S,Xiaomi,8GB,128GB,Qualcomm SM8475 Snapdragon 8+ Gen 1,4500.0,6.28,2022,1,5G,Android 12,https://www.gsmarena.com/xiaomi_12s-11645.php,2026-08-28T14:23:22
Xiaomi 12S,Xiaomi,8GB,256GB,Qualcomm SM8475 Snapdragon 8+ Gen 1,4500.0,6.28,2022,1,5G,Android 12,https://www.gsmarena.com/xiaomi_12s-11645.php,2026-08-28T14:23:22
Xiaomi 12S,Xiaomi,12GB,256GB,Qualcomm SM8475 Snapdragon 8+ Gen 1,4500.0,6.28,2022,1,5G,Android 12,https://www.gsmarena.com/xiaomi_12s-11645.php,2026-08-28T14:23:22
Xiaomi 12S,Xiaomi,12GB,512GB,Qualcomm SM8475 Snapdragon 8+ Gen 1,4500.0,6.28,2022,1,5G,Android 12,https://www.gsmarena.com/xiaomi_12s-11645.php,2026-08-28T14:23:22
Xiaomi 12 Pro (Dimensity),Xiaomi,8GB,128GB,Mediatek Dimensity 9000+,5160.0,6.73,2022,1,5G,Android 12,https://www.gsmarena.com/xiaomi_12_pro_(dimensity)-11652.php,2026-08-28T14:23:43
Xiaomi 12 Pro (Dimensity),Xiaomi,12GB,256GB,Mediatek Dimensity 9000+,5160.0,6.73,2022,1,5G,Android 12,https://www.gsmarena.com/xiaomi_12_pro_(dimensity)-11652.php,2026-08-28T14:23:43
Xiaomi Redmi Note 11T Pro+,Redmi,8GB,128GB,Mediatek Dimensity 8100,4400.0,6.6,2022,1,5G,Android 12,https://www.gsmarena.com/xiaomi_redmi_note_11t_pro+-11549.php,2026-08-28T14:24:11
Xiaomi Redmi Note 11T Pro+,Redmi,8GB,256GB,Mediatek Dimensity 8100,4400.0,6.6,2022,1,5G,Android 12,https://www.gsmarena.com/xiaomi_redmi_note_11t_pro+-11549.php,2026-08-28T14:24:11
Xiaomi Redmi Note 11T Pro+,Redmi,8GB,512GB,Mediatek Dimensity 8100,4400.0,6.6,2022,1,5G,Android 12,https://www.gsmarena.com/xiaomi_redmi_note_11t_pro+-11549.php,2026-08-28T14:24:11
Xiaomi Redmi Note 11T Pro,Redmi,6GB,128GB,Mediatek Dimensity 8100,5080.0,6.6,2022,1,5G,Android 12,https://www.gsmarena.com/xiaomi_redmi_note_11t_pro-11550.php,2026-08-28T14:24:33
Xiaomi Redmi Note 11T Pro,Redmi,8GB,128GB,Mediatek Dimensity 8100,5080.0,6.6,2022,1,5G,Android 12,https://www.gsmarena.com/xiaomi_redmi_note_11t_pro-11550.php,2026-08-28T14:24:33
Xiaomi Redmi Note 11T Pro,Redmi,8GB,256GB,Mediatek Dimensity 8100,5080.0,6.6,2022,1,5G,Android 12,https://www.gsmarena.com/xiaomi_redmi_note_11t_pro-11550.php,2026-08-28T14:24:33
Xiaomi Redmi Note 11T Pro,Redmi,12GB,256GB,Mediatek Dimensity 8100,5080.0,6.6,2022,1,5G,Android 12,https://www.gsmarena.com/xiaomi_redmi_note_11t_pro-11550.php,2026-08-28T14:24:33
Xiaomi Redmi Note 11T Pro,Redmi,8GB,512GB,Mediatek Dimensity 8100,5080.0,6.6,2022,1,5G,Android 12,https://www.gsmarena.com/xiaomi_redmi_note_11t_pro-11550.php,2026-08-28T14:24:33
Xiaomi Redmi Note 11SE,Redmi,4GB,128GB,Mediatek Dimensity 700,5000.0,6.5,2022,1,5G,Android 11,https://www.gsmarena.com/xiaomi_redmi_note_11se-11551.php,2026-08-28T14:25:06
Xiaomi Redmi Note 11SE,Redmi,8GB,128GB,Mediatek Dimensity 700,5000.0,6.5,2022,1,5G,Android 11,https://www.gsmarena.com/xiaomi_redmi_note_11se-11551.php,2026-08-28T14:25:06
Xiaomi Redmi 10 Prime 2022,Redmi,4GB,64GB,Mediatek MT6769H Helio G88,6000.0,6.5,2022,0,4G,Android 11,https://www.gsmarena.com/xiaomi_redmi_10_prime_2022-11519.php,2026-08-28T14:25:30
Xiaomi Redmi 10 Prime 2022,Redmi,4GB,128GB,Mediatek MT6769H Helio G88,6000.0,6.5,2022,0,4G,Android 11,https://www.gsmarena.com/xiaomi_redmi_10_prime_2022-11519.php,2026-08-28T14:25:30
Xiaomi Redmi 10 Prime 2022,Redmi,6GB,128GB,Mediatek MT6769H Helio G88,6000.0,6.5,2022,0,4G,Android 11,https://www.gsmarena.com/xiaomi_redmi_10_prime_2022-11519.php,2026-08-28T14:25:30
Xiaomi Civi 1S,Xiaomi,8GB,128GB,Qualcomm SM7325-AE Snapdragon 778G+ 5G,4500.0,6.55,2022,1,5G,Android 12,https://www.gsmarena.com/xiaomi_civi_1s-11487.php,2026-08-28T14:25:53
Xiaomi Civi 1S,Xiaomi,8GB,256GB,Qualcomm SM7325-AE Snapdragon 778G+ 5G,4500.0,6.55,2022,1,5G,Android 12,https://www.gsmarena.com/xiaomi_civi_1s-11487.php,2026-08-28T14:25:53
Xiaomi Civi 1S,Xiaomi,12GB,256GB,Qualcomm SM7325-AE Snapdragon 778G+ 5G,4500.0,6.55,2022,1,5G,Android 12,https://www.gsmarena.com/xiaomi_civi_1s-11487.php,2026-08-28T14:25:53
Xiaomi Redmi 10 Power,Redmi,8GB,128GB,Qualcomm SM6225 Snapdragon 680 4G,6000.0,6.7,2022,0,4G,Android 11,https://www.gsmarena.com/xiaomi_redmi_10_power-11486.php,2026-08-28T14:26:27
Xiaomi Black Shark 5 Pro,Xiaomi,8GB,128GB,Qualcomm SM8450 Snapdragon 8 Gen 1,4650.0,6.67,2022,1,5G,Android 12,https://www.gsmarena.com/xiaomi_black_shark_5_pro-11453.php,2026-08-28T14:26:49
Xiaomi Black Shark 5 Pro,Xiaomi,8GB,256GB,Qualcomm SM8450 Snapdragon 8 Gen 1,4650.0,6.67,2022,1,5G,Android 12,https://www.gsmarena.com/xiaomi_black_shark_5_pro-11453.php,2026-08-28T14:26:49
Xiaomi Black Shark 5 Pro,Xiaomi,12GB,256GB,Qualcomm SM8450 Snapdragon 8 Gen 1,4650.0,6.67,2022,1,5G,Android 12,https://www.gsmarena.com/xiaomi_black_shark_5_pro-11453.php,2026-08-28T14:26:49
Xiaomi Black Shark 5 Pro,Xiaomi,16GB,512GB,Qualcomm SM8450 Snapdragon 8 Gen 1,4650.0,6.67,2022,1,5G,Android 12,https://www.gsmarena.com/xiaomi_black_shark_5_pro-11453.php,2026-08-28T14:26:49
Xiaomi Black Shark 5,Xiaomi,8GB,128GB,Qualcomm SM8250-AC Snapdragon 870 5G,4650.0,6.67,2022,1,5G,Android 12,https://www.gsmarena.com/xiaomi_black_shark_5-11454.php,2026-08-28T14:27:27
Xiaomi Black Shark 5,Xiaomi,12GB,128GB,Qualcomm SM8250-AC Snapdragon 870 5G,4650.0,6.67,2022,1,5G,Android 12,https://www.gsmarena.com/xiaomi_black_shark_5-11454.php,2026-08-28T14:27:27
Xiaomi Black Shark 5,Xiaomi,12GB,256GB,Qualcomm SM8250-AC Snapdragon 870 5G,4650.0,6.67,2022,1,5G,Android 12,https://www.gsmarena.com/xiaomi_black_shark_5-11454.php,2026-08-28T14:27:27
Xiaomi Black Shark 5 RS,Xiaomi,8GB,256GB,Qualcomm SM8350 Snapdragon 888/888+ 5G,4500.0,6.67,2022,1,5G,Android 12,https://www.gsmarena.com/xiaomi_black_shark_5_rs-11455.php,2026-08-28T14:28:03
Xiaomi Black Shark 5 RS,Xiaomi,12GB,256GB,Qualcomm SM8350 Snapdragon 888/888+ 5G,4500.0,6.67,2022,1,5G,Android 12,https://www.gsmarena.com/xiaomi_black_shark_5_rs-11455.php,2026-08-28T14:28:03
Xiaomi Redmi 10A,Redmi,2GB,32GB,Mediatek MT6762G Helio G25,5000.0,6.53,2022,0,4G,Android 11,https://www.gsmarena.com/xiaomi_redmi_10a-11449.php,2026-08-28T14:28:32
Xiaomi Redmi 10A,Redmi,3GB,32GB,Mediatek MT6762G Helio G25,5000.0,6.53,2022,0,4G,Android 11,https://www.gsmarena.com/xiaomi_redmi_10a-11449.php,2026-08-28T14:28:32
Xiaomi Redmi 10A,Redmi,3GB,64GB,Mediatek MT6762G Helio G25,5000.0,6.53,2022,0,4G,Android 11,https://www.gsmarena.com/xiaomi_redmi_10a-11449.php,2026-08-28T14:28:32
Xiaomi Redmi 10A,Redmi,4GB,64GB,Mediatek MT6762G Helio G25,5000.0,6.53,2022,0,4G,Android 11,https://www.gsmarena.com/xiaomi_redmi_10a-11449.php,2026-08-28T14:28:32
Xiaomi Redmi 10A,Redmi,4GB,128GB,Mediatek MT6762G Helio G25,5000.0,6.53,2022,0,4G,Android 11,https://www.gsmarena.com/xiaomi_redmi_10a-11449.php,2026-08-28T14:28:32
Xiaomi Redmi 10A,Redmi,6GB,128GB,Mediatek MT6762G Helio G25,5000.0,6.53,2022,0,4G,Android 11,https://www.gsmarena.com/xiaomi_redmi_10a-11449.php,2026-08-28T14:28:32
Xiaomi Redmi Note 11S 5G,Redmi,4GB,64GB,Mediatek Dimensity 810,5000.0,6.6,2022,1,5G,Android 11,https://www.gsmarena.com/xiaomi_redmi_note_11s_5g-11419.php,2026-08-28T14:29:12
Xiaomi Redmi Note 11S 5G,Redmi,4GB,128GB,Mediatek Dimensity 810,5000.0,6.6,2022,1,5G,Android 11,https://www.gsmarena.com/xiaomi_redmi_note_11s_5g-11419.php,2026-08-28T14:29:12
Xiaomi Redmi Note 11S 5G,Redmi,6GB,128GB,Mediatek Dimensity 810,5000.0,6.6,2022,1,5G,Android 11,https://www.gsmarena.com/xiaomi_redmi_note_11s_5g-11419.php,2026-08-28T14:29:12
Xiaomi Redmi Note 11S 5G,Redmi,8GB,128GB,Mediatek Dimensity 810,5000.0,6.6,2022,1,5G,Android 11,https://www.gsmarena.com/xiaomi_redmi_note_11s_5g-11419.php,2026-08-28T14:29:12
Xiaomi Redmi 10 5G,Redmi,4GB,64GB,Mediatek Dimensity 700,5000.0,6.58,2022,1,5G,Android 12,https://www.gsmarena.com/xiaomi_redmi_10_5g-11425.php,2026-08-28T14:29:48
Xiaomi Redmi 10 5G,Redmi,4GB,128GB,Mediatek Dimensity 700,5000.0,6.58,2022,1,5G,Android 12,https://www.gsmarena.com/xiaomi_redmi_10_5g-11425.php,2026-08-28T14:29:48
Xiaomi Redmi 10 5G,Redmi,6GB,128GB,Mediatek Dimensity 700,5000.0,6.58,2022,1,5G,Android 12,https://www.gsmarena.com/xiaomi_redmi_10_5g-11425.php,2026-08-28T14:29:48
Xiaomi Redmi Note 11 Pro+ 5G,Redmi,6GB,128GB,Mediatek Dimensity 920,4500.0,6.67,2021,1,5G,Android 11,https://www.gsmarena.com/xiaomi_redmi_note_11_pro+_5g-11180.php,2026-08-28T14:30:13
Xiaomi Redmi Note 11 Pro+ 5G,Redmi,8GB,128GB,Mediatek Dimensity 920,4500.0,6.67,2021,1,5G,Android 11,https://www.gsmarena.com/xiaomi_redmi_note_11_pro+_5g-11180.php,2026-08-28T14:30:13
Xiaomi Redmi Note 11 Pro+ 5G,Redmi,8GB,256GB,Mediatek Dimensity 920,4500.0,6.67,2021,1,5G,Android 11,https://www.gsmarena.com/xiaomi_redmi_note_11_pro+_5g-11180.php,2026-08-28T14:30:13
Xiaomi Redmi K50 Pro,Redmi,8GB,128GB,Mediatek Dimensity 9000,5000.0,6.67,2022,1,5G,Android 12,https://www.gsmarena.com/xiaomi_redmi_k50_pro-11372.php,2026-08-28T14:30:48
Xiaomi Redmi K50 Pro,Redmi,8GB,256GB,Mediatek Dimensity 9000,5000.0,6.67,2022,1,5G,Android 12,https://www.gsmarena.com/xiaomi_redmi_k50_pro-11372.php,2026-08-28T14:30:48
Xiaomi Redmi K50 Pro,Redmi,12GB,256GB,Mediatek Dimensity 9000,5000.0,6.67,2022,1,5G,Android 12,https://www.gsmarena.com/xiaomi_redmi_k50_pro-11372.php,2026-08-28T14:30:48
Xiaomi Redmi K50 Pro,Redmi,12GB,512GB,Mediatek Dimensity 9000,5000.0,6.67,2022,1,5G,Android 12,https://www.gsmarena.com/xiaomi_redmi_k50_pro-11372.php,2026-08-28T14:30:48
Xiaomi Redmi K50,Redmi,8GB,128GB,Mediatek Dimensity 8100,5500.0,6.67,2022,1,5G,Android 12,https://www.gsmarena.com/xiaomi_redmi_k50-11430.php,2026-08-28T14:31:22
Xiaomi Redmi K50,Redmi,8GB,256GB,Mediatek Dimensity 8100,5500.0,6.67,2022,1,5G,Android 12,https://www.gsmarena.com/xiaomi_redmi_k50-11430.php,2026-08-28T14:31:22
Xiaomi Redmi K50,Redmi,12GB,256GB,Mediatek Dimensity 8100,5500.0,6.67,2022,1,5G,Android 12,https://www.gsmarena.com/xiaomi_redmi_k50-11430.php,2026-08-28T14:31:22
Xiaomi Redmi K50,Redmi,12GB,512GB,Mediatek Dimensity 8100,5500.0,6.67,2022,1,5G,Android 12,https://www.gsmarena.com/xiaomi_redmi_k50-11430.php,2026-08-28T14:31:22
Xiaomi Redmi K40S,Redmi,6GB,128GB,Qualcomm SM8250-AC Snapdragon 870 5G,4500.0,6.67,2022,1,5G,Android 12,https://www.gsmarena.com/xiaomi_redmi_k40s-11431.php,2026-08-28T14:31:45
Xiaomi Redmi K40S,Redmi,8GB,128GB,Qualcomm SM8250-AC Snapdragon 870 5G,4500.0,6.67,2022,1,5G,Android 12,https://www.gsmarena.com/xiaomi_redmi_k40s-11431.php,2026-08-28T14:31:45
Xiaomi Redmi K40S,Redmi,8GB,256GB,Qualcomm SM8250-AC Snapdragon 870 5G,4500.0,6.67,2022,1,5G,Android 12,https://www.gsmarena.com/xiaomi_redmi_k40s-11431.php,2026-08-28T14:31:45
Xiaomi Redmi K40S,Redmi,12GB,256GB,Qualcomm SM8250-AC Snapdragon 870 5G,4500.0,6.67,2022,1,5G,Android 12,https://www.gsmarena.com/xiaomi_redmi_k40s-11431.php,2026-08-28T14:31:45
Xiaomi 12 Pro,Xiaomi,8GB,128GB,Qualcomm SM8450 Snapdragon 8 Gen 1,4600.0,6.73,2021,1,5G,Android 12,https://www.gsmarena.com/xiaomi_12_pro-11287.php,2026-08-28T14:32:08
Xiaomi 12 Pro,Xiaomi,8GB,256GB,Qualcomm SM8450 Snapdragon 8 Gen 1,4600.0,6.73,2021,1,5G,Android 12,https://www.gsmarena.com/xiaomi_12_pro-11287.php,2026-08-28T14:32:08
Xiaomi 12 Pro,Xiaomi,12GB,256GB,Qualcomm SM8450 Snapdragon 8 Gen 1,4600.0,6.73,2021,1,5G,Android 12,https://www.gsmarena.com/xiaomi_12_pro-11287.php,2026-08-28T14:32:08
Xiaomi 12,Xiaomi,8GB,128GB,Qualcomm SM8450 Snapdragon 8 Gen 1,4500.0,6.28,2021,1,5G,Android 12,https://www.gsmarena.com/xiaomi_12-11285.php,2026-08-28T14:32:48
Xiaomi 12,Xiaomi,8GB,256GB,Qualcomm SM8450 Snapdragon 8 Gen 1,4500.0,6.28,2021,1,5G,Android 12,https://www.gsmarena.com/xiaomi_12-11285.php,2026-08-28T14:32:48
Xiaomi 12,Xiaomi,12GB,256GB,Qualcomm SM8450 Snapdragon 8 Gen 1,4500.0,6.28,2021,1,5G,Android 12,https://www.gsmarena.com/xiaomi_12-11285.php,2026-08-28T14:32:48
Xiaomi 12X,Xiaomi,8GB,128GB,Qualcomm SM8250-AC Snapdragon 870 5G,4500.0,6.28,2021,1,5G,Android 11,https://www.gsmarena.com/xiaomi_12x-11292.php,2026-08-28T14:33:25
Xiaomi 12X,Xiaomi,8GB,256GB,Qualcomm SM8250-AC Snapdragon 870 5G,4500.0,6.28,2021,1,5G,Android 11,https://www.gsmarena.com/xiaomi_12x-11292.php,2026-08-28T14:33:25
Xiaomi 12X,Xiaomi,12GB,256GB,Qualcomm SM8250-AC Snapdragon 870 5G,4500.0,6.28,2021,1,5G,Android 11,https://www.gsmarena.com/xiaomi_12x-11292.php,2026-08-28T14:33:25
Xiaomi Redmi 10 (India),Redmi,4GB,64GB,Qualcomm SM6225 Snapdragon 680 4G,6000.0,6.7,2022,0,4G,Android 11,https://www.gsmarena.com/xiaomi_redmi_10_(india)-11424.php,2026-08-28T14:34:15
Xiaomi Redmi 10 (India),Redmi,6GB,128GB,Qualcomm SM6225 Snapdragon 680 4G,6000.0,6.7,2022,0,4G,Android 11,https://www.gsmarena.com/xiaomi_redmi_10_(india)-11424.php,2026-08-28T14:34:15
Xiaomi Redmi 10C,Redmi,3GB,64GB,Qualcomm SM6225 Snapdragon 680 4G,5000.0,6.71,2022,1,4G,Android 11,https://www.gsmarena.com/xiaomi_redmi_10c-11418.php,2026-08-28T14:34:41
Xiaomi Redmi 10C,Redmi,4GB,64GB,Qualcomm SM6225 Snapdragon 680 4G,5000.0,6.71,2022,1,4G,Android 11,https://www.gsmarena.com/xiaomi_redmi_10c-11418.php,2026-08-28T14:34:41
Xiaomi Redmi 10C,Redmi,3GB,128GB,Qualcomm SM6225 Snapdragon 680 4G,5000.0,6.71,2022,1,4G,Android 11,https://www.gsmarena.com/xiaomi_redmi_10c-11418.php,2026-08-28T14:34:41
Xiaomi Redmi 10C,Redmi,4GB,128GB,Qualcomm SM6225 Snapdragon 680 4G,5000.0,6.71,2022,1,4G,Android 11,https://www.gsmarena.com/xiaomi_redmi_10c-11418.php,2026-08-28T14:34:41
Xiaomi Redmi Note 11 Pro+ 5G (India),Redmi,6GB,64GB,Qualcomm SM6375 Snapdragon 695 5G,5000.0,6.67,2022,0,5G,Android 11,https://www.gsmarena.com/xiaomi_redmi_note_11_pro+_5g_(india)-11412.php,2026-08-28T14:35:22
Xiaomi Redmi Note 11 Pro+ 5G (India),Redmi,6GB,128GB,Qualcomm SM6375 Snapdragon 695 5G,5000.0,6.67,2022,0,5G,Android 11,https://www.gsmarena.com/xiaomi_redmi_note_11_pro+_5g_(india)-11412.php,2026-08-28T14:35:22
Xiaomi Redmi Note 11 Pro+ 5G (India),Redmi,8GB,128GB,Qualcomm SM6375 Snapdragon 695 5G,5000.0,6.67,2022,0,5G,Android 11,https://www.gsmarena.com/xiaomi_redmi_note_11_pro+_5g_(india)-11412.php,2026-08-28T14:35:22
Xiaomi Redmi Note 11 Pro+ 5G (India),Redmi,8GB,256GB,Qualcomm SM6375 Snapdragon 695 5G,5000.0,6.67,2022,0,5G,Android 11,https://www.gsmarena.com/xiaomi_redmi_note_11_pro+_5g_(india)-11412.php,2026-08-28T14:35:22
Xiaomi Redmi Note 11E Pro,Redmi,6GB,128GB,Qualcomm SM6375 Snapdragon 695 5G,5000.0,6.67,2022,1,5G,Android 11,https://www.gsmarena.com/xiaomi_redmi_note_11e_pro-11395.php,2026-08-28T14:35:55
Xiaomi Redmi Note 11E Pro,Redmi,8GB,128GB,Qualcomm SM6375 Snapdragon 695 5G,5000.0,6.67,2022,1,5G,Android 11,https://www.gsmarena.com/xiaomi_redmi_note_11e_pro-11395.php,2026-08-28T14:35:55
Xiaomi Redmi Note 11E Pro,Redmi,8GB,256GB,Qualcomm SM6375 Snapdragon 695 5G,5000.0,6.67,2022,1,5G,Android 11,https://www.gsmarena.com/xiaomi_redmi_note_11e_pro-11395.php,2026-08-28T14:35:55
Xiaomi Redmi Note 11E,Redmi,4GB,128GB,Mediatek Dimensity 700,5000.0,6.58,2022,0,5G,Android 11,https://www.gsmarena.com/xiaomi_redmi_note_11e-11396.php,2026-08-28T14:36:27
Xiaomi Redmi Note 11E,Redmi,6GB,128GB,Mediatek Dimensity 700,5000.0,6.58,2022,0,5G,Android 11,https://www.gsmarena.com/xiaomi_redmi_note_11e-11396.php,2026-08-28T14:36:27
Xiaomi Redmi K50 Gaming,Redmi,8GB,128GB,Qualcomm SM8450 Snapdragon 8 Gen 1,4700.0,6.67,2022,1,5G,Android 12,https://www.gsmarena.com/xiaomi_redmi_k50_gaming-11362.php,2026-08-28T14:36:58
Xiaomi Redmi K50 Gaming,Redmi,12GB,128GB,Qualcomm SM8450 Snapdragon 8 Gen 1,4700.0,6.67,2022,1,5G,Android 12,https://www.gsmarena.com/xiaomi_redmi_k50_gaming-11362.php,2026-08-28T14:36:58
Xiaomi Redmi K50 Gaming,Redmi,12GB,256GB,Qualcomm SM8450 Snapdragon 8 Gen 1,4700.0,6.67,2022,1,5G,Android 12,https://www.gsmarena.com/xiaomi_redmi_k50_gaming-11362.php,2026-08-28T14:36:58
Xiaomi Redmi 10 2022,Redmi,4GB,64GB,Mediatek MT6769H Helio G88,5000.0,6.5,2022,1,4G,Android 11,https://www.gsmarena.com/xiaomi_redmi_10_2022-11357.php,2026-08-28T14:37:19
Xiaomi Redmi 10 2022,Redmi,4GB,128GB,Mediatek MT6769H Helio G88,5000.0,6.5,2022,1,4G,Android 11,https://www.gsmarena.com/xiaomi_redmi_10_2022-11357.php,2026-08-28T14:37:19
Xiaomi Redmi 10 2022,Redmi,6GB,128GB,Mediatek MT6769H Helio G88,5000.0,6.5,2022,1,4G,Android 11,https://www.gsmarena.com/xiaomi_redmi_10_2022-11357.php,2026-08-28T14:37:19
Xiaomi Redmi Note 11 Pro 5G,Redmi,6GB,64GB,Qualcomm SM6375 Snapdragon 695 5G,5000.0,6.67,2022,1,5G,Android 11,https://www.gsmarena.com/xiaomi_redmi_note_11_pro_5g-11333.php,2026-08-28T14:37:48
Xiaomi Redmi Note 11 Pro 5G,Redmi,4GB,128GB,Qualcomm SM6375 Snapdragon 695 5G,5000.0,6.67,2022,1,5G,Android 11,https://www.gsmarena.com/xiaomi_redmi_note_11_pro_5g-11333.php,2026-08-28T14:37:48
Xiaomi Redmi Note 11 Pro 5G,Redmi,6GB,128GB,Qualcomm SM6375 Snapdragon 695 5G,5000.0,6.67,2022,1,5G,Android 11,https://www.gsmarena.com/xiaomi_redmi_note_11_pro_5g-11333.php,2026-08-28T14:37:48
Xiaomi Redmi Note 11 Pro 5G,Redmi,8GB,128GB,Qualcomm SM6375 Snapdragon 695 5G,5000.0,6.67,2022,1,5G,Android 11,https://www.gsmarena.com/xiaomi_redmi_note_11_pro_5g-11333.php,2026-08-28T14:37:48
Xiaomi Redmi Note 11 Pro,Redmi,6GB,64GB,Mediatek MT6781 Helio G96,5000.0,6.67,2022,1,4G,Android 11,https://www.gsmarena.com/xiaomi_redmi_note_11_pro-11334.php,2026-08-28T14:38:16
Xiaomi Redmi Note 11 Pro,Redmi,4GB,128GB,Mediatek MT6781 Helio G96,5000.0,6.67,2022,1,4G,Android 11,https://www.gsmarena.com/xiaomi_redmi_note_11_pro-11334.php,2026-08-28T14:38:16
Xiaomi Redmi Note 11 Pro,Redmi,6GB,128GB,Mediatek MT6781 Helio G96,5000.0,6.67,2022,1,4G,Android 11,https://www.gsmarena.com/xiaomi_redmi_note_11_pro-11334.php,2026-08-28T14:38:16
Xiaomi Redmi Note 11 Pro,Redmi,8GB,128GB,Mediatek MT6781 Helio G96,5000.0,6.67,2022,1,4G,Android 11,https://www.gsmarena.com/xiaomi_redmi_note_11_pro-11334.php,2026-08-28T14:38:16
Xiaomi Redmi Note 11S,Redmi,6GB,64GB,Mediatek MT6781 Helio G96,5000.0,6.43,2022,1,4G,Android 11,https://www.gsmarena.com/xiaomi_redmi_note_11s-11335.php,2026-08-28T14:38:44
Xiaomi Redmi Note 11S,Redmi,6GB,128GB,Mediatek MT6781 Helio G96,5000.0,6.43,2022,1,4G,Android 11,https://www.gsmarena.com/xiaomi_redmi_note_11s-11335.php,2026-08-28T14:38:44
Xiaomi Redmi Note 11S,Redmi,8GB,128GB,Mediatek MT6781 Helio G96,5000.0,6.43,2022,1,4G,Android 11,https://www.gsmarena.com/xiaomi_redmi_note_11s-11335.php,2026-08-28T14:38:44
Xiaomi Redmi Note 11,Redmi,4GB,64GB,Qualcomm SM6225 Snapdragon 680 4G,5000.0,6.43,2022,1,4G,Android 11,https://www.gsmarena.com/xiaomi_redmi_note_11-11336.php,2026-08-28T14:39:08
Xiaomi Redmi Note 11,Redmi,6GB,64GB,Qualcomm SM6225 Snapdragon 680 4G,5000.0,6.43,2022,1,4G,Android 11,https://www.gsmarena.com/xiaomi_redmi_note_11-11336.php,2026-08-28T14:39:08
Xiaomi Redmi Note 11,Redmi,4GB,128GB,Qualcomm SM6225 Snapdragon 680 4G,5000.0,6.43,2022,1,4G,Android 11,https://www.gsmarena.com/xiaomi_redmi_note_11-11336.php,2026-08-28T14:39:08
Xiaomi Redmi Note 11,Redmi,6GB,128GB,Qualcomm SM6225 Snapdragon 680 4G,5000.0,6.43,2022,1,4G,Android 11,https://www.gsmarena.com/xiaomi_redmi_note_11-11336.php,2026-08-28T14:39:08
Xiaomi 11i HyperCharge 5G,Xiaomi,6GB,128GB,Mediatek Dimensity 920,4500.0,6.67,2022,0,5G,Android 11,https://www.gsmarena.com/xiaomi_11i_hypercharge_5g-11186.php,2026-08-28T14:39:31
Xiaomi 11i HyperCharge 5G,Xiaomi,8GB,128GB,Mediatek Dimensity 920,4500.0,6.67,2022,0,5G,Android 11,https://www.gsmarena.com/xiaomi_11i_hypercharge_5g-11186.php,2026-08-28T14:39:31
Xiaomi 11i HyperCharge 5G,Xiaomi,8GB,256GB,Mediatek Dimensity 920,4500.0,6.67,2022,0,5G,Android 11,https://www.gsmarena.com/xiaomi_11i_hypercharge_5g-11186.php,2026-08-28T14:39:31
Xiaomi 11i,Xiaomi,6GB,128GB,Mediatek Dimensity 920,5160.0,6.67,2022,0,5G,Android 11,https://www.gsmarena.com/xiaomi_11i-11185.php,2026-08-28T14:40:02
Xiaomi 11i,Xiaomi,8GB,128GB,Mediatek Dimensity 920,5160.0,6.67,2022,0,5G,Android 11,https://www.gsmarena.com/xiaomi_11i-11185.php,2026-08-28T14:40:02
Xiaomi 11i,Xiaomi,8GB,256GB,Mediatek Dimensity 920,5160.0,6.67,2022,0,5G,Android 11,https://www.gsmarena.com/xiaomi_11i-11185.php,2026-08-28T14:40:02
Xiaomi Redmi Note 11T 5G,Redmi,4GB,64GB,Mediatek Dimensity 810,5000.0,6.6,2021,0,5G,Android 11,https://www.gsmarena.com/xiaomi_redmi_note_11t_5g-11217.php,2026-08-28T14:41:21
Xiaomi Redmi Note 11T 5G,Redmi,6GB,64GB,Mediatek Dimensity 810,5000.0,6.6,2021,0,5G,Android 11,https://www.gsmarena.com/xiaomi_redmi_note_11t_5g-11217.php,2026-08-28T14:41:21
Xiaomi Redmi Note 11T 5G,Redmi,6GB,128GB,Mediatek Dimensity 810,5000.0,6.6,2021,0,5G,Android 11,https://www.gsmarena.com/xiaomi_redmi_note_11t_5g-11217.php,2026-08-28T14:41:21
Xiaomi Redmi Note 11T 5G,Redmi,8GB,128GB,Mediatek Dimensity 810,5000.0,6.6,2021,0,5G,Android 11,https://www.gsmarena.com/xiaomi_redmi_note_11t_5g-11217.php,2026-08-28T14:41:21
Xiaomi Poco M8x,POCO,4GB,128GB,Qualcomm Snapdragon 4 Gen 5,7900.0,6.9,2026,0,5G,Android 16,https://www.gsmarena.com/xiaomi_poco_m8x_5g-14879.php,2026-08-30T12:14:16
Xiaomi Poco M8x,POCO,6GB,128GB,Qualcomm Snapdragon 4 Gen 5,7900.0,6.9,2026,0,5G,Android 16,https://www.gsmarena.com/xiaomi_poco_m8x_5g-14879.php,2026-08-30T12:14:16
Xiaomi Poco M8 Power,POCO,6GB,128GB,Qualcomm SM4450-AF Snapdragon 4 Gen 4,8000.0,6.99,2026,1,5G,Android 16,https://www.gsmarena.com/xiaomi_poco_m8_power_5g-14804.php,2026-08-30T12:14:47
Xiaomi Poco M8 Power,POCO,8GB,128GB,Qualcomm SM4450-AF Snapdragon 4 Gen 4,8000.0,6.99,2026,1,5G,Android 16,https://www.gsmarena.com/xiaomi_poco_m8_power_5g-14804.php,2026-08-30T12:14:47
Xiaomi Poco C81 Pro,POCO,4GB,64GB,Unisoc T7250,6000.0,6.9,2026,1,4G,Android 15,https://www.gsmarena.com/xiaomi_poco_c81_pro-14635.php,2026-08-30T12:15:15
Xiaomi Poco C81 Pro,POCO,4GB,128GB,Unisoc T7250,6000.0,6.9,2026,1,4G,Android 15,https://www.gsmarena.com/xiaomi_poco_c81_pro-14635.php,2026-08-30T12:15:15
Xiaomi Poco C81 Pro,POCO,4GB,256GB,Unisoc T7250,6000.0,6.9,2026,1,4G,Android 15,https://www.gsmarena.com/xiaomi_poco_c81_pro-14635.php,2026-08-30T12:15:15
Xiaomi Poco C81,POCO,4GB,64GB,Unisoc T7250,6300.0,6.9,2026,0,4G,Android 16,https://www.gsmarena.com/xiaomi_poco_c81-14626.php,2026-08-30T12:15:39
Xiaomi Poco C81x,POCO,3GB,64GB,Unisoc T7250,5200.0,6.88,2026,0,4G,Android 15,https://www.gsmarena.com/xiaomi_poco_c81x-14627.php,2026-08-30T12:16:18
Xiaomi Poco M8s,POCO,6GB,128GB,Qualcomm SM6375 Snapdragon 6s Gen 3,7000.0,6.9,2026,1,5G,Android 15,https://www.gsmarena.com/xiaomi_poco_m8s_5g-14615.php,2026-08-30T12:16:56
Xiaomi Poco M8s,POCO,8GB,256GB,Qualcomm SM6375 Snapdragon 6s Gen 3,7000.0,6.9,2026,1,5G,Android 15,https://www.gsmarena.com/xiaomi_poco_m8s_5g-14615.php,2026-08-30T12:16:56
Xiaomi Poco X8 Pro Max,POCO,12GB,256GB,Mediatek Dimensity 9500s,8500.0,6.83,2026,1,5G,Android 16,https://www.gsmarena.com/xiaomi_poco_x8_pro_max_5g-14507.php,2026-08-30T12:17:30
Xiaomi Poco X8 Pro Max,POCO,12GB,512GB,Mediatek Dimensity 9500s,8500.0,6.83,2026,1,5G,Android 16,https://www.gsmarena.com/xiaomi_poco_x8_pro_max_5g-14507.php,2026-08-30T12:17:30
Xiaomi Poco X8 Pro,POCO,8GB,256GB,Mediatek Dimensity 8500 Ultra,6500.0,6.59,2026,1,5G,Android 16,https://www.gsmarena.com/xiaomi_poco_x8_pro_5g-14506.php,2026-08-30T12:18:03
Xiaomi Poco X8 Pro,POCO,12GB,256GB,Mediatek Dimensity 8500 Ultra,6500.0,6.59,2026,1,5G,Android 16,https://www.gsmarena.com/xiaomi_poco_x8_pro_5g-14506.php,2026-08-30T12:18:03
Xiaomi Poco X8 Pro,POCO,8GB,512GB,Mediatek Dimensity 8500 Ultra,6500.0,6.59,2026,1,5G,Android 16,https://www.gsmarena.com/xiaomi_poco_x8_pro_5g-14506.php,2026-08-30T12:18:03
Xiaomi Poco X8 Pro,POCO,12GB,512GB,Mediatek Dimensity 8500 Ultra,6500.0,6.59,2026,1,5G,Android 16,https://www.gsmarena.com/xiaomi_poco_x8_pro_5g-14506.php,2026-08-30T12:18:03
Xiaomi Poco C85x,POCO,4GB,64GB,Unisoc T8300,6300.0,6.9,2026,0,5G,Android 16,https://www.gsmarena.com/xiaomi_poco_c85x_5g-14535.php,2026-08-30T12:18:27
Xiaomi Poco C85x,POCO,4GB,128GB,Unisoc T8300,6300.0,6.9,2026,0,5G,Android 16,https://www.gsmarena.com/xiaomi_poco_c85x_5g-14535.php,2026-08-30T12:18:27
Xiaomi Poco M8 Pro,POCO,8GB,256GB,Qualcomm SM7635-AC Snapdragon 7s Gen 4,6500.0,6.83,2026,1,5G,Android 15,https://www.gsmarena.com/xiaomi_poco_m8_pro_5g-14390.php,2026-08-30T12:18:56
Xiaomi Poco M8 Pro,POCO,12GB,512GB,Qualcomm SM7635-AC Snapdragon 7s Gen 4,6500.0,6.83,2026,1,5G,Android 15,https://www.gsmarena.com/xiaomi_poco_m8_pro_5g-14390.php,2026-08-30T12:18:56
Xiaomi Poco M8,POCO,6GB,128GB,Qualcomm SM6475-AB Snapdragon 6 Gen 3,5520.0,6.77,2026,1,5G,Android 15,https://www.gsmarena.com/xiaomi_poco_m8_5g-14391.php,2026-08-30T12:19:25
Xiaomi Poco M8,POCO,8GB,128GB,Qualcomm SM6475-AB Snapdragon 6 Gen 3,5520.0,6.77,2026,1,5G,Android 15,https://www.gsmarena.com/xiaomi_poco_m8_5g-14391.php,2026-08-30T12:19:25
Xiaomi Poco M8,POCO,8GB,256GB,Qualcomm SM6475-AB Snapdragon 6 Gen 3,5520.0,6.77,2026,1,5G,Android 15,https://www.gsmarena.com/xiaomi_poco_m8_5g-14391.php,2026-08-30T12:19:25
Xiaomi Poco M8,POCO,8GB,512GB,Qualcomm SM6475-AB Snapdragon 6 Gen 3,5520.0,6.77,2026,1,5G,Android 15,https://www.gsmarena.com/xiaomi_poco_m8_5g-14391.php,2026-08-30T12:19:25
Xiaomi Poco C85,POCO,4GB,128GB,Mediatek Dimensity 6300,6000.0,6.9,2025,0,5G,Android 15,https://www.gsmarena.com/xiaomi_poco_c85_5g-14337.php,2026-08-30T12:20:00
Xiaomi Poco C85,POCO,6GB,128GB,Mediatek Dimensity 6300,6000.0,6.9,2025,0,5G,Android 15,https://www.gsmarena.com/xiaomi_poco_c85_5g-14337.php,2026-08-30T12:20:00
Xiaomi Poco C85,POCO,8GB,128GB,Mediatek Dimensity 6300,6000.0,6.9,2025,0,5G,Android 15,https://www.gsmarena.com/xiaomi_poco_c85_5g-14337.php,2026-08-30T12:20:00
Xiaomi Poco C85,POCO,8GB,256GB,Mediatek Dimensity 6300,6000.0,6.9,2025,0,5G,Android 15,https://www.gsmarena.com/xiaomi_poco_c85_5g-14337.php,2026-08-30T12:20:00
Xiaomi Poco F8 Ultra,POCO,12GB,256GB,Qualcomm SM8850-AC Snapdragon 8 Elite Gen 5,6500.0,6.9,2025,1,5G,Android 16,https://www.gsmarena.com/xiaomi_poco_f8_ultra_5g-14301.php,2026-08-30T12:20:38
Xiaomi Poco F8 Ultra,POCO,16GB,512GB,Qualcomm SM8850-AC Snapdragon 8 Elite Gen 5,6500.0,6.9,2025,1,5G,Android 16,https://www.gsmarena.com/xiaomi_poco_f8_ultra_5g-14301.php,2026-08-30T12:20:38
Xiaomi Poco F8 Pro,POCO,12GB,256GB,Qualcomm SM8750-AB Snapdragon 8 Elite,6210.0,6.59,2025,1,5G,Android 16,https://www.gsmarena.com/xiaomi_poco_f8_pro_5g-14303.php,2026-08-30T12:21:13
Xiaomi Poco F8 Pro,POCO,12GB,512GB,Qualcomm SM8750-AB Snapdragon 8 Elite,6210.0,6.59,2025,1,5G,Android 16,https://www.gsmarena.com/xiaomi_poco_f8_pro_5g-14303.php,2026-08-30T12:21:13
Xiaomi Poco C85 4G,POCO,6GB,128GB,Mediatek Helio G81 Ultra,6000.0,6.9,2025,1,4G,Android 15,https://www.gsmarena.com/xiaomi_poco_c85-14110.php,2026-08-30T12:21:49
Xiaomi Poco C85 4G,POCO,8GB,256GB,Mediatek Helio G81 Ultra,6000.0,6.9,2025,1,4G,Android 15,https://www.gsmarena.com/xiaomi_poco_c85-14110.php,2026-08-30T12:21:49
Xiaomi Poco M7 4G,POCO,6GB,128GB,Qualcomm SM6225 Snapdragon 685,7000.0,6.9,2025,1,4G,Android 15,https://www.gsmarena.com/xiaomi_poco_m7-14071.php,2026-08-30T12:22:18
Xiaomi Poco M7 4G,POCO,8GB,128GB,Qualcomm SM6225 Snapdragon 685,7000.0,6.9,2025,1,4G,Android 15,https://www.gsmarena.com/xiaomi_poco_m7-14071.php,2026-08-30T12:22:18
Xiaomi Poco M7 4G,POCO,8GB,256GB,Qualcomm SM6225 Snapdragon 685,7000.0,6.9,2025,1,4G,Android 15,https://www.gsmarena.com/xiaomi_poco_m7-14071.php,2026-08-30T12:22:18
Xiaomi Poco M7 Plus,POCO,4GB,128GB,Qualcomm SM6375 Snapdragon 6s Gen 3,7000.0,6.9,2025,1,5G,Android 15,https://www.gsmarena.com/xiaomi_poco_m7_plus_5g-14046.php,2026-08-30T12:22:47
Xiaomi Poco M7 Plus,POCO,6GB,128GB,Qualcomm SM6375 Snapdragon 6s Gen 3,7000.0,6.9,2025,1,5G,Android 15,https://www.gsmarena.com/xiaomi_poco_m7_plus_5g-14046.php,2026-08-30T12:22:47
Xiaomi Poco M7 Plus,POCO,8GB,128GB,Qualcomm SM6375 Snapdragon 6s Gen 3,7000.0,6.9,2025,1,5G,Android 15,https://www.gsmarena.com/xiaomi_poco_m7_plus_5g-14046.php,2026-08-30T12:22:47
Xiaomi Poco F7,POCO,12GB,256GB,Qualcomm SM8735 Snapdragon 8s Gen 4,6500.0,6.83,2025,1,5G,Android 15,https://www.gsmarena.com/xiaomi_poco_f7_5g-13951.php,2026-08-30T12:23:25
Xiaomi Poco F7,POCO,12GB,512GB,Qualcomm SM8735 Snapdragon 8s Gen 4,6500.0,6.83,2025,1,5G,Android 15,https://www.gsmarena.com/xiaomi_poco_f7_5g-13951.php,2026-08-30T12:23:25
Xiaomi Poco C71,POCO,3GB,64GB,Unisoc T7250,5200.0,6.88,2025,0,4G,Android 15 or Android 15 (Go edition),https://www.gsmarena.com/xiaomi_poco_c71_4g-13767.php,2026-08-30T12:23:50
Xiaomi Poco C71,POCO,4GB,64GB,Unisoc T7250,5200.0,6.88,2025,0,4G,Android 15 or Android 15 (Go edition),https://www.gsmarena.com/xiaomi_poco_c71_4g-13767.php,2026-08-30T12:23:50
Xiaomi Poco C71,POCO,4GB,128GB,Unisoc T7250,5200.0,6.88,2025,0,4G,Android 15 or Android 15 (Go edition),https://www.gsmarena.com/xiaomi_poco_c71_4g-13767.php,2026-08-30T12:23:50
Xiaomi Poco C71,POCO,6GB,128GB,Unisoc T7250,5200.0,6.88,2025,0,4G,Android 15 or Android 15 (Go edition),https://www.gsmarena.com/xiaomi_poco_c71_4g-13767.php,2026-08-30T12:23:50
Xiaomi Poco F7 Ultra,POCO,12GB,256GB,Qualcomm SM8750-AB Snapdragon 8 Elite,5300.0,6.67,2025,1,5G,Android 15,https://www.gsmarena.com/xiaomi_poco_f7_ultra-13723.php,2026-08-30T12:24:23
Xiaomi Poco F7 Ultra,POCO,16GB,512GB,Qualcomm SM8750-AB Snapdragon 8 Elite,5300.0,6.67,2025,1,5G,Android 15,https://www.gsmarena.com/xiaomi_poco_f7_ultra-13723.php,2026-08-30T12:24:23
Xiaomi Poco F7 Pro,POCO,12GB,256GB,Qualcomm SM8650-AB Snapdragon 8 Gen 3,6000.0,6.67,2025,1,5G,Android 15,https://www.gsmarena.com/xiaomi_poco_f7_pro-13724.php,2026-08-30T12:24:52
Xiaomi Poco F7 Pro,POCO,12GB,512GB,Qualcomm SM8650-AB Snapdragon 8 Gen 3,6000.0,6.67,2025,1,5G,Android 15,https://www.gsmarena.com/xiaomi_poco_f7_pro-13724.php,2026-08-30T12:24:52
Xiaomi Poco M7,POCO,6GB,128GB,Qualcomm SM4450 Snapdragon 4 Gen 2,5160.0,6.88,2025,0,5G,Android 14,https://www.gsmarena.com/xiaomi_poco_m7_5g-13678.php,2026-08-30T12:25:18
Xiaomi Poco M7,POCO,8GB,128GB,Qualcomm SM4450 Snapdragon 4 Gen 2,5160.0,6.88,2025,0,5G,Android 14,https://www.gsmarena.com/xiaomi_poco_m7_5g-13678.php,2026-08-30T12:25:18
Xiaomi Poco X7 Pro,POCO,8GB,256GB,Mediatek Dimensity 8400 Ultra,6000.0,6.67,2025,1,5G,Android 15,https://www.gsmarena.com/xiaomi_poco_x7_pro-13582.php,2026-08-30T12:25:47
Xiaomi Poco X7 Pro,POCO,12GB,256GB,Mediatek Dimensity 8400 Ultra,6000.0,6.67,2025,1,5G,Android 15,https://www.gsmarena.com/xiaomi_poco_x7_pro-13582.php,2026-08-30T12:25:47
Xiaomi Poco X7 Pro,POCO,12GB,512GB,Mediatek Dimensity 8400 Ultra,6000.0,6.67,2025,1,5G,Android 15,https://www.gsmarena.com/xiaomi_poco_x7_pro-13582.php,2026-08-30T12:25:47
Xiaomi Poco X7,POCO,8GB,128GB,Mediatek Dimensity 7300 Ultra,5110.0,6.67,2025,1,5G,Android 14,https://www.gsmarena.com/xiaomi_poco_x7-13604.php,2026-08-30T12:26:12
Xiaomi Poco X7,POCO,8GB,256GB,Mediatek Dimensity 7300 Ultra,5110.0,6.67,2025,1,5G,Android 14,https://www.gsmarena.com/xiaomi_poco_x7-13604.php,2026-08-30T12:26:12
Xiaomi Poco X7,POCO,12GB,512GB,Mediatek Dimensity 7300 Ultra,5110.0,6.67,2025,1,5G,Android 14,https://www.gsmarena.com/xiaomi_poco_x7-13604.php,2026-08-30T12:26:12
Xiaomi Poco M7 Pro 5G,POCO,6GB,128GB,Mediatek Dimensity 7025 Ultra,5110.0,6.67,2024,1,5G,Android 14,https://www.gsmarena.com/xiaomi_poco_m7_pro_5g-13570.php,2026-08-30T12:26:51
Xiaomi Poco M7 Pro 5G,POCO,8GB,256GB,Mediatek Dimensity 7025 Ultra,5110.0,6.67,2024,1,5G,Android 14,https://www.gsmarena.com/xiaomi_poco_m7_pro_5g-13570.php,2026-08-30T12:26:51
Xiaomi Poco M7 Pro 5G,POCO,12GB,256GB,Mediatek Dimensity 7025 Ultra,5110.0,6.67,2024,1,5G,Android 14,https://www.gsmarena.com/xiaomi_poco_m7_pro_5g-13570.php,2026-08-30T12:26:51
Xiaomi Poco M7 Pro 5G,POCO,12GB,512GB,Mediatek Dimensity 7025 Ultra,5110.0,6.67,2024,1,5G,Android 14,https://www.gsmarena.com/xiaomi_poco_m7_pro_5g-13570.php,2026-08-30T12:26:51
Xiaomi Poco C75 5G,POCO,4GB,64GB,Qualcomm SM4635 Snapdragon 4s Gen 2,5160.0,6.88,2024,0,5G,Android 14,https://www.gsmarena.com/xiaomi_poco_c75_5g-13571.php,2026-08-30T12:27:27
Xiaomi Poco C75 5G,POCO,4GB,128GB,Qualcomm SM4635 Snapdragon 4s Gen 2,5160.0,6.88,2024,0,5G,Android 14,https://www.gsmarena.com/xiaomi_poco_c75_5g-13571.php,2026-08-30T12:27:27
Xiaomi Poco C75,POCO,6GB,128GB,Mediatek Helio G81 Ultra,5160.0,6.88,2024,1,4G,Android 14,https://www.gsmarena.com/xiaomi_poco_c75-13435.php,2026-08-30T12:28:07
Xiaomi Poco C75,POCO,8GB,256GB,Mediatek Helio G81 Ultra,5160.0,6.88,2024,1,4G,Android 14,https://www.gsmarena.com/xiaomi_poco_c75-13435.php,2026-08-30T12:28:07
Xiaomi Poco M6 Plus,POCO,4GB,64GB,Qualcomm SM4450 Snapdragon 4 Gen 2 AE,5030.0,6.79,2024,0,5G,Android 14,https://www.gsmarena.com/xiaomi_poco_m6_plus-13119.php,2026-08-30T12:28:46
Xiaomi Poco M6 Plus,POCO,6GB,128GB,Qualcomm SM4450 Snapdragon 4 Gen 2 AE,5030.0,6.79,2024,0,5G,Android 14,https://www.gsmarena.com/xiaomi_poco_m6_plus-13119.php,2026-08-30T12:28:46
Xiaomi Poco M6 Plus,POCO,8GB,128GB,Qualcomm SM4450 Snapdragon 4 Gen 2 AE,5030.0,6.79,2024,0,5G,Android 14,https://www.gsmarena.com/xiaomi_poco_m6_plus-13119.php,2026-08-30T12:28:46
Xiaomi Poco M6 4G,POCO,6GB,128GB,Mediatek Helio G91 Ultra,5030.0,6.79,2024,1,4G,Android 14,https://www.gsmarena.com/xiaomi_poco_m6_4g-13131.php,2026-08-30T12:29:26
Xiaomi Poco M6 4G,POCO,8GB,256GB,Mediatek Helio G91 Ultra,5030.0,6.79,2024,1,4G,Android 14,https://www.gsmarena.com/xiaomi_poco_m6_4g-13131.php,2026-08-30T12:29:26
Xiaomi Poco F6 Pro,POCO,12GB,256GB,Qualcomm SM8550-AB Snapdragon 8 Gen 2,5000.0,6.67,2024,1,5G,Android 14,https://www.gsmarena.com/xiaomi_poco_f6_pro-12992.php,2026-08-30T12:29:47
Xiaomi Poco F6 Pro,POCO,12GB,512GB,Qualcomm SM8550-AB Snapdragon 8 Gen 2,5000.0,6.67,2024,1,5G,Android 14,https://www.gsmarena.com/xiaomi_poco_f6_pro-12992.php,2026-08-30T12:29:47
Xiaomi Poco F6 Pro,POCO,16GB,1TB,Qualcomm SM8550-AB Snapdragon 8 Gen 2,5000.0,6.67,2024,1,5G,Android 14,https://www.gsmarena.com/xiaomi_poco_f6_pro-12992.php,2026-08-30T12:29:47
Xiaomi Poco F6,POCO,8GB,256GB,Qualcomm SM8635 Snapdragon 8s Gen 3,5000.0,6.67,2024,1,5G,Android 14,https://www.gsmarena.com/xiaomi_poco_f6-13000.php,2026-08-30T12:30:23
Xiaomi Poco F6,POCO,12GB,256GB,Qualcomm SM8635 Snapdragon 8s Gen 3,5000.0,6.67,2024,1,5G,Android 14,https://www.gsmarena.com/xiaomi_poco_f6-13000.php,2026-08-30T12:30:23
Xiaomi Poco F6,POCO,12GB,512GB,Qualcomm SM8635 Snapdragon 8s Gen 3,5000.0,6.67,2024,1,5G,Android 14,https://www.gsmarena.com/xiaomi_poco_f6-13000.php,2026-08-30T12:30:23
Xiaomi Poco C61,POCO,3GB,64GB,Mediatek Helio G36,5000.0,6.71,2024,0,4G,Android 14,https://www.gsmarena.com/xiaomi_poco_c61-12886.php,2026-08-30T12:30:49
Xiaomi Poco C61,POCO,4GB,64GB,Mediatek Helio G36,5000.0,6.71,2024,0,4G,Android 14,https://www.gsmarena.com/xiaomi_poco_c61-12886.php,2026-08-30T12:30:49
Xiaomi Poco C61,POCO,4GB,128GB,Mediatek Helio G36,5000.0,6.71,2024,0,4G,Android 14,https://www.gsmarena.com/xiaomi_poco_c61-12886.php,2026-08-30T12:30:49
Xiaomi Poco C61,POCO,6GB,128GB,Mediatek Helio G36,5000.0,6.71,2024,0,4G,Android 14,https://www.gsmarena.com/xiaomi_poco_c61-12886.php,2026-08-30T12:30:49
Xiaomi Poco X6 Neo,POCO,8GB,128GB,Mediatek Dimensity 6080,5000.0,6.67,2024,0,5G,Android 13,https://www.gsmarena.com/xiaomi_poco_x6_neo-12863.php,2026-08-30T12:31:24
Xiaomi Poco X6 Neo,POCO,12GB,256GB,Mediatek Dimensity 6080,5000.0,6.67,2024,0,5G,Android 13,https://www.gsmarena.com/xiaomi_poco_x6_neo-12863.php,2026-08-30T12:31:24
Xiaomi Poco X6 Pro,POCO,8GB,256GB,Mediatek Dimensity 8300 Ultra,5000.0,6.67,2024,1,5G,Android 14,https://www.gsmarena.com/xiaomi_poco_x6_pro-12717.php,2026-08-30T12:32:03
Xiaomi Poco X6 Pro,POCO,12GB,256GB,Mediatek Dimensity 8300 Ultra,5000.0,6.67,2024,1,5G,Android 14,https://www.gsmarena.com/xiaomi_poco_x6_pro-12717.php,2026-08-30T12:32:03
Xiaomi Poco X6 Pro,POCO,12GB,512GB,Mediatek Dimensity 8300 Ultra,5000.0,6.67,2024,1,5G,Android 14,https://www.gsmarena.com/xiaomi_poco_x6_pro-12717.php,2026-08-30T12:32:03
Xiaomi Poco X6,POCO,8GB,256GB,Qualcomm SM7435-AB Snapdragon 7s Gen 2,5100.0,6.67,2024,1,5G,Android 13,https://www.gsmarena.com/xiaomi_poco_x6-12723.php,2026-08-30T12:32:39
Xiaomi Poco X6,POCO,12GB,256GB,Qualcomm SM7435-AB Snapdragon 7s Gen 2,5100.0,6.67,2024,1,5G,Android 13,https://www.gsmarena.com/xiaomi_poco_x6-12723.php,2026-08-30T12:32:39
Xiaomi Poco X6,POCO,12GB,512GB,Qualcomm SM7435-AB Snapdragon 7s Gen 2,5100.0,6.67,2024,1,5G,Android 13,https://www.gsmarena.com/xiaomi_poco_x6-12723.php,2026-08-30T12:32:39
Xiaomi Poco M6 Pro 4G,POCO,8GB,256GB,Mediatek Helio G99 Ultra,5000.0,6.67,2024,1,4G,Android 13,https://www.gsmarena.com/xiaomi_poco_m6_pro_4g-12779.php,2026-08-30T12:33:07
Xiaomi Poco M6 Pro 4G,POCO,12GB,512GB,Mediatek Helio G99 Ultra,5000.0,6.67,2024,1,4G,Android 13,https://www.gsmarena.com/xiaomi_poco_m6_pro_4g-12779.php,2026-08-30T12:33:07
Xiaomi Poco M6,POCO,4GB,64GB,Mediatek Dimensity 6100+,5000.0,6.74,2023,0,5G,Android 13,https://www.gsmarena.com/xiaomi_poco_m6-12737.php,2026-08-30T12:33:37
Xiaomi Poco M6,POCO,4GB,128GB,Mediatek Dimensity 6100+,5000.0,6.74,2023,0,5G,Android 13,https://www.gsmarena.com/xiaomi_poco_m6-12737.php,2026-08-30T12:33:37
Xiaomi Poco M6,POCO,6GB,128GB,Mediatek Dimensity 6100+,5000.0,6.74,2023,0,5G,Android 13,https://www.gsmarena.com/xiaomi_poco_m6-12737.php,2026-08-30T12:33:37
Xiaomi Poco M6,POCO,8GB,256GB,Mediatek Dimensity 6100+,5000.0,6.74,2023,0,5G,Android 13,https://www.gsmarena.com/xiaomi_poco_m6-12737.php,2026-08-30T12:33:37
Xiaomi Poco C65,POCO,4GB,128GB,Mediatek MT6769Z Helio G85,5000.0,6.74,2023,1,4G,Android 13,https://www.gsmarena.com/xiaomi_poco_c65-12684.php,2026-08-30T12:34:10
Xiaomi Poco C65,POCO,6GB,128GB,Mediatek MT6769Z Helio G85,5000.0,6.74,2023,1,4G,Android 13,https://www.gsmarena.com/xiaomi_poco_c65-12684.php,2026-08-30T12:34:10
Xiaomi Poco C65,POCO,8GB,256GB,Mediatek MT6769Z Helio G85,5000.0,6.74,2023,1,4G,Android 13,https://www.gsmarena.com/xiaomi_poco_c65-12684.php,2026-08-30T12:34:10
Xiaomi Poco M6 Pro,POCO,4GB,64GB,Qualcomm SM4450 Snapdragon 4 Gen 2,5000.0,6.79,2023,0,5G,Android 13,https://www.gsmarena.com/xiaomi_poco_m6_pro-12452.php,2026-08-30T12:34:42
Xiaomi Poco M6 Pro,POCO,4GB,128GB,Qualcomm SM4450 Snapdragon 4 Gen 2,5000.0,6.79,2023,0,5G,Android 13,https://www.gsmarena.com/xiaomi_poco_m6_pro-12452.php,2026-08-30T12:34:42
Xiaomi Poco M6 Pro,POCO,6GB,128GB,Qualcomm SM4450 Snapdragon 4 Gen 2,5000.0,6.79,2023,0,5G,Android 13,https://www.gsmarena.com/xiaomi_poco_m6_pro-12452.php,2026-08-30T12:34:42
Xiaomi Poco M6 Pro,POCO,8GB,256GB,Qualcomm SM4450 Snapdragon 4 Gen 2,5000.0,6.79,2023,0,5G,Android 13,https://www.gsmarena.com/xiaomi_poco_m6_pro-12452.php,2026-08-30T12:34:42
Xiaomi Poco F5 Pro,POCO,8GB,256GB,Qualcomm SM8475 Snapdragon 8+ Gen 1,5160.0,6.67,2023,1,5G,Android 13,https://www.gsmarena.com/xiaomi_poco_f5_pro-12257.php,2026-08-30T12:35:09
Xiaomi Poco F5 Pro,POCO,12GB,256GB,Qualcomm SM8475 Snapdragon 8+ Gen 1,5160.0,6.67,2023,1,5G,Android 13,https://www.gsmarena.com/xiaomi_poco_f5_pro-12257.php,2026-08-30T12:35:09
Xiaomi Poco F5 Pro,POCO,12GB,512GB,Qualcomm SM8475 Snapdragon 8+ Gen 1,5160.0,6.67,2023,1,5G,Android 13,https://www.gsmarena.com/xiaomi_poco_f5_pro-12257.php,2026-08-30T12:35:09
Xiaomi Poco F5,POCO,8GB,256GB,Qualcomm SM7475-AB Snapdragon 7+ Gen 2,5000.0,6.67,2023,1,5G,Android 13,https://www.gsmarena.com/xiaomi_poco_f5-12258.php,2026-08-30T12:35:31
Xiaomi Poco F5,POCO,12GB,256GB,Qualcomm SM7475-AB Snapdragon 7+ Gen 2,5000.0,6.67,2023,1,5G,Android 13,https://www.gsmarena.com/xiaomi_poco_f5-12258.php,2026-08-30T12:35:31
Xiaomi Poco C51,POCO,4GB,64GB,Mediatek Helio G36,5000.0,6.52,2023,0,4G,Android 13 (Go edition),https://www.gsmarena.com/xiaomi_poco_c51-12215.php,2026-08-30T12:36:00
Xiaomi Poco C51,POCO,6GB,128GB,Mediatek Helio G36,5000.0,6.52,2023,0,4G,Android 13 (Go edition),https://www.gsmarena.com/xiaomi_poco_c51-12215.php,2026-08-30T12:36:00
Xiaomi Poco C55,POCO,4GB,64GB,Mediatek MT6769Z Helio G85,5000.0,6.71,2023,0,4G,Android 12,https://www.gsmarena.com/xiaomi_poco_c55-12126.php,2026-08-30T12:36:30
Xiaomi Poco C55,POCO,6GB,128GB,Mediatek MT6769Z Helio G85,5000.0,6.71,2023,0,4G,Android 12,https://www.gsmarena.com/xiaomi_poco_c55-12126.php,2026-08-30T12:36:30
Xiaomi Poco X5 Pro,POCO,6GB,128GB,Qualcomm SM7325 Snapdragon 778G 5G,5000.0,6.67,2023,1,5G,Android 12,https://www.gsmarena.com/xiaomi_poco_x5_pro-12094.php,2026-08-30T12:37:07
Xiaomi Poco X5 Pro,POCO,8GB,256GB,Qualcomm SM7325 Snapdragon 778G 5G,5000.0,6.67,2023,1,5G,Android 12,https://www.gsmarena.com/xiaomi_poco_x5_pro-12094.php,2026-08-30T12:37:07
Xiaomi Poco X5,POCO,6GB,128GB,Qualcomm SM6375 Snapdragon 695 5G,5000.0,6.67,2023,1,5G,Android 12,https://www.gsmarena.com/xiaomi_poco_x5-12092.php,2026-08-30T12:37:41
Xiaomi Poco X5,POCO,8GB,256GB,Qualcomm SM6375 Snapdragon 695 5G,5000.0,6.67,2023,1,5G,Android 12,https://www.gsmarena.com/xiaomi_poco_x5-12092.php,2026-08-30T12:37:41
Xiaomi Poco C50,POCO,2GB,32GB,Mediatek MT6761 Helio A22,5000.0,6.52,2023,0,4G,Android 12 (Go edition),https://www.gsmarena.com/xiaomi_poco_c50-12053.php,2026-08-30T12:38:16
Xiaomi Poco C50,POCO,3GB,32GB,Mediatek MT6761 Helio A22,5000.0,6.52,2023,0,4G,Android 12 (Go edition),https://www.gsmarena.com/xiaomi_poco_c50-12053.php,2026-08-30T12:38:16
Xiaomi Poco M5s,POCO,4GB,64GB,Mediatek MT6785V/CD Helio G95,5000.0,6.43,2022,1,4G,Android 12,https://www.gsmarena.com/xiaomi_poco_m5s-11832.php,2026-08-30T12:38:51
Xiaomi Poco M5s,POCO,4GB,128GB,Mediatek MT6785V/CD Helio G95,5000.0,6.43,2022,1,4G,Android 12,https://www.gsmarena.com/xiaomi_poco_m5s-11832.php,2026-08-30T12:38:51
Xiaomi Poco M5s,POCO,6GB,128GB,Mediatek MT6785V/CD Helio G95,5000.0,6.43,2022,1,4G,Android 12,https://www.gsmarena.com/xiaomi_poco_m5s-11832.php,2026-08-30T12:38:51
Xiaomi Poco M5s,POCO,8GB,256GB,Mediatek MT6785V/CD Helio G95,5000.0,6.43,2022,1,4G,Android 12,https://www.gsmarena.com/xiaomi_poco_m5s-11832.php,2026-08-30T12:38:51
Xiaomi Poco M5,POCO,4GB,64GB,Mediatek Helio G99,5000.0,6.58,2022,1,4G,Android 12,https://www.gsmarena.com/xiaomi_poco_m5-11850.php,2026-08-30T12:39:23
Xiaomi Poco M5,POCO,4GB,128GB,Mediatek Helio G99,5000.0,6.58,2022,1,4G,Android 12,https://www.gsmarena.com/xiaomi_poco_m5-11850.php,2026-08-30T12:39:23
Xiaomi Poco M5,POCO,6GB,128GB,Mediatek Helio G99,5000.0,6.58,2022,1,4G,Android 12,https://www.gsmarena.com/xiaomi_poco_m5-11850.php,2026-08-30T12:39:23
Xiaomi Poco M5 (India),POCO,4GB,64GB,Mediatek Helio G99,5000.0,6.58,2022,1,4G,Android 12,https://www.gsmarena.com/xiaomi_poco_m5_(india)-11869.php,2026-08-30T12:40:04
Xiaomi Poco M5 (India),POCO,6GB,128GB,Mediatek Helio G99,5000.0,6.58,2022,1,4G,Android 12,https://www.gsmarena.com/xiaomi_poco_m5_(india)-11869.php,2026-08-30T12:40:04
Xiaomi Poco M4 5G,POCO,4GB,64GB,Mediatek Dimensity 700,5000.0,6.58,2022,1,5G,Android 12,https://www.gsmarena.com/xiaomi_poco_m4_5g-11762.php,2026-08-30T12:40:41
Xiaomi Poco M4 5G,POCO,6GB,128GB,Mediatek Dimensity 700,5000.0,6.58,2022,1,5G,Android 12,https://www.gsmarena.com/xiaomi_poco_m4_5g-11762.php,2026-08-30T12:40:41
Xiaomi Poco F4,POCO,6GB,128GB,Qualcomm SM8250-AC Snapdragon 870 5G,4500.0,6.67,2022,1,5G,Android 12,https://www.gsmarena.com/xiaomi_poco_f4-11627.php,2026-08-30T12:41:14
Xiaomi Poco F4,POCO,8GB,128GB,Qualcomm SM8250-AC Snapdragon 870 5G,4500.0,6.67,2022,1,5G,Android 12,https://www.gsmarena.com/xiaomi_poco_f4-11627.php,2026-08-30T12:41:14
Xiaomi Poco F4,POCO,8GB,256GB,Qualcomm SM8250-AC Snapdragon 870 5G,4500.0,6.67,2022,1,5G,Android 12,https://www.gsmarena.com/xiaomi_poco_f4-11627.php,2026-08-30T12:41:14
Xiaomi Poco F4,POCO,12GB,256GB,Qualcomm SM8250-AC Snapdragon 870 5G,4500.0,6.67,2022,1,5G,Android 12,https://www.gsmarena.com/xiaomi_poco_f4-11627.php,2026-08-30T12:41:14
Xiaomi Poco X4 GT,POCO,8GB,128GB,Mediatek Dimensity 8100,5080.0,6.6,2022,1,5G,Android 12,https://www.gsmarena.com/xiaomi_poco_x4_gt-11626.php,2026-08-30T12:41:41
Xiaomi Poco X4 GT,POCO,8GB,256GB,Mediatek Dimensity 8100,5080.0,6.6,2022,1,5G,Android 12,https://www.gsmarena.com/xiaomi_poco_x4_gt-11626.php,2026-08-30T12:41:41
Xiaomi Poco C40,POCO,2GB,32GB,JLQ JR510,6000.0,6.71,2022,1,4G,Android 11,https://www.gsmarena.com/xiaomi_poco_c40-11468.php,2026-08-30T12:42:13
Xiaomi Poco C40,POCO,3GB,32GB,JLQ JR510,6000.0,6.71,2022,1,4G,Android 11,https://www.gsmarena.com/xiaomi_poco_c40-11468.php,2026-08-30T12:42:13
Xiaomi Poco C40,POCO,4GB,32GB,JLQ JR510,6000.0,6.71,2022,1,4G,Android 11,https://www.gsmarena.com/xiaomi_poco_c40-11468.php,2026-08-30T12:42:13
Xiaomi Poco C40,POCO,4GB,64GB,JLQ JR510,6000.0,6.71,2022,1,4G,Android 11,https://www.gsmarena.com/xiaomi_poco_c40-11468.php,2026-08-30T12:42:13
Xiaomi Poco M4 5G (India),POCO,4GB,64GB,Mediatek Dimensity 700,5000.0,6.58,2022,1,5G,Android 12,https://www.gsmarena.com/xiaomi_poco_m4_5g_(india)-11427.php,2026-08-30T12:42:37
Xiaomi Poco M4 5G (India),POCO,6GB,128GB,Mediatek Dimensity 700,5000.0,6.58,2022,1,5G,Android 12,https://www.gsmarena.com/xiaomi_poco_m4_5g_(india)-11427.php,2026-08-30T12:42:37
Xiaomi Poco F4 GT,POCO,8GB,128GB,Qualcomm SM8450 Snapdragon 8 Gen 1,4700.0,6.67,2022,1,5G,Android 12,https://www.gsmarena.com/xiaomi_poco_f4_gt-11479.php,2026-08-30T12:43:09
Xiaomi Poco F4 GT,POCO,12GB,256GB,Qualcomm SM8450 Snapdragon 8 Gen 1,4700.0,6.67,2022,1,5G,Android 12,https://www.gsmarena.com/xiaomi_poco_f4_gt-11479.php,2026-08-30T12:43:09
Xiaomi Poco X4 Pro 5G,POCO,6GB,64GB,Qualcomm SM6375 Snapdragon 695 5G,5000.0,6.67,2022,1,5G,Android 11,https://www.gsmarena.com/xiaomi_poco_x4_pro_5g-11371.php,2026-08-30T12:43:36
Xiaomi Poco X4 Pro 5G,POCO,6GB,128GB,Qualcomm SM6375 Snapdragon 695 5G,5000.0,6.67,2022,1,5G,Android 11,https://www.gsmarena.com/xiaomi_poco_x4_pro_5g-11371.php,2026-08-30T12:43:36
Xiaomi Poco X4 Pro 5G,POCO,8GB,128GB,Qualcomm SM6375 Snapdragon 695 5G,5000.0,6.67,2022,1,5G,Android 11,https://www.gsmarena.com/xiaomi_poco_x4_pro_5g-11371.php,2026-08-30T12:43:36
Xiaomi Poco X4 Pro 5G,POCO,6GB,256GB,Qualcomm SM6375 Snapdragon 695 5G,5000.0,6.67,2022,1,5G,Android 11,https://www.gsmarena.com/xiaomi_poco_x4_pro_5g-11371.php,2026-08-30T12:43:36
Xiaomi Poco X4 Pro 5G,POCO,8GB,256GB,Qualcomm SM6375 Snapdragon 695 5G,5000.0,6.67,2022,1,5G,Android 11,https://www.gsmarena.com/xiaomi_poco_x4_pro_5g-11371.php,2026-08-30T12:43:36
Xiaomi Poco M4 Pro,POCO,6GB,64GB,Mediatek MT6781 Helio G96,5000.0,6.43,2022,1,4G,Android 11,https://www.gsmarena.com/xiaomi_poco_m4_pro-11388.php,2026-08-30T12:44:10
Xiaomi Poco M4 Pro,POCO,6GB,128GB,Mediatek MT6781 Helio G96,5000.0,6.43,2022,1,4G,Android 11,https://www.gsmarena.com/xiaomi_poco_m4_pro-11388.php,2026-08-30T12:44:10
Xiaomi Poco M4 Pro,POCO,8GB,128GB,Mediatek MT6781 Helio G96,5000.0,6.43,2022,1,4G,Android 11,https://www.gsmarena.com/xiaomi_poco_m4_pro-11388.php,2026-08-30T12:44:10
Xiaomi Poco M4 Pro,POCO,8GB,256GB,Mediatek MT6781 Helio G96,5000.0,6.43,2022,1,4G,Android 11,https://www.gsmarena.com/xiaomi_poco_m4_pro-11388.php,2026-08-30T12:44:10
Samsung Galaxy A07s,Samsung,4GB,64GB,Mediatek Helio G99+,5000.0,6.7,2026,0,4G,Android 16,https://www.gsmarena.com/samsung_galaxy_a07s-14930.php,2026-09-14T18:26:58
Samsung Galaxy A07s,Samsung,4GB,128GB,Mediatek Helio G99+,5000.0,6.7,2026,0,4G,Android 16,https://www.gsmarena.com/samsung_galaxy_a07s-14930.php,2026-09-14T18:26:58
Samsung Galaxy A07s,Samsung,6GB,128GB,Mediatek Helio G99+,5000.0,6.7,2026,0,4G,Android 16,https://www.gsmarena.com/samsung_galaxy_a07s-14930.php,2026-09-14T18:26:58
Samsung Galaxy S26 FE,Samsung,8GB,128GB,Exynos 2500,4900.0,6.7,2026,1,5G,Android 17,https://www.gsmarena.com/samsung_galaxy_s26_fe_5g-14870.php,2026-09-14T18:27:22
Samsung Galaxy S26 FE,Samsung,8GB,256GB,Exynos 2500,4900.0,6.7,2026,1,5G,Android 17,https://www.gsmarena.com/samsung_galaxy_s26_fe_5g-14870.php,2026-09-14T18:27:22
Samsung Galaxy S26 FE,Samsung,8GB,512GB,Exynos 2500,4900.0,6.7,2026,1,5G,Android 17,https://www.gsmarena.com/samsung_galaxy_s26_fe_5g-14870.php,2026-09-14T18:27:22
Samsung Galaxy M14,Samsung,4GB,64GB,Exynos 1330,6000.0,6.6,2023,1,5G,Android 13,https://www.gsmarena.com/samsung_galaxy_m14-12160.php,2026-09-14T18:27:45
Samsung Galaxy M14,Samsung,4GB,128GB,Exynos 1330,6000.0,6.6,2023,1,5G,Android 13,https://www.gsmarena.com/samsung_galaxy_m14-12160.php,2026-09-14T18:27:45
Samsung Galaxy M14,Samsung,6GB,128GB,Exynos 1330,6000.0,6.6,2023,1,5G,Android 13,https://www.gsmarena.com/samsung_galaxy_m14-12160.php,2026-09-14T18:27:45
Samsung Galaxy S23 Ultra,Samsung,8GB,256GB,Qualcomm SM8550-AC Snapdragon 8 Gen 2,5000.0,6.8,2023,1,5G,Android 13,https://www.gsmarena.com/samsung_galaxy_s23_ultra-12024.php,2026-09-14T18:28:26
Samsung Galaxy S23 Ultra,Samsung,12GB,256GB,Qualcomm SM8550-AC Snapdragon 8 Gen 2,5000.0,6.8,2023,1,5G,Android 13,https://www.gsmarena.com/samsung_galaxy_s23_ultra-12024.php,2026-09-14T18:28:26
Samsung Galaxy S23 Ultra,Samsung,12GB,512GB,Qualcomm SM8550-AC Snapdragon 8 Gen 2,5000.0,6.8,2023,1,5G,Android 13,https://www.gsmarena.com/samsung_galaxy_s23_ultra-12024.php,2026-09-14T18:28:26
Samsung Galaxy S23 Ultra,Samsung,12GB,1TB,Qualcomm SM8550-AC Snapdragon 8 Gen 2,5000.0,6.8,2023,1,5G,Android 13,https://www.gsmarena.com/samsung_galaxy_s23_ultra-12024.php,2026-09-14T18:28:26
Samsung Galaxy S23+,Samsung,8GB,256GB,Qualcomm SM8550-AC Snapdragon 8 Gen 2,4700.0,6.6,2023,1,5G,Android 13,https://www.gsmarena.com/samsung_galaxy_s23+-12083.php,2026-09-14T18:28:50
Samsung Galaxy S23+,Samsung,8GB,512GB,Qualcomm SM8550-AC Snapdragon 8 Gen 2,4700.0,6.6,2023,1,5G,Android 13,https://www.gsmarena.com/samsung_galaxy_s23+-12083.php,2026-09-14T18:28:50
Samsung Galaxy S23,Samsung,8GB,128GB,Qualcomm SM8550-AC Snapdragon 8 Gen 2,3900.0,6.1,2023,1,5G,Android 13,https://www.gsmarena.com/samsung_galaxy_s23-12082.php,2026-09-14T18:29:31
Samsung Galaxy S23,Samsung,8GB,256GB,Qualcomm SM8550-AC Snapdragon 8 Gen 2,3900.0,6.1,2023,1,5G,Android 13,https://www.gsmarena.com/samsung_galaxy_s23-12082.php,2026-09-14T18:29:31
Samsung Galaxy S23,Samsung,8GB,512GB,Qualcomm SM8550-AC Snapdragon 8 Gen 2,3900.0,6.1,2023,1,5G,Android 13,https://www.gsmarena.com/samsung_galaxy_s23-12082.php,2026-09-14T18:29:31
Samsung Galaxy A14,Samsung,4GB,64GB,Mediatek MT6769 Helio G80,5000.0,6.6,2023,1,4G,Android 13,https://www.gsmarena.com/samsung_galaxy_a14-12151.php,2026-09-14T18:29:54
Samsung Galaxy A14,Samsung,4GB,128GB,Mediatek MT6769 Helio G80,5000.0,6.6,2023,1,4G,Android 13,https://www.gsmarena.com/samsung_galaxy_a14-12151.php,2026-09-14T18:29:54
Samsung Galaxy A14,Samsung,6GB,128GB,Mediatek MT6769 Helio G80,5000.0,6.6,2023,1,4G,Android 13,https://www.gsmarena.com/samsung_galaxy_a14-12151.php,2026-09-14T18:29:54
Samsung Galaxy A14,Samsung,8GB,128GB,Mediatek MT6769 Helio G80,5000.0,6.6,2023,1,4G,Android 13,https://www.gsmarena.com/samsung_galaxy_a14-12151.php,2026-09-14T18:29:54
Samsung Galaxy A14 5G,Samsung,4GB,64GB,Exynos 1330,5000.0,6.6,2023,1,5G,Android 13,https://www.gsmarena.com/samsung_galaxy_a14_5g-12004.php,2026-09-14T18:30:25
Samsung Galaxy A14 5G,Samsung,4GB,128GB,Exynos 1330,5000.0,6.6,2023,1,5G,Android 13,https://www.gsmarena.com/samsung_galaxy_a14_5g-12004.php,2026-09-14T18:30:25
Samsung Galaxy A14 5G,Samsung,6GB,128GB,Exynos 1330,5000.0,6.6,2023,1,5G,Android 13,https://www.gsmarena.com/samsung_galaxy_a14_5g-12004.php,2026-09-14T18:30:25
Samsung Galaxy A14 5G,Samsung,8GB,128GB,Exynos 1330,5000.0,6.6,2023,1,5G,Android 13,https://www.gsmarena.com/samsung_galaxy_a14_5g-12004.php,2026-09-14T18:30:25
Samsung Galaxy F04,Samsung,4GB,64GB,Mediatek MT6765 Helio P35,5000.0,6.5,2023,0,4G,Android 12,https://www.gsmarena.com/samsung_galaxy_f04-12054.php,2026-09-14T18:30:54
Samsung Galaxy M04,Samsung,4GB,64GB,Mediatek MT6765 Helio P35,5000.0,6.5,2022,0,4G,Android 12,https://www.gsmarena.com/samsung_galaxy_m04-12022.php,2026-09-14T18:31:34
Samsung Galaxy M04,Samsung,4GB,128GB,Mediatek MT6765 Helio P35,5000.0,6.5,2022,0,4G,Android 12,https://www.gsmarena.com/samsung_galaxy_m04-12022.php,2026-09-14T18:31:34
Samsung Galaxy A04e,Samsung,2GB,32GB,Mediatek MT6765 Helio P35,5000.0,6.5,2022,0,4G,Android 12,https://www.gsmarena.com/samsung_galaxy_a04e-11945.php,2026-09-14T18:31:55
Samsung Galaxy A04e,Samsung,3GB,32GB,Mediatek MT6765 Helio P35,5000.0,6.5,2022,0,4G,Android 12,https://www.gsmarena.com/samsung_galaxy_a04e-11945.php,2026-09-14T18:31:55
Samsung Galaxy A04e,Samsung,4GB,32GB,Mediatek MT6765 Helio P35,5000.0,6.5,2022,0,4G,Android 12,https://www.gsmarena.com/samsung_galaxy_a04e-11945.php,2026-09-14T18:31:55
Samsung Galaxy A04e,Samsung,2GB,64GB,Mediatek MT6765 Helio P35,5000.0,6.5,2022,0,4G,Android 12,https://www.gsmarena.com/samsung_galaxy_a04e-11945.php,2026-09-14T18:31:55
Samsung Galaxy A04e,Samsung,3GB,64GB,Mediatek MT6765 Helio P35,5000.0,6.5,2022,0,4G,Android 12,https://www.gsmarena.com/samsung_galaxy_a04e-11945.php,2026-09-14T18:31:55
Samsung Galaxy A04e,Samsung,4GB,64GB,Mediatek MT6765 Helio P35,5000.0,6.5,2022,0,4G,Android 12,https://www.gsmarena.com/samsung_galaxy_a04e-11945.php,2026-09-14T18:31:55
Samsung Galaxy A04e,Samsung,4GB,128GB,Mediatek MT6765 Helio P35,5000.0,6.5,2022,0,4G,Android 12,https://www.gsmarena.com/samsung_galaxy_a04e-11945.php,2026-09-14T18:31:55
Samsung Galaxy A04s,Samsung,3GB,32GB,Exynos 850,5000.0,6.5,2022,1,4G,Android 12,https://www.gsmarena.com/samsung_galaxy_a04s-11803.php,2026-09-14T18:32:28
Samsung Galaxy A04s,Samsung,4GB,32GB,Exynos 850,5000.0,6.5,2022,1,4G,Android 12,https://www.gsmarena.com/samsung_galaxy_a04s-11803.php,2026-09-14T18:32:28
Samsung Galaxy A04s,Samsung,3GB,64GB,Exynos 850,5000.0,6.5,2022,1,4G,Android 12,https://www.gsmarena.com/samsung_galaxy_a04s-11803.php,2026-09-14T18:32:28
Samsung Galaxy A04s,Samsung,4GB,64GB,Exynos 850,5000.0,6.5,2022,1,4G,Android 12,https://www.gsmarena.com/samsung_galaxy_a04s-11803.php,2026-09-14T18:32:28
Samsung Galaxy A04s,Samsung,3GB,128GB,Exynos 850,5000.0,6.5,2022,1,4G,Android 12,https://www.gsmarena.com/samsung_galaxy_a04s-11803.php,2026-09-14T18:32:28
Samsung Galaxy A04s,Samsung,4GB,128GB,Exynos 850,5000.0,6.5,2022,1,4G,Android 12,https://www.gsmarena.com/samsung_galaxy_a04s-11803.php,2026-09-14T18:32:28
Samsung Galaxy A04,Samsung,3GB,32GB,Mediatek MT6765 Helio P35,5000.0,6.5,2022,0,4G,Android 12,https://www.gsmarena.com/samsung_galaxy_a04-11817.php,2026-09-14T18:32:54
Samsung Galaxy A04,Samsung,4GB,32GB,Mediatek MT6765 Helio P35,5000.0,6.5,2022,0,4G,Android 12,https://www.gsmarena.com/samsung_galaxy_a04-11817.php,2026-09-14T18:32:54
Samsung Galaxy A04,Samsung,3GB,64GB,Mediatek MT6765 Helio P35,5000.0,6.5,2022,0,4G,Android 12,https://www.gsmarena.com/samsung_galaxy_a04-11817.php,2026-09-14T18:32:54
Samsung Galaxy A04,Samsung,4GB,64GB,Mediatek MT6765 Helio P35,5000.0,6.5,2022,0,4G,Android 12,https://www.gsmarena.com/samsung_galaxy_a04-11817.php,2026-09-14T18:32:54
Samsung Galaxy A04,Samsung,6GB,64GB,Mediatek MT6765 Helio P35,5000.0,6.5,2022,0,4G,Android 12,https://www.gsmarena.com/samsung_galaxy_a04-11817.php,2026-09-14T18:32:54
Samsung Galaxy A04,Samsung,4GB,128GB,Mediatek MT6765 Helio P35,5000.0,6.5,2022,0,4G,Android 12,https://www.gsmarena.com/samsung_galaxy_a04-11817.php,2026-09-14T18:32:54
Samsung Galaxy A04,Samsung,8GB,128GB,Mediatek MT6765 Helio P35,5000.0,6.5,2022,0,4G,Android 12,https://www.gsmarena.com/samsung_galaxy_a04-11817.php,2026-09-14T18:32:54
Samsung Galaxy Z Fold4,Samsung,12GB,256GB,Qualcomm SM8475 Snapdragon 8+ Gen 1,4400.0,7.6,2022,1,5G,Android 12L,https://www.gsmarena.com/samsung_galaxy_z_fold4-11737.php,2026-09-14T18:33:21
Samsung Galaxy Z Fold4,Samsung,12GB,512GB,Qualcomm SM8475 Snapdragon 8+ Gen 1,4400.0,7.6,2022,1,5G,Android 12L,https://www.gsmarena.com/samsung_galaxy_z_fold4-11737.php,2026-09-14T18:33:21
Samsung Galaxy Z Fold4,Samsung,12GB,1TB,Qualcomm SM8475 Snapdragon 8+ Gen 1,4400.0,7.6,2022,1,5G,Android 12L,https://www.gsmarena.com/samsung_galaxy_z_fold4-11737.php,2026-09-14T18:33:21
Samsung Galaxy Z Flip4,Samsung,8GB,128GB,Qualcomm SM8475 Snapdragon 8+ Gen 1,3700.0,6.7,2022,1,5G,Android 12,https://www.gsmarena.com/samsung_galaxy_z_flip4-11538.php,2026-09-14T18:33:56
Samsung Galaxy Z Flip4,Samsung,8GB,256GB,Qualcomm SM8475 Snapdragon 8+ Gen 1,3700.0,6.7,2022,1,5G,Android 12,https://www.gsmarena.com/samsung_galaxy_z_flip4-11538.php,2026-09-14T18:33:56
Samsung Galaxy Z Flip4,Samsung,8GB,512GB,Qualcomm SM8475 Snapdragon 8+ Gen 1,3700.0,6.7,2022,1,5G,Android 12,https://www.gsmarena.com/samsung_galaxy_z_flip4-11538.php,2026-09-14T18:33:56
Samsung Galaxy A23 5G,Samsung,4GB,64GB,Qualcomm SM6375 Snapdragon 695 5G,5000.0,6.6,2022,1,5G,Android 12,https://www.gsmarena.com/samsung_galaxy_a23_5g-11736.php,2026-09-14T18:34:37
Samsung Galaxy A23 5G,Samsung,6GB,64GB,Qualcomm SM6375 Snapdragon 695 5G,5000.0,6.6,2022,1,5G,Android 12,https://www.gsmarena.com/samsung_galaxy_a23_5g-11736.php,2026-09-14T18:34:37
Samsung Galaxy A23 5G,Samsung,4GB,128GB,Qualcomm SM6375 Snapdragon 695 5G,5000.0,6.6,2022,1,5G,Android 12,https://www.gsmarena.com/samsung_galaxy_a23_5g-11736.php,2026-09-14T18:34:37
Samsung Galaxy A23 5G,Samsung,6GB,128GB,Qualcomm SM6375 Snapdragon 695 5G,5000.0,6.6,2022,1,5G,Android 12,https://www.gsmarena.com/samsung_galaxy_a23_5g-11736.php,2026-09-14T18:34:37
Samsung Galaxy A23 5G,Samsung,8GB,128GB,Qualcomm SM6375 Snapdragon 695 5G,5000.0,6.6,2022,1,5G,Android 12,https://www.gsmarena.com/samsung_galaxy_a23_5g-11736.php,2026-09-14T18:34:37
Samsung Galaxy M13 5G,Samsung,4GB,64GB,Mediatek Dimensity 700,5000.0,6.5,2022,0,5G,Android 12,https://www.gsmarena.com/samsung_galaxy_m13_5g-11633.php,2026-09-14T18:35:15
Samsung Galaxy M13 5G,Samsung,6GB,128GB,Mediatek Dimensity 700,5000.0,6.5,2022,0,5G,Android 12,https://www.gsmarena.com/samsung_galaxy_m13_5g-11633.php,2026-09-14T18:35:15
Samsung Galaxy M13 (India),Samsung,4GB,64GB,Exynos 850,6000.0,6.6,2022,0,4G,Android 12,https://www.gsmarena.com/samsung_galaxy_m13_(india)-11654.php,2026-09-14T18:35:48
Samsung Galaxy M13 (India),Samsung,6GB,128GB,Exynos 850,6000.0,6.6,2022,0,4G,Android 12,https://www.gsmarena.com/samsung_galaxy_m13_(india)-11654.php,2026-09-14T18:35:48
Samsung Galaxy A13 (SM-A137),Samsung,3GB,32GB,Mediatek MT6769V/CU Helio G80,5000.0,6.6,2022,1,4G,Android 12,https://www.gsmarena.com/samsung_galaxy_a13_(sm_a137)-11665.php,2026-09-14T18:36:26
Samsung Galaxy A13 (SM-A137),Samsung,4GB,32GB,Mediatek MT6769V/CU Helio G80,5000.0,6.6,2022,1,4G,Android 12,https://www.gsmarena.com/samsung_galaxy_a13_(sm_a137)-11665.php,2026-09-14T18:36:26
Samsung Galaxy A13 (SM-A137),Samsung,4GB,64GB,Mediatek MT6769V/CU Helio G80,5000.0,6.6,2022,1,4G,Android 12,https://www.gsmarena.com/samsung_galaxy_a13_(sm_a137)-11665.php,2026-09-14T18:36:26
Samsung Galaxy A13 (SM-A137),Samsung,4GB,128GB,Mediatek MT6769V/CU Helio G80,5000.0,6.6,2022,1,4G,Android 12,https://www.gsmarena.com/samsung_galaxy_a13_(sm_a137)-11665.php,2026-09-14T18:36:26
Samsung Galaxy F13,Samsung,4GB,64GB,Exynos 850,6000.0,6.6,2022,1,4G,Android 12,https://www.gsmarena.com/samsung_galaxy_f13-11624.php,2026-09-14T18:36:48
Samsung Galaxy F13,Samsung,4GB,128GB,Exynos 850,6000.0,6.6,2022,1,4G,Android 12,https://www.gsmarena.com/samsung_galaxy_f13-11624.php,2026-09-14T18:36:48
Samsung Galaxy F13,Samsung,6GB,128GB,Exynos 850,6000.0,6.6,2022,1,4G,Android 12,https://www.gsmarena.com/samsung_galaxy_f13-11624.php,2026-09-14T18:36:48
Samsung Galaxy M13,Samsung,4GB,64GB,Exynos 850,5000.0,6.6,2022,1,4G,Android 12,https://www.gsmarena.com/samsung_galaxy_m13-11564.php,2026-09-14T18:37:21
Samsung Galaxy M13,Samsung,4GB,128GB,Exynos 850,5000.0,6.6,2022,1,4G,Android 12,https://www.gsmarena.com/samsung_galaxy_m13-11564.php,2026-09-14T18:37:21
Samsung Galaxy M53,Samsung,6GB,128GB,Mediatek Dimensity 900,5000.0,6.7,2022,1,5G,Android 12,https://www.gsmarena.com/samsung_galaxy_m53-11439.php,2026-09-14T18:37:47
Samsung Galaxy M53,Samsung,8GB,128GB,Mediatek Dimensity 900,5000.0,6.7,2022,1,5G,Android 12,https://www.gsmarena.com/samsung_galaxy_m53-11439.php,2026-09-14T18:37:47
Samsung Galaxy M53,Samsung,8GB,256GB,Mediatek Dimensity 900,5000.0,6.7,2022,1,5G,Android 12,https://www.gsmarena.com/samsung_galaxy_m53-11439.php,2026-09-14T18:37:47
Samsung Galaxy S20 FE 2022,Samsung,6GB,128GB,Qualcomm SM8250 Snapdragon 865 5G,4500.0,6.5,2022,1,5G,Android 12,https://www.gsmarena.com/samsung_galaxy_s20_fe_2022-11459.php,2026-09-14T18:38:14
Samsung Galaxy A73 5G,Samsung,6GB,128GB,Qualcomm SM7325 Snapdragon 778G 5G,5000.0,6.7,2022,1,5G,Android 12,https://www.gsmarena.com/samsung_galaxy_a73_5g-11257.php,2026-09-14T18:38:44
Samsung Galaxy A73 5G,Samsung,8GB,128GB,Qualcomm SM7325 Snapdragon 778G 5G,5000.0,6.7,2022,1,5G,Android 12,https://www.gsmarena.com/samsung_galaxy_a73_5g-11257.php,2026-09-14T18:38:44
Samsung Galaxy A73 5G,Samsung,8GB,256GB,Qualcomm SM7325 Snapdragon 778G 5G,5000.0,6.7,2022,1,5G,Android 12,https://www.gsmarena.com/samsung_galaxy_a73_5g-11257.php,2026-09-14T18:38:44
Samsung Galaxy A53 5G,Samsung,4GB,128GB,Exynos 1280,5000.0,6.5,2022,1,5G,Android 12,https://www.gsmarena.com/samsung_galaxy_a53_5g-11268.php,2026-09-14T18:39:12
Samsung Galaxy A53 5G,Samsung,6GB,128GB,Exynos 1280,5000.0,6.5,2022,1,5G,Android 12,https://www.gsmarena.com/samsung_galaxy_a53_5g-11268.php,2026-09-14T18:39:12
Samsung Galaxy A53 5G,Samsung,8GB,128GB,Exynos 1280,5000.0,6.5,2022,1,5G,Android 12,https://www.gsmarena.com/samsung_galaxy_a53_5g-11268.php,2026-09-14T18:39:12
Samsung Galaxy A53 5G,Samsung,6GB,256GB,Exynos 1280,5000.0,6.5,2022,1,5G,Android 12,https://www.gsmarena.com/samsung_galaxy_a53_5g-11268.php,2026-09-14T18:39:12
Samsung Galaxy A53 5G,Samsung,8GB,256GB,Exynos 1280,5000.0,6.5,2022,1,5G,Android 12,https://www.gsmarena.com/samsung_galaxy_a53_5g-11268.php,2026-09-14T18:39:12
Samsung Galaxy A33 5G,Samsung,4GB,128GB,Exynos 1280,5000.0,6.4,2022,1,5G,Android 12,https://www.gsmarena.com/samsung_galaxy_a33_5g-11429.php,2026-09-14T18:39:34
Samsung Galaxy A33 5G,Samsung,6GB,128GB,Exynos 1280,5000.0,6.4,2022,1,5G,Android 12,https://www.gsmarena.com/samsung_galaxy_a33_5g-11429.php,2026-09-14T18:39:34
Samsung Galaxy A33 5G,Samsung,8GB,128GB,Exynos 1280,5000.0,6.4,2022,1,5G,Android 12,https://www.gsmarena.com/samsung_galaxy_a33_5g-11429.php,2026-09-14T18:39:34
Samsung Galaxy A33 5G,Samsung,8GB,256GB,Exynos 1280,5000.0,6.4,2022,1,5G,Android 12,https://www.gsmarena.com/samsung_galaxy_a33_5g-11429.php,2026-09-14T18:39:34
Samsung Galaxy F23,Samsung,4GB,128GB,Qualcomm SM7225 Snapdragon 750G 5G,5000.0,6.6,2022,1,5G,Android 12,https://www.gsmarena.com/samsung_galaxy_f23-11406.php,2026-09-14T18:40:00
Samsung Galaxy F23,Samsung,6GB,128GB,Qualcomm SM7225 Snapdragon 750G 5G,5000.0,6.6,2022,1,5G,Android 12,https://www.gsmarena.com/samsung_galaxy_f23-11406.php,2026-09-14T18:40:00
Samsung Galaxy M33,Samsung,6GB,128GB,Exynos 1280,6000.0,6.6,2022,1,5G,Android 12,https://www.gsmarena.com/samsung_galaxy_m33-11404.php,2026-09-14T18:40:34
Samsung Galaxy M33,Samsung,8GB,128GB,Exynos 1280,6000.0,6.6,2022,1,5G,Android 12,https://www.gsmarena.com/samsung_galaxy_m33-11404.php,2026-09-14T18:40:34
Samsung Galaxy M23,Samsung,4GB,64GB,Qualcomm SM7225 Snapdragon 750G 5G,5000.0,6.6,2022,1,5G,Android 12,https://www.gsmarena.com/samsung_galaxy_m23-11403.php,2026-09-14T18:41:09
Samsung Galaxy M23,Samsung,4GB,128GB,Qualcomm SM7225 Snapdragon 750G 5G,5000.0,6.6,2022,1,5G,Android 12,https://www.gsmarena.com/samsung_galaxy_m23-11403.php,2026-09-14T18:41:09
Samsung Galaxy M23,Samsung,6GB,128GB,Qualcomm SM7225 Snapdragon 750G 5G,5000.0,6.6,2022,1,5G,Android 12,https://www.gsmarena.com/samsung_galaxy_m23-11403.php,2026-09-14T18:41:09
Samsung Galaxy A23,Samsung,4GB,64GB,Qualcomm SM6225 Snapdragon 680 4G,5000.0,6.6,2022,1,4G,Android 12,https://www.gsmarena.com/samsung_galaxy_a23-11373.php,2026-09-14T18:41:34
Samsung Galaxy A23,Samsung,6GB,64GB,Qualcomm SM6225 Snapdragon 680 4G,5000.0,6.6,2022,1,4G,Android 12,https://www.gsmarena.com/samsung_galaxy_a23-11373.php,2026-09-14T18:41:34
Samsung Galaxy A23,Samsung,4GB,128GB,Qualcomm SM6225 Snapdragon 680 4G,5000.0,6.6,2022,1,4G,Android 12,https://www.gsmarena.com/samsung_galaxy_a23-11373.php,2026-09-14T18:41:34
Samsung Galaxy A23,Samsung,6GB,128GB,Qualcomm SM6225 Snapdragon 680 4G,5000.0,6.6,2022,1,4G,Android 12,https://www.gsmarena.com/samsung_galaxy_a23-11373.php,2026-09-14T18:41:34
Samsung Galaxy A23,Samsung,8GB,128GB,Qualcomm SM6225 Snapdragon 680 4G,5000.0,6.6,2022,1,4G,Android 12,https://www.gsmarena.com/samsung_galaxy_a23-11373.php,2026-09-14T18:41:34
Samsung Galaxy A13,Samsung,3GB,32GB,Exynos 850,5000.0,6.6,2022,1,4G,Android 12,https://www.gsmarena.com/samsung_galaxy_a13-11402.php,2026-09-14T18:42:14
Samsung Galaxy A13,Samsung,4GB,32GB,Exynos 850,5000.0,6.6,2022,1,4G,Android 12,https://www.gsmarena.com/samsung_galaxy_a13-11402.php,2026-09-14T18:42:14
Samsung Galaxy A13,Samsung,4GB,64GB,Exynos 850,5000.0,6.6,2022,1,4G,Android 12,https://www.gsmarena.com/samsung_galaxy_a13-11402.php,2026-09-14T18:42:14
Samsung Galaxy A13,Samsung,3GB,128GB,Exynos 850,5000.0,6.6,2022,1,4G,Android 12,https://www.gsmarena.com/samsung_galaxy_a13-11402.php,2026-09-14T18:42:14
Samsung Galaxy A13,Samsung,4GB,128GB,Exynos 850,5000.0,6.6,2022,1,4G,Android 12,https://www.gsmarena.com/samsung_galaxy_a13-11402.php,2026-09-14T18:42:14
Samsung Galaxy A13,Samsung,6GB,128GB,Exynos 850,5000.0,6.6,2022,1,4G,Android 12,https://www.gsmarena.com/samsung_galaxy_a13-11402.php,2026-09-14T18:42:14
Samsung Galaxy S22 Ultra 5G,Samsung,8GB,128GB,Exynos 2200,5000.0,6.8,2022,1,5G,Android 12,https://www.gsmarena.com/samsung_galaxy_s22_ultra_5g-11251.php,2026-09-14T18:42:46
Samsung Galaxy S22 Ultra 5G,Samsung,12GB,256GB,Exynos 2200,5000.0,6.8,2022,1,5G,Android 12,https://www.gsmarena.com/samsung_galaxy_s22_ultra_5g-11251.php,2026-09-14T18:42:46
Samsung Galaxy S22 Ultra 5G,Samsung,12GB,512GB,Exynos 2200,5000.0,6.8,2022,1,5G,Android 12,https://www.gsmarena.com/samsung_galaxy_s22_ultra_5g-11251.php,2026-09-14T18:42:46
Samsung Galaxy S22 Ultra 5G,Samsung,12GB,1TB,Exynos 2200,5000.0,6.8,2022,1,5G,Android 12,https://www.gsmarena.com/samsung_galaxy_s22_ultra_5g-11251.php,2026-09-14T18:42:46
Samsung Galaxy S22+ 5G,Samsung,8GB,128GB,Exynos 2200,4500.0,6.6,2022,1,5G,Android 12,https://www.gsmarena.com/samsung_galaxy_s22+_5g-11252.php,2026-09-14T18:43:19
Samsung Galaxy S22+ 5G,Samsung,8GB,256GB,Exynos 2200,4500.0,6.6,2022,1,5G,Android 12,https://www.gsmarena.com/samsung_galaxy_s22+_5g-11252.php,2026-09-14T18:43:19
Samsung Galaxy S22 5G,Samsung,8GB,128GB,Exynos 2200,3700.0,6.1,2022,1,5G,Android 12,https://www.gsmarena.com/samsung_galaxy_s22_5g-11253.php,2026-09-14T18:43:45
Samsung Galaxy S22 5G,Samsung,8GB,256GB,Exynos 2200,3700.0,6.1,2022,1,5G,Android 12,https://www.gsmarena.com/samsung_galaxy_s22_5g-11253.php,2026-09-14T18:43:45
Samsung Galaxy S21 FE 5G,Samsung,6GB,128GB,Qualcomm SM8350 Snapdragon 888 5G,4500.0,6.4,2022,1,5G,Android 12,https://www.gsmarena.com/samsung_galaxy_s21_fe_5g-10954.php,2026-09-14T18:44:21
Samsung Galaxy S21 FE 5G,Samsung,8GB,128GB,Qualcomm SM8350 Snapdragon 888 5G,4500.0,6.4,2022,1,5G,Android 12,https://www.gsmarena.com/samsung_galaxy_s21_fe_5g-10954.php,2026-09-14T18:44:21
Samsung Galaxy S21 FE 5G,Samsung,6GB,256GB,Qualcomm SM8350 Snapdragon 888 5G,4500.0,6.4,2022,1,5G,Android 12,https://www.gsmarena.com/samsung_galaxy_s21_fe_5g-10954.php,2026-09-14T18:44:21
Samsung Galaxy S21 FE 5G,Samsung,8GB,256GB,Qualcomm SM8350 Snapdragon 888 5G,4500.0,6.4,2022,1,5G,Android 12,https://www.gsmarena.com/samsung_galaxy_s21_fe_5g-10954.php,2026-09-14T18:44:21
Samsung Galaxy A13 5G,Samsung,4GB,32GB,Mediatek Dimensity 700,5000.0,6.5,2021,1,5G,Android 11,https://www.gsmarena.com/samsung_galaxy_a13_5g-11149.php,2026-09-14T18:45:00
Samsung Galaxy A13 5G,Samsung,4GB,64GB,Mediatek Dimensity 700,5000.0,6.5,2021,1,5G,Android 11,https://www.gsmarena.com/samsung_galaxy_a13_5g-11149.php,2026-09-14T18:45:00
Samsung Galaxy A13 5G,Samsung,4GB,128GB,Mediatek Dimensity 700,5000.0,6.5,2021,1,5G,Android 11,https://www.gsmarena.com/samsung_galaxy_a13_5g-11149.php,2026-09-14T18:45:00
Samsung Galaxy A13 5G,Samsung,6GB,128GB,Mediatek Dimensity 700,5000.0,6.5,2021,1,5G,Android 11,https://www.gsmarena.com/samsung_galaxy_a13_5g-11149.php,2026-09-14T18:45:00
Samsung Galaxy A03,Samsung,2GB,32GB,Unisoc T606,5000.0,6.5,2021,0,4G,Android 11,https://www.gsmarena.com/samsung_galaxy_a03-11244.php,2026-09-14T18:45:37
Samsung Galaxy A03,Samsung,3GB,32GB,Unisoc T606,5000.0,6.5,2021,0,4G,Android 11,https://www.gsmarena.com/samsung_galaxy_a03-11244.php,2026-09-14T18:45:37
Samsung Galaxy A03,Samsung,4GB,32GB,Unisoc T606,5000.0,6.5,2021,0,4G,Android 11,https://www.gsmarena.com/samsung_galaxy_a03-11244.php,2026-09-14T18:45:37
Samsung Galaxy A03,Samsung,4GB,64GB,Unisoc T606,5000.0,6.5,2021,0,4G,Android 11,https://www.gsmarena.com/samsung_galaxy_a03-11244.php,2026-09-14T18:45:37
Samsung Galaxy A03,Samsung,3GB,64GB,Unisoc T606,5000.0,6.5,2021,0,4G,Android 11,https://www.gsmarena.com/samsung_galaxy_a03-11244.php,2026-09-14T18:45:37
Samsung Galaxy A03,Samsung,4GB,128GB,Unisoc T606,5000.0,6.5,2021,0,4G,Android 11,https://www.gsmarena.com/samsung_galaxy_a03-11244.php,2026-09-14T18:45:37
Samsung Galaxy A03 Core,Samsung,2GB,32GB,Unisoc SC9863A,5000.0,6.5,2021,0,4G,Android 11 (Go edition),https://www.gsmarena.com/samsung_galaxy_a03_core-11215.php,2026-09-14T18:46:15
Samsung Galaxy F42 5G,Samsung,6GB,128GB,Mediatek Dimensity 700,5000.0,6.6,2021,0,5G,Android 11,https://www.gsmarena.com/samsung_galaxy_f42_5g-11124.php,2026-09-14T18:46:37
Samsung Galaxy F42 5G,Samsung,8GB,128GB,Mediatek Dimensity 700,5000.0,6.6,2021,0,5G,Android 11,https://www.gsmarena.com/samsung_galaxy_f42_5g-11124.php,2026-09-14T18:46:37
Samsung Galaxy M52 5G,Samsung,6GB,128GB,Qualcomm SM7325 Snapdragon 778G 5G,5000.0,6.7,2021,1,5G,Android 11,https://www.gsmarena.com/samsung_galaxy_m52_5g-11110.php,2026-09-14T18:47:05
Samsung Galaxy M52 5G,Samsung,8GB,128GB,Qualcomm SM7325 Snapdragon 778G 5G,5000.0,6.7,2021,1,5G,Android 11,https://www.gsmarena.com/samsung_galaxy_m52_5g-11110.php,2026-09-14T18:47:05
Samsung Galaxy M22,Samsung,4GB,64GB,Mediatek MT6769V/CU Helio G80,5000.0,6.4,2021,1,4G,Android 11,https://www.gsmarena.com/samsung_galaxy_m22-11011.php,2026-09-14T18:47:44
Samsung Galaxy M22,Samsung,4GB,128GB,Mediatek MT6769V/CU Helio G80,5000.0,6.4,2021,1,4G,Android 11,https://www.gsmarena.com/samsung_galaxy_m22-11011.php,2026-09-14T18:47:44
Samsung Galaxy M22,Samsung,6GB,128GB,Mediatek MT6769V/CU Helio G80,5000.0,6.4,2021,1,4G,Android 11,https://www.gsmarena.com/samsung_galaxy_m22-11011.php,2026-09-14T18:47:44
Samsung Galaxy M32 5G,Samsung,6GB,128GB,Mediatek Dimensity 720,5000.0,6.5,2021,1,5G,Android 11,https://www.gsmarena.com/samsung_galaxy_m32_5g-11062.php,2026-09-14T18:48:19
Samsung Galaxy M32 5G,Samsung,8GB,128GB,Mediatek Dimensity 720,5000.0,6.5,2021,1,5G,Android 11,https://www.gsmarena.com/samsung_galaxy_m32_5g-11062.php,2026-09-14T18:48:19
Samsung Galaxy A03s,Samsung,2GB,32GB,Mediatek MT6765 Helio P35,5000.0,6.5,2021,1,4G,Android 11,https://www.gsmarena.com/samsung_galaxy_a03s-10937.php,2026-09-14T18:48:46
Samsung Galaxy A03s,Samsung,3GB,32GB,Mediatek MT6765 Helio P35,5000.0,6.5,2021,1,4G,Android 11,https://www.gsmarena.com/samsung_galaxy_a03s-10937.php,2026-09-14T18:48:46
Samsung Galaxy A03s,Samsung,4GB,32GB,Mediatek MT6765 Helio P35,5000.0,6.5,2021,1,4G,Android 11,https://www.gsmarena.com/samsung_galaxy_a03s-10937.php,2026-09-14T18:48:46
Samsung Galaxy A03s,Samsung,3GB,64GB,Mediatek MT6765 Helio P35,5000.0,6.5,2021,1,4G,Android 11,https://www.gsmarena.com/samsung_galaxy_a03s-10937.php,2026-09-14T18:48:46
Samsung Galaxy A03s,Samsung,4GB,64GB,Mediatek MT6765 Helio P35,5000.0,6.5,2021,1,4G,Android 11,https://www.gsmarena.com/samsung_galaxy_a03s-10937.php,2026-09-14T18:48:46
Samsung Galaxy A52s 5G,Samsung,4GB,128GB,Qualcomm SM7325 Snapdragon 778G 5G,4500.0,6.5,2021,1,5G,Android 11,https://www.gsmarena.com/samsung_galaxy_a52s_5g-11039.php,2026-09-14T18:49:20
Samsung Galaxy A52s 5G,Samsung,6GB,128GB,Qualcomm SM7325 Snapdragon 778G 5G,4500.0,6.5,2021,1,5G,Android 11,https://www.gsmarena.com/samsung_galaxy_a52s_5g-11039.php,2026-09-14T18:49:20
Samsung Galaxy A52s 5G,Samsung,8GB,128GB,Qualcomm SM7325 Snapdragon 778G 5G,4500.0,6.5,2021,1,5G,Android 11,https://www.gsmarena.com/samsung_galaxy_a52s_5g-11039.php,2026-09-14T18:49:20
Samsung Galaxy A52s 5G,Samsung,6GB,256GB,Qualcomm SM7325 Snapdragon 778G 5G,4500.0,6.5,2021,1,5G,Android 11,https://www.gsmarena.com/samsung_galaxy_a52s_5g-11039.php,2026-09-14T18:49:20
Samsung Galaxy A52s 5G,Samsung,8GB,256GB,Qualcomm SM7325 Snapdragon 778G 5G,4500.0,6.5,2021,1,5G,Android 11,https://www.gsmarena.com/samsung_galaxy_a52s_5g-11039.php,2026-09-14T18:49:20
Samsung Galaxy Z Fold3 5G,Samsung,12GB,256GB,Qualcomm SM8350 Snapdragon 888 5G,4400.0,7.6,2021,1,5G,Android 11,https://www.gsmarena.com/samsung_galaxy_z_fold3_5g-10906.php,2026-09-14T18:49:56
Samsung Galaxy Z Fold3 5G,Samsung,12GB,512GB,Qualcomm SM8350 Snapdragon 888 5G,4400.0,7.6,2021,1,5G,Android 11,https://www.gsmarena.com/samsung_galaxy_z_fold3_5g-10906.php,2026-09-14T18:49:56
Samsung Galaxy Z Flip3 5G,Samsung,8GB,128GB,Qualcomm SM8350 Snapdragon 888 5G,3300.0,6.7,2021,1,5G,Android 11,https://www.gsmarena.com/samsung_galaxy_z_flip3_5g-11044.php,2026-09-14T18:50:30
Samsung Galaxy Z Flip3 5G,Samsung,8GB,256GB,Qualcomm SM8350 Snapdragon 888 5G,3300.0,6.7,2021,1,5G,Android 11,https://www.gsmarena.com/samsung_galaxy_z_flip3_5g-11044.php,2026-09-14T18:50:30
Samsung Galaxy A12 (India),Samsung,4GB,64GB,Exynos 850,5000.0,6.5,2021,0,4G,Android 11,https://www.gsmarena.com/samsung_galaxy_a12_(india)-11087.php,2026-09-14T18:51:01
Samsung Galaxy A12 (India),Samsung,4GB,128GB,Exynos 850,5000.0,6.5,2021,0,4G,Android 11,https://www.gsmarena.com/samsung_galaxy_a12_(india)-11087.php,2026-09-14T18:51:01
Samsung Galaxy A12 (India),Samsung,6GB,128GB,Exynos 850,5000.0,6.5,2021,0,4G,Android 11,https://www.gsmarena.com/samsung_galaxy_a12_(india)-11087.php,2026-09-14T18:51:01
Samsung Galaxy A12 Nacho,Samsung,3GB,32GB,Exynos 850,5000.0,6.5,2021,1,4G,Android 11,https://www.gsmarena.com/samsung_galaxy_a12_nacho-11041.php,2026-09-14T18:51:30
Samsung Galaxy A12 Nacho,Samsung,4GB,32GB,Exynos 850,5000.0,6.5,2021,1,4G,Android 11,https://www.gsmarena.com/samsung_galaxy_a12_nacho-11041.php,2026-09-14T18:51:30
Samsung Galaxy A12 Nacho,Samsung,4GB,64GB,Exynos 850,5000.0,6.5,2021,1,4G,Android 11,https://www.gsmarena.com/samsung_galaxy_a12_nacho-11041.php,2026-09-14T18:51:30
Samsung Galaxy A12 Nacho,Samsung,3GB,128GB,Exynos 850,5000.0,6.5,2021,1,4G,Android 11,https://www.gsmarena.com/samsung_galaxy_a12_nacho-11041.php,2026-09-14T18:51:30
Samsung Galaxy A12 Nacho,Samsung,4GB,128GB,Exynos 850,5000.0,6.5,2021,1,4G,Android 11,https://www.gsmarena.com/samsung_galaxy_a12_nacho-11041.php,2026-09-14T18:51:30
Samsung Galaxy M21 2021,Samsung,4GB,64GB,Exynos 9611,6000.0,6.4,2021,1,4G,Android 11,https://www.gsmarena.com/samsung_galaxy_m21_2021-11015.php,2026-09-14T18:51:59
Samsung Galaxy M21 2021,Samsung,6GB,128GB,Exynos 9611,6000.0,6.4,2021,1,4G,Android 11,https://www.gsmarena.com/samsung_galaxy_m21_2021-11015.php,2026-09-14T18:51:59
Samsung Galaxy F22,Samsung,4GB,64GB,Mediatek MT6769V/CU Helio G80,6000.0,6.4,2021,0,4G,Android 11,https://www.gsmarena.com/samsung_galaxy_f22-10996.php,2026-09-14T18:52:33
Samsung Galaxy F22,Samsung,6GB,128GB,Mediatek MT6769V/CU Helio G80,6000.0,6.4,2021,0,4G,Android 11,https://www.gsmarena.com/samsung_galaxy_f22-10996.php,2026-09-14T18:52:33
Samsung Galaxy M32,Samsung,4GB,64GB,Mediatek MT6769V/CU Helio G80,6000.0,6.4,2021,1,4G,Android 11,https://www.gsmarena.com/samsung_galaxy_m32-10887.php,2026-09-14T18:53:07
Samsung Galaxy M32,Samsung,6GB,128GB,Mediatek MT6769V/CU Helio G80,6000.0,6.4,2021,1,4G,Android 11,https://www.gsmarena.com/samsung_galaxy_m32-10887.php,2026-09-14T18:53:07
Samsung Galaxy M32,Samsung,8GB,128GB,Mediatek MT6769V/CU Helio G80,6000.0,6.4,2021,1,4G,Android 11,https://www.gsmarena.com/samsung_galaxy_m32-10887.php,2026-09-14T18:53:07
Samsung Galaxy A22 5G,Samsung,4GB,64GB,Mediatek Dimensity 700,5000.0,6.6,2021,1,5G,Android 11,https://www.gsmarena.com/samsung_galaxy_a22_5g-10873.php,2026-09-14T18:53:43
Samsung Galaxy A22 5G,Samsung,4GB,128GB,Mediatek Dimensity 700,5000.0,6.6,2021,1,5G,Android 11,https://www.gsmarena.com/samsung_galaxy_a22_5g-10873.php,2026-09-14T18:53:43
Samsung Galaxy A22 5G,Samsung,6GB,128GB,Mediatek Dimensity 700,5000.0,6.6,2021,1,5G,Android 11,https://www.gsmarena.com/samsung_galaxy_a22_5g-10873.php,2026-09-14T18:53:43
Samsung Galaxy A22 5G,Samsung,8GB,128GB,Mediatek Dimensity 700,5000.0,6.6,2021,1,5G,Android 11,https://www.gsmarena.com/samsung_galaxy_a22_5g-10873.php,2026-09-14T18:53:43
Samsung Galaxy A22,Samsung,4GB,64GB,Mediatek MT6769V/CU Helio G80,5000.0,6.4,2021,1,4G,Android 11,https://www.gsmarena.com/samsung_galaxy_a22-10948.php,2026-09-14T18:54:15
Samsung Galaxy A22,Samsung,4GB,128GB,Mediatek MT6769V/CU Helio G80,5000.0,6.4,2021,1,4G,Android 11,https://www.gsmarena.com/samsung_galaxy_a22-10948.php,2026-09-14T18:54:15
Samsung Galaxy A22,Samsung,6GB,128GB,Mediatek MT6769V/CU Helio G80,5000.0,6.4,2021,1,4G,Android 11,https://www.gsmarena.com/samsung_galaxy_a22-10948.php,2026-09-14T18:54:15
Samsung Galaxy F52 5G,Samsung,8GB,128GB,Qualcomm SM7225 Snapdragon 750G 5G,4500.0,6.6,2021,0,5G,Android 11,https://www.gsmarena.com/samsung_galaxy_f52_5g-10900.php,2026-09-14T18:54:42
Samsung Galaxy M42 5G,Samsung,6GB,128GB,Qualcomm SM7225 Snapdragon 750G 5G,5000.0,6.6,2021,1,5G,Android 11,https://www.gsmarena.com/samsung_galaxy_m42_5g-10848.php,2026-09-14T18:55:16
Samsung Galaxy M42 5G,Samsung,8GB,128GB,Qualcomm SM7225 Snapdragon 750G 5G,5000.0,6.6,2021,1,5G,Android 11,https://www.gsmarena.com/samsung_galaxy_m42_5g-10848.php,2026-09-14T18:55:16
Samsung Galaxy M12,Samsung,3GB,32GB,Exynos 850,5000.0,6.5,2021,1,4G,Android 11,https://www.gsmarena.com/samsung_galaxy_m12-10860.php,2026-09-14T18:55:39
Samsung Galaxy M12,Samsung,4GB,32GB,Exynos 850,5000.0,6.5,2021,1,4G,Android 11,https://www.gsmarena.com/samsung_galaxy_m12-10860.php,2026-09-14T18:55:39
Samsung Galaxy M12,Samsung,4GB,64GB,Exynos 850,5000.0,6.5,2021,1,4G,Android 11,https://www.gsmarena.com/samsung_galaxy_m12-10860.php,2026-09-14T18:55:39
Samsung Galaxy M12,Samsung,4GB,128GB,Exynos 850,5000.0,6.5,2021,1,4G,Android 11,https://www.gsmarena.com/samsung_galaxy_m12-10860.php,2026-09-14T18:55:39
Samsung Galaxy F12,Samsung,4GB,64GB,Exynos 850,6000.0,6.5,2021,0,4G,Android 11,https://www.gsmarena.com/samsung_galaxy_f12-10825.php,2026-09-14T18:56:01
Samsung Galaxy F12,Samsung,4GB,128GB,Exynos 850,6000.0,6.5,2021,0,4G,Android 11,https://www.gsmarena.com/samsung_galaxy_f12-10825.php,2026-09-14T18:56:01
Samsung Galaxy F02s,Samsung,3GB,32GB,Qualcomm SDM450 Snapdragon 450,5000.0,6.5,2021,0,4G,Android 10,https://www.gsmarena.com/samsung_galaxy_f02s-10824.php,2026-09-14T18:56:26
Samsung Galaxy F02s,Samsung,4GB,64GB,Qualcomm SDM450 Snapdragon 450,5000.0,6.5,2021,0,4G,Android 10,https://www.gsmarena.com/samsung_galaxy_f02s-10824.php,2026-09-14T18:56:26
Samsung Galaxy A72,Samsung,6GB,128GB,Qualcomm SM7125 Snapdragon 720G,5000.0,6.7,2021,1,4G,Android 11,https://www.gsmarena.com/samsung_galaxy_a72-10469.php,2026-09-14T18:56:56
Samsung Galaxy A72,Samsung,8GB,128GB,Qualcomm SM7125 Snapdragon 720G,5000.0,6.7,2021,1,4G,Android 11,https://www.gsmarena.com/samsung_galaxy_a72-10469.php,2026-09-14T18:56:56
Samsung Galaxy A72,Samsung,6GB,256GB,Qualcomm SM7125 Snapdragon 720G,5000.0,6.7,2021,1,4G,Android 11,https://www.gsmarena.com/samsung_galaxy_a72-10469.php,2026-09-14T18:56:56
Samsung Galaxy A72,Samsung,8GB,256GB,Qualcomm SM7125 Snapdragon 720G,5000.0,6.7,2021,1,4G,Android 11,https://www.gsmarena.com/samsung_galaxy_a72-10469.php,2026-09-14T18:56:56
Samsung Galaxy A52 5G,Samsung,4GB,128GB,Qualcomm SM7225 Snapdragon 750G 5G,4500.0,6.5,2021,1,5G,Android 11,https://www.gsmarena.com/samsung_galaxy_a52_5g-10631.php,2026-09-14T18:57:24
Samsung Galaxy A52 5G,Samsung,6GB,128GB,Qualcomm SM7225 Snapdragon 750G 5G,4500.0,6.5,2021,1,5G,Android 11,https://www.gsmarena.com/samsung_galaxy_a52_5g-10631.php,2026-09-14T18:57:24
Samsung Galaxy A52 5G,Samsung,8GB,128GB,Qualcomm SM7225 Snapdragon 750G 5G,4500.0,6.5,2021,1,5G,Android 11,https://www.gsmarena.com/samsung_galaxy_a52_5g-10631.php,2026-09-14T18:57:24
Samsung Galaxy A52 5G,Samsung,4GB,256GB,Qualcomm SM7225 Snapdragon 750G 5G,4500.0,6.5,2021,1,5G,Android 11,https://www.gsmarena.com/samsung_galaxy_a52_5g-10631.php,2026-09-14T18:57:24
Samsung Galaxy A52 5G,Samsung,8GB,256GB,Qualcomm SM7225 Snapdragon 750G 5G,4500.0,6.5,2021,1,5G,Android 11,https://www.gsmarena.com/samsung_galaxy_a52_5g-10631.php,2026-09-14T18:57:24
Samsung Galaxy A52,Samsung,4GB,128GB,Qualcomm SM7125 Snapdragon 720G,4500.0,6.5,2021,1,4G,Android 11,https://www.gsmarena.com/samsung_galaxy_a52-10641.php,2026-09-14T18:58:02
Samsung Galaxy A52,Samsung,6GB,128GB,Qualcomm SM7125 Snapdragon 720G,4500.0,6.5,2021,1,4G,Android 11,https://www.gsmarena.com/samsung_galaxy_a52-10641.php,2026-09-14T18:58:02
Samsung Galaxy A52,Samsung,8GB,128GB,Qualcomm SM7125 Snapdragon 720G,4500.0,6.5,2021,1,4G,Android 11,https://www.gsmarena.com/samsung_galaxy_a52-10641.php,2026-09-14T18:58:02
Samsung Galaxy A52,Samsung,6GB,256GB,Qualcomm SM7125 Snapdragon 720G,4500.0,6.5,2021,1,4G,Android 11,https://www.gsmarena.com/samsung_galaxy_a52-10641.php,2026-09-14T18:58:02
Samsung Galaxy A52,Samsung,8GB,256GB,Qualcomm SM7125 Snapdragon 720G,4500.0,6.5,2021,1,4G,Android 11,https://www.gsmarena.com/samsung_galaxy_a52-10641.php,2026-09-14T18:58:02
Samsung Galaxy A32,Samsung,4GB,64GB,Mediatek MT6769V/CU Helio G80,5000.0,6.4,2021,1,4G,Android 11,https://www.gsmarena.com/samsung_galaxy_a32-10753.php,2026-09-14T18:58:42
Samsung Galaxy A32,Samsung,6GB,64GB,Mediatek MT6769V/CU Helio G80,5000.0,6.4,2021,1,4G,Android 11,https://www.gsmarena.com/samsung_galaxy_a32-10753.php,2026-09-14T18:58:42
Samsung Galaxy A32,Samsung,4GB,128GB,Mediatek MT6769V/CU Helio G80,5000.0,6.4,2021,1,4G,Android 11,https://www.gsmarena.com/samsung_galaxy_a32-10753.php,2026-09-14T18:58:42
Samsung Galaxy A32,Samsung,6GB,128GB,Mediatek MT6769V/CU Helio G80,5000.0,6.4,2021,1,4G,Android 11,https://www.gsmarena.com/samsung_galaxy_a32-10753.php,2026-09-14T18:58:42
Samsung Galaxy A32,Samsung,8GB,128GB,Mediatek MT6769V/CU Helio G80,5000.0,6.4,2021,1,4G,Android 11,https://www.gsmarena.com/samsung_galaxy_a32-10753.php,2026-09-14T18:58:42
Samsung Galaxy M62,Samsung,8GB,128GB,Exynos 9825,7000.0,6.7,2021,1,4G,Android 11,https://www.gsmarena.com/samsung_galaxy_m62-10749.php,2026-09-14T18:59:21
Samsung Galaxy M62,Samsung,8GB,256GB,Exynos 9825,7000.0,6.7,2021,1,4G,Android 11,https://www.gsmarena.com/samsung_galaxy_m62-10749.php,2026-09-14T18:59:21
Samsung Galaxy F62,Samsung,6GB,128GB,Exynos 9825,7000.0,6.7,2021,1,4G,Android 11,https://www.gsmarena.com/samsung_galaxy_f62-10740.php,2026-09-14T18:59:58
Samsung Galaxy F62,Samsung,8GB,128GB,Exynos 9825,7000.0,6.7,2021,1,4G,Android 11,https://www.gsmarena.com/samsung_galaxy_f62-10740.php,2026-09-14T18:59:58
Samsung Galaxy M12 (India),Samsung,4GB,64GB,Exynos 850,6000.0,6.5,2021,0,4G,Android 11,https://www.gsmarena.com/samsung_galaxy_m12_(india)-10578.php,2026-09-14T19:00:23
Samsung Galaxy M12 (India),Samsung,6GB,128GB,Exynos 850,6000.0,6.5,2021,0,4G,Android 11,https://www.gsmarena.com/samsung_galaxy_m12_(india)-10578.php,2026-09-14T19:00:23
Samsung Galaxy S21 Ultra 5G,Samsung,8GB,128GB,Exynos 2100,5000.0,6.8,2021,1,5G,Android 11,https://www.gsmarena.com/samsung_galaxy_s21_ultra_5g-10596.php,2026-09-14T19:00:53
Samsung Galaxy S21 Ultra 5G,Samsung,12GB,128GB,Exynos 2100,5000.0,6.8,2021,1,5G,Android 11,https://www.gsmarena.com/samsung_galaxy_s21_ultra_5g-10596.php,2026-09-14T19:00:53
Samsung Galaxy S21 Ultra 5G,Samsung,12GB,256GB,Exynos 2100,5000.0,6.8,2021,1,5G,Android 11,https://www.gsmarena.com/samsung_galaxy_s21_ultra_5g-10596.php,2026-09-14T19:00:53
Samsung Galaxy S21 Ultra 5G,Samsung,16GB,256GB,Exynos 2100,5000.0,6.8,2021,1,5G,Android 11,https://www.gsmarena.com/samsung_galaxy_s21_ultra_5g-10596.php,2026-09-14T19:00:53
Samsung Galaxy S21 Ultra 5G,Samsung,12GB,512GB,Exynos 2100,5000.0,6.8,2021,1,5G,Android 11,https://www.gsmarena.com/samsung_galaxy_s21_ultra_5g-10596.php,2026-09-14T19:00:53
Samsung Galaxy S21 Ultra 5G,Samsung,16GB,512GB,Exynos 2100,5000.0,6.8,2021,1,5G,Android 11,https://www.gsmarena.com/samsung_galaxy_s21_ultra_5g-10596.php,2026-09-14T19:00:53
Samsung Galaxy S21+ 5G,Samsung,8GB,128GB,Exynos 2100,4800.0,6.7,2021,1,5G,Android 11,https://www.gsmarena.com/samsung_galaxy_s21+_5g-10625.php,2026-09-14T19:01:22
Samsung Galaxy S21+ 5G,Samsung,8GB,256GB,Exynos 2100,4800.0,6.7,2021,1,5G,Android 11,https://www.gsmarena.com/samsung_galaxy_s21+_5g-10625.php,2026-09-14T19:01:22
Samsung Galaxy S21 5G,Samsung,6GB,128GB,Exynos 2100,4000.0,6.2,2021,1,5G,Android 11,https://www.gsmarena.com/samsung_galaxy_s21_5g-10626.php,2026-09-14T19:01:55
Samsung Galaxy S21 5G,Samsung,8GB,128GB,Exynos 2100,4000.0,6.2,2021,1,5G,Android 11,https://www.gsmarena.com/samsung_galaxy_s21_5g-10626.php,2026-09-14T19:01:55
Samsung Galaxy S21 5G,Samsung,8GB,256GB,Exynos 2100,4000.0,6.2,2021,1,5G,Android 11,https://www.gsmarena.com/samsung_galaxy_s21_5g-10626.php,2026-09-14T19:01:55
Samsung Galaxy A32 5G,Samsung,4GB,64GB,Mediatek Dimensity 720,5000.0,6.5,2021,1,5G,Android 11,https://www.gsmarena.com/samsung_galaxy_a32_5g-10648.php,2026-09-14T19:02:22
Samsung Galaxy A32 5G,Samsung,4GB,128GB,Mediatek Dimensity 720,5000.0,6.5,2021,1,5G,Android 11,https://www.gsmarena.com/samsung_galaxy_a32_5g-10648.php,2026-09-14T19:02:22
Samsung Galaxy A32 5G,Samsung,6GB,128GB,Mediatek Dimensity 720,5000.0,6.5,2021,1,5G,Android 11,https://www.gsmarena.com/samsung_galaxy_a32_5g-10648.php,2026-09-14T19:02:22
Samsung Galaxy A32 5G,Samsung,8GB,128GB,Mediatek Dimensity 720,5000.0,6.5,2021,1,5G,Android 11,https://www.gsmarena.com/samsung_galaxy_a32_5g-10648.php,2026-09-14T19:02:22
Samsung Galaxy M02s,Samsung,3GB,32GB,Qualcomm SDM450 Snapdragon 450,5000.0,6.5,2021,0,4G,Android 10,https://www.gsmarena.com/samsung_galaxy_m02s-10663.php,2026-09-14T19:02:59
Samsung Galaxy M02s,Samsung,4GB,64GB,Qualcomm SDM450 Snapdragon 450,5000.0,6.5,2021,0,4G,Android 10,https://www.gsmarena.com/samsung_galaxy_m02s-10663.php,2026-09-14T19:02:59
Samsung Galaxy A12,Samsung,2GB,32GB,Mediatek MT6765 Helio P35,5000.0,6.5,2020,1,4G,Android 10,https://www.gsmarena.com/samsung_galaxy_a12-10604.php,2026-09-14T19:03:38
Samsung Galaxy A12,Samsung,3GB,32GB,Mediatek MT6765 Helio P35,5000.0,6.5,2020,1,4G,Android 10,https://www.gsmarena.com/samsung_galaxy_a12-10604.php,2026-09-14T19:03:38
Samsung Galaxy A12,Samsung,4GB,32GB,Mediatek MT6765 Helio P35,5000.0,6.5,2020,1,4G,Android 10,https://www.gsmarena.com/samsung_galaxy_a12-10604.php,2026-09-14T19:03:38
Samsung Galaxy A12,Samsung,2GB,64GB,Mediatek MT6765 Helio P35,5000.0,6.5,2020,1,4G,Android 10,https://www.gsmarena.com/samsung_galaxy_a12-10604.php,2026-09-14T19:03:38
Samsung Galaxy A12,Samsung,4GB,64GB,Mediatek MT6765 Helio P35,5000.0,6.5,2020,1,4G,Android 10,https://www.gsmarena.com/samsung_galaxy_a12-10604.php,2026-09-14T19:03:38
Samsung Galaxy A12,Samsung,2GB,128GB,Mediatek MT6765 Helio P35,5000.0,6.5,2020,1,4G,Android 10,https://www.gsmarena.com/samsung_galaxy_a12-10604.php,2026-09-14T19:03:38
Samsung Galaxy A12,Samsung,3GB,128GB,Mediatek MT6765 Helio P35,5000.0,6.5,2020,1,4G,Android 10,https://www.gsmarena.com/samsung_galaxy_a12-10604.php,2026-09-14T19:03:38
Samsung Galaxy A12,Samsung,4GB,128GB,Mediatek MT6765 Helio P35,5000.0,6.5,2020,1,4G,Android 10,https://www.gsmarena.com/samsung_galaxy_a12-10604.php,2026-09-14T19:03:38
Samsung Galaxy A12,Samsung,6GB,128GB,Mediatek MT6765 Helio P35,5000.0,6.5,2020,1,4G,Android 10,https://www.gsmarena.com/samsung_galaxy_a12-10604.php,2026-09-14T19:03:38
Samsung Galaxy M02,Samsung,2GB,32GB,Mediatek MT6739W,5000.0,6.5,2021,0,4G,Android 10,https://www.gsmarena.com/samsung_galaxy_m02-10709.php,2026-09-14T19:04:00
Samsung Galaxy M02,Samsung,3GB,32GB,Mediatek MT6739W,5000.0,6.5,2021,0,4G,Android 10,https://www.gsmarena.com/samsung_galaxy_m02-10709.php,2026-09-14T19:04:00
Samsung Galaxy A02,Samsung,2GB,32GB,Mediatek MT6739W,5000.0,6.5,2021,0,4G,Android 10,https://www.gsmarena.com/samsung_galaxy_a02-10708.php,2026-09-14T19:04:27
Samsung Galaxy A02,Samsung,3GB,32GB,Mediatek MT6739W,5000.0,6.5,2021,0,4G,Android 10,https://www.gsmarena.com/samsung_galaxy_a02-10708.php,2026-09-14T19:04:27
Samsung Galaxy A02,Samsung,4GB,32GB,Mediatek MT6739W,5000.0,6.5,2021,0,4G,Android 10,https://www.gsmarena.com/samsung_galaxy_a02-10708.php,2026-09-14T19:04:27
Samsung Galaxy A02,Samsung,3GB,64GB,Mediatek MT6739W,5000.0,6.5,2021,0,4G,Android 10,https://www.gsmarena.com/samsung_galaxy_a02-10708.php,2026-09-14T19:04:27
Samsung Galaxy A02s,Samsung,1GB,16GB,Qualcomm SDM450 Snapdragon 450,5000.0,6.5,2020,0,4G,Android 10,https://www.gsmarena.com/samsung_galaxy_a02s-10603.php,2026-09-14T19:04:58
Samsung Galaxy A02s,Samsung,2GB,32GB,Qualcomm SDM450 Snapdragon 450,5000.0,6.5,2020,0,4G,Android 10,https://www.gsmarena.com/samsung_galaxy_a02s-10603.php,2026-09-14T19:04:58
Samsung Galaxy A02s,Samsung,3GB,32GB,Qualcomm SDM450 Snapdragon 450,5000.0,6.5,2020,0,4G,Android 10,https://www.gsmarena.com/samsung_galaxy_a02s-10603.php,2026-09-14T19:04:58
Samsung Galaxy A02s,Samsung,4GB,32GB,Qualcomm SDM450 Snapdragon 450,5000.0,6.5,2020,0,4G,Android 10,https://www.gsmarena.com/samsung_galaxy_a02s-10603.php,2026-09-14T19:04:58
Samsung Galaxy A02s,Samsung,3GB,64GB,Qualcomm SDM450 Snapdragon 450,5000.0,6.5,2020,0,4G,Android 10,https://www.gsmarena.com/samsung_galaxy_a02s-10603.php,2026-09-14T19:04:58
Samsung Galaxy A02s,Samsung,4GB,64GB,Qualcomm SDM450 Snapdragon 450,5000.0,6.5,2020,0,4G,Android 10,https://www.gsmarena.com/samsung_galaxy_a02s-10603.php,2026-09-14T19:04:58
Samsung Galaxy M21s,Samsung,4GB,64GB,Exynos 9611,6000.0,6.4,2020,0,4G,Android 10,https://www.gsmarena.com/samsung_galaxy_m21s-10580.php,2026-09-14T19:05:22
Samsung Galaxy M21s,Samsung,6GB,128GB,Exynos 9611,6000.0,6.4,2020,0,4G,Android 10,https://www.gsmarena.com/samsung_galaxy_m21s-10580.php,2026-09-14T19:05:22
Samsung Galaxy M31 Prime,Samsung,6GB,64GB,Exynos 9611,6000.0,6.4,2020,0,4G,Android 10,https://www.gsmarena.com/samsung_galaxy_m31_prime-10496.php,2026-09-14T19:05:46
Samsung Galaxy M31 Prime,Samsung,6GB,128GB,Exynos 9611,6000.0,6.4,2020,0,4G,Android 10,https://www.gsmarena.com/samsung_galaxy_m31_prime-10496.php,2026-09-14T19:05:46
Samsung Galaxy F41,Samsung,6GB,64GB,Exynos 9611,6000.0,6.4,2020,0,4G,Android 10,https://www.gsmarena.com/samsung_galaxy_f41-10498.php,2026-09-14T19:06:14
Samsung Galaxy F41,Samsung,6GB,128GB,Exynos 9611,6000.0,6.4,2020,0,4G,Android 10,https://www.gsmarena.com/samsung_galaxy_f41-10498.php,2026-09-14T19:06:14
Samsung Galaxy S20 FE 5G,Samsung,6GB,128GB,Qualcomm SM8250 Snapdragon 865 5G,4500.0,6.5,2020,1,5G,Android 10,https://www.gsmarena.com/samsung_galaxy_s20_fe_5g-10377.php,2026-09-14T19:06:36
Samsung Galaxy S20 FE 5G,Samsung,8GB,128GB,Qualcomm SM8250 Snapdragon 865 5G,4500.0,6.5,2020,1,5G,Android 10,https://www.gsmarena.com/samsung_galaxy_s20_fe_5g-10377.php,2026-09-14T19:06:36
Samsung Galaxy S20 FE 5G,Samsung,6GB,256GB,Qualcomm SM8250 Snapdragon 865 5G,4500.0,6.5,2020,1,5G,Android 10,https://www.gsmarena.com/samsung_galaxy_s20_fe_5g-10377.php,2026-09-14T19:06:36
Samsung Galaxy S20 FE 5G,Samsung,8GB,256GB,Qualcomm SM8250 Snapdragon 865 5G,4500.0,6.5,2020,1,5G,Android 10,https://www.gsmarena.com/samsung_galaxy_s20_fe_5g-10377.php,2026-09-14T19:06:36
Samsung Galaxy S20 FE,Samsung,6GB,128GB,Exynos 990,4500.0,6.5,2020,1,4G,Android 10,https://www.gsmarena.com/samsung_galaxy_s20_fe-10428.php,2026-09-14T19:07:11
Samsung Galaxy S20 FE,Samsung,8GB,128GB,Exynos 990,4500.0,6.5,2020,1,4G,Android 10,https://www.gsmarena.com/samsung_galaxy_s20_fe-10428.php,2026-09-14T19:07:11
Samsung Galaxy S20 FE,Samsung,6GB,256GB,Exynos 990,4500.0,6.5,2020,1,4G,Android 10,https://www.gsmarena.com/samsung_galaxy_s20_fe-10428.php,2026-09-14T19:07:11
Samsung Galaxy S20 FE,Samsung,8GB,256GB,Exynos 990,4500.0,6.5,2020,1,4G,Android 10,https://www.gsmarena.com/samsung_galaxy_s20_fe-10428.php,2026-09-14T19:07:11
Samsung Galaxy A42 5G,Samsung,4GB,128GB,Qualcomm SM7225 Snapdragon 750 5G,5000.0,6.6,2020,1,5G,Android 10,https://www.gsmarena.com/samsung_galaxy_a42_5g-10412.php,2026-09-14T19:07:43
Samsung Galaxy A42 5G,Samsung,6GB,128GB,Qualcomm SM7225 Snapdragon 750 5G,5000.0,6.6,2020,1,5G,Android 10,https://www.gsmarena.com/samsung_galaxy_a42_5g-10412.php,2026-09-14T19:07:43
Samsung Galaxy A42 5G,Samsung,8GB,128GB,Qualcomm SM7225 Snapdragon 750 5G,5000.0,6.6,2020,1,5G,Android 10,https://www.gsmarena.com/samsung_galaxy_a42_5g-10412.php,2026-09-14T19:07:43
Samsung Galaxy M51,Samsung,6GB,128GB,Qualcomm SDM730 Snapdragon 730G,7000.0,6.7,2020,1,4G,Android 10,https://www.gsmarena.com/samsung_galaxy_m51-10148.php,2026-09-14T19:08:15
Samsung Galaxy M51,Samsung,8GB,128GB,Qualcomm SDM730 Snapdragon 730G,7000.0,6.7,2020,1,4G,Android 10,https://www.gsmarena.com/samsung_galaxy_m51-10148.php,2026-09-14T19:08:15
Samsung Galaxy A51 5G UW,Samsung,6GB,128GB,Qualcomm SM7250 Snapdragon 765G 5G,4500.0,6.5,2020,1,5G,Android 10,https://www.gsmarena.com/samsung_galaxy_a51_5g_uw-10371.php,2026-09-14T19:08:50
Samsung Galaxy Z Fold2 5G,Samsung,12GB,256GB,Qualcomm SM8250 Snapdragon 865 5G+,4500.0,7.6,2020,1,5G,Android 10,https://www.gsmarena.com/samsung_galaxy_z_fold2_5g-10342.php,2026-09-14T19:09:30
Samsung Galaxy Z Fold2 5G,Samsung,12GB,512GB,Qualcomm SM8250 Snapdragon 865 5G+,4500.0,7.6,2020,1,5G,Android 10,https://www.gsmarena.com/samsung_galaxy_z_fold2_5g-10342.php,2026-09-14T19:09:30
Samsung Galaxy Note20 Ultra 5G,Samsung,6GB,128GB,Exynos 990,4500.0,6.9,2020,1,5G,Android 10,https://www.gsmarena.com/samsung_galaxy_note20_ultra_5g-10261.php,2026-09-14T19:10:09
Samsung Galaxy Note20 Ultra 5G,Samsung,8GB,128GB,Exynos 990,4500.0,6.9,2020,1,5G,Android 10,https://www.gsmarena.com/samsung_galaxy_note20_ultra_5g-10261.php,2026-09-14T19:10:09
Samsung Galaxy Note20 Ultra 5G,Samsung,12GB,128GB,Exynos 990,4500.0,6.9,2020,1,5G,Android 10,https://www.gsmarena.com/samsung_galaxy_note20_ultra_5g-10261.php,2026-09-14T19:10:09
Samsung Galaxy Note20 Ultra 5G,Samsung,8GB,256GB,Exynos 990,4500.0,6.9,2020,1,5G,Android 10,https://www.gsmarena.com/samsung_galaxy_note20_ultra_5g-10261.php,2026-09-14T19:10:09
Samsung Galaxy Note20 Ultra 5G,Samsung,12GB,256GB,Exynos 990,4500.0,6.9,2020,1,5G,Android 10,https://www.gsmarena.com/samsung_galaxy_note20_ultra_5g-10261.php,2026-09-14T19:10:09
Samsung Galaxy Note20 Ultra 5G,Samsung,12GB,512GB,Exynos 990,4500.0,6.9,2020,1,5G,Android 10,https://www.gsmarena.com/samsung_galaxy_note20_ultra_5g-10261.php,2026-09-14T19:10:09
Samsung Galaxy Note20 Ultra,Samsung,8GB,256GB,Exynos 990,4500.0,6.9,2020,1,4G,Android 10,https://www.gsmarena.com/samsung_galaxy_note20_ultra-10355.php,2026-09-14T19:10:36
Samsung Galaxy Note20 Ultra,Samsung,12GB,256GB,Exynos 990,4500.0,6.9,2020,1,4G,Android 10,https://www.gsmarena.com/samsung_galaxy_note20_ultra-10355.php,2026-09-14T19:10:36
Samsung Galaxy Note20 Ultra,Samsung,8GB,512GB,Exynos 990,4500.0,6.9,2020,1,4G,Android 10,https://www.gsmarena.com/samsung_galaxy_note20_ultra-10355.php,2026-09-14T19:10:36
Samsung Galaxy Note20 Ultra,Samsung,12GB,512GB,Exynos 990,4500.0,6.9,2020,1,4G,Android 10,https://www.gsmarena.com/samsung_galaxy_note20_ultra-10355.php,2026-09-14T19:10:36
Samsung Galaxy Note20 5G,Samsung,8GB,128GB,Exynos 990,4300.0,6.7,2020,1,5G,Android 10,https://www.gsmarena.com/samsung_galaxy_note20_5g-10325.php,2026-09-14T19:11:11
Samsung Galaxy Note20 5G,Samsung,8GB,256GB,Exynos 990,4300.0,6.7,2020,1,5G,Android 10,https://www.gsmarena.com/samsung_galaxy_note20_5g-10325.php,2026-09-14T19:11:11
Samsung Galaxy Note20,Samsung,8GB,256GB,Exynos 990,4300.0,6.7,2020,1,4G,Android 10,https://www.gsmarena.com/samsung_galaxy_note20-10338.php,2026-09-14T19:11:34
Samsung Galaxy Z Flip 5G,Samsung,8GB,256GB,Qualcomm SM8250 Snapdragon 865 5G+,3300.0,6.7,2020,1,5G,Android 10,https://www.gsmarena.com/samsung_galaxy_z_flip_5g-10244.php,2026-09-14T19:12:11
Samsung Galaxy M31s,Samsung,6GB,128GB,Exynos 9611,6000.0,6.5,2020,1,4G,Android 10,https://www.gsmarena.com/samsung_galaxy_m31s-10333.php,2026-09-14T19:12:33
Samsung Galaxy M31s,Samsung,8GB,128GB,Exynos 9611,6000.0,6.5,2020,1,4G,Android 10,https://www.gsmarena.com/samsung_galaxy_m31s-10333.php,2026-09-14T19:12:33
Samsung Galaxy M01s,Samsung,3GB,32GB,Mediatek MT6762 Helio P22,4000.0,6.2,2020,0,4G,Android 9.0 (Pie),https://www.gsmarena.com/samsung_galaxy_m01s-10335.php,2026-09-14T19:13:01
Samsung Galaxy M01 Core,Samsung,1GB,16GB,Mediatek MT6739,3000.0,5.3,2020,0,4G,Android 10 (Go edition),https://www.gsmarena.com/samsung_galaxy_m01_core-10316.php,2026-09-14T19:13:37
Samsung Galaxy M01 Core,Samsung,2GB,32GB,Mediatek MT6739,3000.0,5.3,2020,0,4G,Android 10 (Go edition),https://www.gsmarena.com/samsung_galaxy_m01_core-10316.php,2026-09-14T19:13:37
Samsung Galaxy A01 Core,Samsung,1GB,16GB,Mediatek MT6739,3000.0,5.3,2020,0,4G,Android 10 (Go edition),https://www.gsmarena.com/samsung_galaxy_a01_core-10314.php,2026-09-14T19:14:14
Samsung Galaxy A01 Core,Samsung,2GB,16GB,Mediatek MT6739,3000.0,5.3,2020,0,4G,Android 10 (Go edition),https://www.gsmarena.com/samsung_galaxy_a01_core-10314.php,2026-09-14T19:14:14
Samsung Galaxy A01 Core,Samsung,2GB,32GB,Mediatek MT6739,3000.0,5.3,2020,0,4G,Android 10 (Go edition),https://www.gsmarena.com/samsung_galaxy_a01_core-10314.php,2026-09-14T19:14:14
Samsung Galaxy A71 5G UW,Samsung,8GB,128GB,Qualcomm SM7250 Snapdragon 765G 5G,4500.0,6.7,2020,0,5G,Android 10,https://www.gsmarena.com/samsung_galaxy_a71_5g_uw-10276.php,2026-09-14T19:14:38
Samsung Galaxy M01,Samsung,3GB,32GB,Qualcomm SDM439 Snapdragon 439,4000.0,5.7,2020,0,4G,Android 10,https://www.gsmarena.com/samsung_galaxy_m01-10216.php,2026-09-14T19:15:19
Samsung Galaxy A21s,Samsung,2GB,32GB,Exynos 850,5000.0,6.5,2020,1,4G,Android 10,https://www.gsmarena.com/samsung_galaxy_a21s-10239.php,2026-09-14T19:15:42
Samsung Galaxy A21s,Samsung,3GB,32GB,Exynos 850,5000.0,6.5,2020,1,4G,Android 10,https://www.gsmarena.com/samsung_galaxy_a21s-10239.php,2026-09-14T19:15:42
Samsung Galaxy A21s,Samsung,4GB,32GB,Exynos 850,5000.0,6.5,2020,1,4G,Android 10,https://www.gsmarena.com/samsung_galaxy_a21s-10239.php,2026-09-14T19:15:42
Samsung Galaxy A21s,Samsung,3GB,64GB,Exynos 850,5000.0,6.5,2020,1,4G,Android 10,https://www.gsmarena.com/samsung_galaxy_a21s-10239.php,2026-09-14T19:15:42
Samsung Galaxy A21s,Samsung,4GB,64GB,Exynos 850,5000.0,6.5,2020,1,4G,Android 10,https://www.gsmarena.com/samsung_galaxy_a21s-10239.php,2026-09-14T19:15:42
Samsung Galaxy A21s,Samsung,6GB,64GB,Exynos 850,5000.0,6.5,2020,1,4G,Android 10,https://www.gsmarena.com/samsung_galaxy_a21s-10239.php,2026-09-14T19:15:42
Samsung Galaxy A21s,Samsung,2GB,128GB,Exynos 850,5000.0,6.5,2020,1,4G,Android 10,https://www.gsmarena.com/samsung_galaxy_a21s-10239.php,2026-09-14T19:15:42
Samsung Galaxy A21s,Samsung,3GB,128GB,Exynos 850,5000.0,6.5,2020,1,4G,Android 10,https://www.gsmarena.com/samsung_galaxy_a21s-10239.php,2026-09-14T19:15:42
Samsung Galaxy J2 Core (2020),Samsung,1GB,16GB,Qualcomm MSM8917 Snapdragon 425,2600.0,5.0,2020,0,4G,Android 8.1 Oreo (Go edition),https://www.gsmarena.com/samsung_galaxy_j2_core_(2020)-10208.php,2026-09-14T19:16:14
Samsung Galaxy A Quantum,Samsung,8GB,128GB,Exynos 980,4500.0,6.7,2020,1,5G,Android 10,https://www.gsmarena.com/samsung_galaxy_a_quantum-10243.php,2026-09-14T19:16:49
Samsung Galaxy A71 5G,Samsung,6GB,128GB,Exynos 980,4500.0,6.7,2020,1,5G,Android 10,https://www.gsmarena.com/samsung_galaxy_a71_5g-10146.php,2026-09-14T19:17:18
Samsung Galaxy A71 5G,Samsung,8GB,128GB,Exynos 980,4500.0,6.7,2020,1,5G,Android 10,https://www.gsmarena.com/samsung_galaxy_a71_5g-10146.php,2026-09-14T19:17:18
Samsung Galaxy A51 5G,Samsung,4GB,128GB,Exynos 980,4500.0,6.5,2020,1,5G,Android 10,https://www.gsmarena.com/samsung_galaxy_a51_5g-10157.php,2026-09-14T19:17:51
Samsung Galaxy A51 5G,Samsung,6GB,128GB,Exynos 980,4500.0,6.5,2020,1,5G,Android 10,https://www.gsmarena.com/samsung_galaxy_a51_5g-10157.php,2026-09-14T19:17:51
Samsung Galaxy A51 5G,Samsung,8GB,128GB,Exynos 980,4500.0,6.5,2020,1,5G,Android 10,https://www.gsmarena.com/samsung_galaxy_a51_5g-10157.php,2026-09-14T19:17:51
Samsung Galaxy A21,Samsung,3GB,32GB,Mediatek MT6765 Helio P35,4000.0,6.5,2020,1,4G,Android 10,https://www.gsmarena.com/samsung_galaxy_a21-10172.php,2026-09-14T19:18:23
Samsung Galaxy M11,Samsung,3GB,32GB,Qualcomm SDM450 Snapdragon 450,5000.0,6.4,2020,0,4G,Android 10,https://www.gsmarena.com/samsung_galaxy_m11-10124.php,2026-09-14T19:18:59
Samsung Galaxy M11,Samsung,4GB,64GB,Qualcomm SDM450 Snapdragon 450,5000.0,6.4,2020,0,4G,Android 10,https://www.gsmarena.com/samsung_galaxy_m11-10124.php,2026-09-14T19:18:59
Samsung Galaxy A31,Samsung,4GB,64GB,Mediatek MT6768 Helio P65,5000.0,6.4,2020,1,4G,Android 10,https://www.gsmarena.com/samsung_galaxy_a31-10149.php,2026-09-14T19:19:35
Samsung Galaxy A31,Samsung,4GB,128GB,Mediatek MT6768 Helio P65,5000.0,6.4,2020,1,4G,Android 10,https://www.gsmarena.com/samsung_galaxy_a31-10149.php,2026-09-14T19:19:35
Samsung Galaxy A31,Samsung,6GB,128GB,Mediatek MT6768 Helio P65,5000.0,6.4,2020,1,4G,Android 10,https://www.gsmarena.com/samsung_galaxy_a31-10149.php,2026-09-14T19:19:35
Samsung Galaxy A31,Samsung,8GB,128GB,Mediatek MT6768 Helio P65,5000.0,6.4,2020,1,4G,Android 10,https://www.gsmarena.com/samsung_galaxy_a31-10149.php,2026-09-14T19:19:35
Samsung Galaxy A41,Samsung,4GB,64GB,Mediatek MT6768 Helio P65,3500.0,6.1,2020,1,4G,Android 10,https://www.gsmarena.com/samsung_galaxy_a41-10138.php,2026-09-14T19:20:12
Samsung Galaxy A41,Samsung,8GB,64GB,Mediatek MT6768 Helio P65,3500.0,6.1,2020,1,4G,Android 10,https://www.gsmarena.com/samsung_galaxy_a41-10138.php,2026-09-14T19:20:12
Samsung Galaxy M21,Samsung,4GB,64GB,Exynos 9611,6000.0,6.4,2020,1,4G,Android 10,https://www.gsmarena.com/samsung_galaxy_m21-10111.php,2026-09-14T19:20:39
Samsung Galaxy M21,Samsung,6GB,128GB,Exynos 9611,6000.0,6.4,2020,1,4G,Android 10,https://www.gsmarena.com/samsung_galaxy_m21-10111.php,2026-09-14T19:20:39
Samsung Galaxy A11,Samsung,2GB,32GB,Qualcomm SDM450 Snapdragon 450,4000.0,6.4,2020,0,4G,Android 10,https://www.gsmarena.com/samsung_galaxy_a11-10132.php,2026-09-14T19:21:02
Samsung Galaxy A11,Samsung,3GB,32GB,Qualcomm SDM450 Snapdragon 450,4000.0,6.4,2020,0,4G,Android 10,https://www.gsmarena.com/samsung_galaxy_a11-10132.php,2026-09-14T19:21:02
Samsung Galaxy A11,Samsung,3GB,64GB,Qualcomm SDM450 Snapdragon 450,4000.0,6.4,2020,0,4G,Android 10,https://www.gsmarena.com/samsung_galaxy_a11-10132.php,2026-09-14T19:21:02
Samsung Galaxy A11,Samsung,4GB,64GB,Qualcomm SDM450 Snapdragon 450,4000.0,6.4,2020,0,4G,Android 10,https://www.gsmarena.com/samsung_galaxy_a11-10132.php,2026-09-14T19:21:02
Samsung Galaxy M31,Samsung,6GB,64GB,Exynos 9611,6000.0,6.4,2020,1,4G,Android 10,https://www.gsmarena.com/samsung_galaxy_m31-10079.php,2026-09-14T19:21:32
Samsung Galaxy M31,Samsung,6GB,128GB,Exynos 9611,6000.0,6.4,2020,1,4G,Android 10,https://www.gsmarena.com/samsung_galaxy_m31-10079.php,2026-09-14T19:21:32
Samsung Galaxy M31,Samsung,8GB,128GB,Exynos 9611,6000.0,6.4,2020,1,4G,Android 10,https://www.gsmarena.com/samsung_galaxy_m31-10079.php,2026-09-14T19:21:32
Samsung Galaxy S20 Ultra 5G,Samsung,12GB,128GB,Exynos 990,5000.0,6.9,2020,1,5G,Android 10,https://www.gsmarena.com/samsung_galaxy_s20_ultra_5g-10040.php,2026-09-14T19:21:58
Samsung Galaxy S20 Ultra 5G,Samsung,12GB,256GB,Exynos 990,5000.0,6.9,2020,1,5G,Android 10,https://www.gsmarena.com/samsung_galaxy_s20_ultra_5g-10040.php,2026-09-14T19:21:58
Samsung Galaxy S20 Ultra 5G,Samsung,16GB,512GB,Exynos 990,5000.0,6.9,2020,1,5G,Android 10,https://www.gsmarena.com/samsung_galaxy_s20_ultra_5g-10040.php,2026-09-14T19:21:58
Samsung Galaxy S20 Ultra,Samsung,12GB,128GB,Exynos 990,5000.0,6.9,2020,1,4G,Android 10,https://www.gsmarena.com/samsung_galaxy_s20_ultra-10084.php,2026-09-14T19:22:22
Samsung Galaxy S20 Ultra,Samsung,16GB,512GB,Exynos 990,5000.0,6.9,2020,1,4G,Android 10,https://www.gsmarena.com/samsung_galaxy_s20_ultra-10084.php,2026-09-14T19:22:22
Samsung Galaxy S20+ 5G,Samsung,8GB,128GB,Exynos 990,4500.0,6.7,2020,1,5G,Android 10,https://www.gsmarena.com/samsung_galaxy_s20+_5g-10041.php,2026-09-14T19:22:46
Samsung Galaxy S20+ 5G,Samsung,12GB,128GB,Exynos 990,4500.0,6.7,2020,1,5G,Android 10,https://www.gsmarena.com/samsung_galaxy_s20+_5g-10041.php,2026-09-14T19:22:46
Samsung Galaxy S20+ 5G,Samsung,12GB,256GB,Exynos 990,4500.0,6.7,2020,1,5G,Android 10,https://www.gsmarena.com/samsung_galaxy_s20+_5g-10041.php,2026-09-14T19:22:46
Samsung Galaxy S20+ 5G,Samsung,12GB,512GB,Exynos 990,4500.0,6.7,2020,1,5G,Android 10,https://www.gsmarena.com/samsung_galaxy_s20+_5g-10041.php,2026-09-14T19:22:46
Samsung Galaxy S20+,Samsung,8GB,128GB,Exynos 990,4500.0,6.7,2020,1,4G,Android 10,https://www.gsmarena.com/samsung_galaxy_s20+-10080.php,2026-09-14T19:23:22
Samsung Galaxy S20 5G UW,Samsung,8GB,128GB,Qualcomm SM8250 Snapdragon 865 5G,4000.0,6.2,2020,1,5G,Android 10,https://www.gsmarena.com/samsung_galaxy_s20_5g_uw-10254.php,2026-09-14T19:23:50
Samsung Galaxy S20 5G,Samsung,8GB,128GB,Exynos 990,4000.0,6.2,2020,1,5G,Android 10,https://www.gsmarena.com/samsung_galaxy_s20_5g-10044.php,2026-09-14T19:24:16
Samsung Galaxy S20 5G,Samsung,12GB,128GB,Exynos 990,4000.0,6.2,2020,1,5G,Android 10,https://www.gsmarena.com/samsung_galaxy_s20_5g-10044.php,2026-09-14T19:24:16
Samsung Galaxy S20,Samsung,8GB,128GB,Exynos 990,4000.0,6.2,2020,1,4G,Android 10,https://www.gsmarena.com/samsung_galaxy_s20-10081.php,2026-09-14T19:24:51
Samsung Galaxy Z Flip,Samsung,8GB,256GB,Qualcomm SM8150 Snapdragon 855+,3300.0,6.7,2020,1,4G,Android 10,https://www.gsmarena.com/samsung_galaxy_z_flip-10054.php,2026-09-14T19:25:30
Samsung Galaxy Note10 Lite,Samsung,6GB,128GB,Exynos 9810,4500.0,6.7,2020,1,4G,Android 10,https://www.gsmarena.com/samsung_galaxy_note10_lite-10003.php,2026-09-14T19:26:10
Samsung Galaxy Note10 Lite,Samsung,8GB,128GB,Exynos 9810,4500.0,6.7,2020,1,4G,Android 10,https://www.gsmarena.com/samsung_galaxy_note10_lite-10003.php,2026-09-14T19:26:10
Samsung Galaxy S10 Lite,Samsung,6GB,128GB,Qualcomm SM8150 Snapdragon 855,4500.0,6.7,2020,1,4G,Android 10,https://www.gsmarena.com/samsung_galaxy_s10_lite-9917.php,2026-09-14T19:26:43
Samsung Galaxy S10 Lite,Samsung,8GB,128GB,Qualcomm SM8150 Snapdragon 855,4500.0,6.7,2020,1,4G,Android 10,https://www.gsmarena.com/samsung_galaxy_s10_lite-9917.php,2026-09-14T19:26:43
Samsung Galaxy S10 Lite,Samsung,8GB,512GB,Qualcomm SM8150 Snapdragon 855,4500.0,6.7,2020,1,4G,Android 10,https://www.gsmarena.com/samsung_galaxy_s10_lite-9917.php,2026-09-14T19:26:43
Samsung Galaxy A01,Samsung,2GB,16GB,Qualcomm SDM439 Snapdragon 439,3000.0,5.7,2019,0,4G,Android 10,https://www.gsmarena.com/samsung_galaxy_a01-9999.php,2026-09-14T19:27:21
Samsung Galaxy A01,Samsung,2GB,32GB,Qualcomm SDM439 Snapdragon 439,3000.0,5.7,2019,0,4G,Android 10,https://www.gsmarena.com/samsung_galaxy_a01-9999.php,2026-09-14T19:27:21
Samsung Galaxy A71,Samsung,6GB,128GB,Qualcomm SDM730 Snapdragon 730,4500.0,6.7,2019,1,4G,Android 10,https://www.gsmarena.com/samsung_galaxy_a71-9995.php,2026-09-14T19:27:53
Samsung Galaxy A71,Samsung,8GB,128GB,Qualcomm SDM730 Snapdragon 730,4500.0,6.7,2019,1,4G,Android 10,https://www.gsmarena.com/samsung_galaxy_a71-9995.php,2026-09-14T19:27:53
Samsung Galaxy A51,Samsung,4GB,64GB,Exynos 9611,4000.0,6.5,2019,1,4G,Android 10,https://www.gsmarena.com/samsung_galaxy_a51-9963.php,2026-09-14T19:28:25
Samsung Galaxy A51,Samsung,6GB,64GB,Exynos 9611,4000.0,6.5,2019,1,4G,Android 10,https://www.gsmarena.com/samsung_galaxy_a51-9963.php,2026-09-14T19:28:25
Samsung Galaxy A51,Samsung,4GB,128GB,Exynos 9611,4000.0,6.5,2019,1,4G,Android 10,https://www.gsmarena.com/samsung_galaxy_a51-9963.php,2026-09-14T19:28:25
Samsung Galaxy A51,Samsung,6GB,128GB,Exynos 9611,4000.0,6.5,2019,1,4G,Android 10,https://www.gsmarena.com/samsung_galaxy_a51-9963.php,2026-09-14T19:28:25
Samsung Galaxy A51,Samsung,8GB,128GB,Exynos 9611,4000.0,6.5,2019,1,4G,Android 10,https://www.gsmarena.com/samsung_galaxy_a51-9963.php,2026-09-14T19:28:25
Samsung Galaxy A51,Samsung,6GB,256GB,Exynos 9611,4000.0,6.5,2019,1,4G,Android 10,https://www.gsmarena.com/samsung_galaxy_a51-9963.php,2026-09-14T19:28:25
Samsung Galaxy A51,Samsung,8GB,256GB,Exynos 9611,4000.0,6.5,2019,1,4G,Android 10,https://www.gsmarena.com/samsung_galaxy_a51-9963.php,2026-09-14T19:28:25
Samsung Galaxy A70s,Samsung,6GB,128GB,Qualcomm SDM675 Snapdragon 675,4500.0,6.7,2019,1,4G,Android 9.0 (Pie),https://www.gsmarena.com/samsung_galaxy_a70s-9899.php,2026-09-14T19:28:57
Samsung Galaxy A70s,Samsung,8GB,128GB,Qualcomm SDM675 Snapdragon 675,4500.0,6.7,2019,1,4G,Android 9.0 (Pie),https://www.gsmarena.com/samsung_galaxy_a70s-9899.php,2026-09-14T19:28:57
Samsung Galaxy A20s,Samsung,2GB,32GB,Qualcomm SDM450 Snapdragon 450,4000.0,6.5,2019,0,4G,Android 9.0 (Pie),https://www.gsmarena.com/samsung_galaxy_a20s-9852.php,2026-09-14T19:29:31
Samsung Galaxy A20s,Samsung,3GB,32GB,Qualcomm SDM450 Snapdragon 450,4000.0,6.5,2019,0,4G,Android 9.0 (Pie),https://www.gsmarena.com/samsung_galaxy_a20s-9852.php,2026-09-14T19:29:31
Samsung Galaxy A20s,Samsung,4GB,64GB,Qualcomm SDM450 Snapdragon 450,4000.0,6.5,2019,0,4G,Android 9.0 (Pie),https://www.gsmarena.com/samsung_galaxy_a20s-9852.php,2026-09-14T19:29:31
Samsung Galaxy M30s,Samsung,4GB,64GB,Exynos 9611,6000.0,6.4,2019,1,4G,Android 9.0 (Pie),https://www.gsmarena.com/samsung_galaxy_m30s-9818.php,2026-09-14T19:30:05
Samsung Galaxy M30s,Samsung,4GB,128GB,Exynos 9611,6000.0,6.4,2019,1,4G,Android 9.0 (Pie),https://www.gsmarena.com/samsung_galaxy_m30s-9818.php,2026-09-14T19:30:05
Samsung Galaxy M30s,Samsung,6GB,128GB,Exynos 9611,6000.0,6.4,2019,1,4G,Android 9.0 (Pie),https://www.gsmarena.com/samsung_galaxy_m30s-9818.php,2026-09-14T19:30:05
Samsung Galaxy M10s,Samsung,3GB,32GB,Exynos 7884B,4000.0,6.4,2019,0,4G,Android 9.0 (Pie),https://www.gsmarena.com/samsung_galaxy_m10s-9861.php,2026-09-14T19:30:45
Samsung Galaxy Fold 5G,Samsung,12GB,512GB,Qualcomm SM8150 Snapdragon 855,4235.0,7.3,2019,1,5G,Android 9.0 (Pie),https://www.gsmarena.com/samsung_galaxy_fold_5g-9851.php,2026-09-14T19:31:22
Samsung Galaxy Fold,Samsung,12GB,512GB,Qualcomm SM8150 Snapdragon 855,4380.0,7.3,2019,1,4G,Android 9.0 (Pie),https://www.gsmarena.com/samsung_galaxy_fold-9523.php,2026-09-14T19:31:57
Samsung Galaxy A90 5G,Samsung,6GB,128GB,Qualcomm SM8150 Snapdragon 855,4500.0,6.7,2019,1,5G,Android 9.0 (Pie),https://www.gsmarena.com/samsung_galaxy_a90_5g-9795.php,2026-09-14T19:32:20
Samsung Galaxy A90 5G,Samsung,8GB,128GB,Qualcomm SM8150 Snapdragon 855,4500.0,6.7,2019,1,5G,Android 9.0 (Pie),https://www.gsmarena.com/samsung_galaxy_a90_5g-9795.php,2026-09-14T19:32:20
Samsung Galaxy A30s,Samsung,3GB,32GB,Exynos 7904,4000.0,6.4,2019,1,4G,Android 9.0 (Pie),https://www.gsmarena.com/samsung_galaxy_a30s-9796.php,2026-09-14T19:32:47
Samsung Galaxy A30s,Samsung,4GB,64GB,Exynos 7904,4000.0,6.4,2019,1,4G,Android 9.0 (Pie),https://www.gsmarena.com/samsung_galaxy_a30s-9796.php,2026-09-14T19:32:47
Samsung Galaxy A30s,Samsung,4GB,128GB,Exynos 7904,4000.0,6.4,2019,1,4G,Android 9.0 (Pie),https://www.gsmarena.com/samsung_galaxy_a30s-9796.php,2026-09-14T19:32:47
Samsung Galaxy A50s,Samsung,4GB,64GB,Exynos 9611,4000.0,6.4,2019,1,4G,Android 9.0 (Pie),https://www.gsmarena.com/samsung_galaxy_a50s-9806.php,2026-09-14T19:33:16
Samsung Galaxy A50s,Samsung,4GB,128GB,Exynos 9611,4000.0,6.4,2019,1,4G,Android 9.0 (Pie),https://www.gsmarena.com/samsung_galaxy_a50s-9806.php,2026-09-14T19:33:16
Samsung Galaxy A50s,Samsung,6GB,128GB,Exynos 9611,4000.0,6.4,2019,1,4G,Android 9.0 (Pie),https://www.gsmarena.com/samsung_galaxy_a50s-9806.php,2026-09-14T19:33:16
Samsung Galaxy Note10+ 5G,Samsung,12GB,256GB,Exynos 9825,4300.0,6.8,2019,1,5G,Android 9.0 (Pie),https://www.gsmarena.com/samsung_galaxy_note10+_5g-9787.php,2026-09-14T19:33:47
Samsung Galaxy Note10+ 5G,Samsung,12GB,512GB,Exynos 9825,4300.0,6.8,2019,1,5G,Android 9.0 (Pie),https://www.gsmarena.com/samsung_galaxy_note10+_5g-9787.php,2026-09-14T19:33:47
Samsung Galaxy Note10+,Samsung,12GB,256GB,Exynos 9825,4300.0,6.8,2019,1,4G,Android 9.0 (Pie),https://www.gsmarena.com/samsung_galaxy_note10+-9732.php,2026-09-14T19:34:24
Samsung Galaxy Note10+,Samsung,12GB,512GB,Exynos 9825,4300.0,6.8,2019,1,4G,Android 9.0 (Pie),https://www.gsmarena.com/samsung_galaxy_note10+-9732.php,2026-09-14T19:34:24
Samsung Galaxy Note10 5G,Samsung,12GB,256GB,Exynos 9825,3500.0,6.3,2019,1,5G,Android 9.0 (Pie),https://www.gsmarena.com/samsung_galaxy_note10_5g-9789.php,2026-09-14T19:34:48
Samsung Galaxy Note10,Samsung,8GB,256GB,Exynos 9825,3500.0,6.3,2019,1,4G,Android 9.0 (Pie),https://www.gsmarena.com/samsung_galaxy_note10-9788.php,2026-09-14T19:35:22
Samsung Galaxy A10s,Samsung,2GB,32GB,Mediatek MT6762 Helio P22,4000.0,6.2,2019,0,4G,Android 9.0 (Pie),https://www.gsmarena.com/samsung_galaxy_a10s-9793.php,2026-09-14T19:36:03
Samsung Galaxy A10s,Samsung,3GB,32GB,Mediatek MT6762 Helio P22,4000.0,6.2,2019,0,4G,Android 9.0 (Pie),https://www.gsmarena.com/samsung_galaxy_a10s-9793.php,2026-09-14T19:36:03
Samsung Galaxy A10e,Samsung,2GB,32GB,Exynos 7884,3000.0,5.83,2019,0,4G,Android 9.0 (Pie),https://www.gsmarena.com/samsung_galaxy_a10e-9790.php,2026-09-14T19:36:26
Samsung Galaxy A10e,Samsung,3GB,32GB,Exynos 7884,3000.0,5.83,2019,0,4G,Android 9.0 (Pie),https://www.gsmarena.com/samsung_galaxy_a10e-9790.php,2026-09-14T19:36:26
Samsung Galaxy A2 Core,Samsung,1GB,8GB,Exynos 7870 Octa,2600.0,5.0,2019,0,4G,Android 8.0 Oreo (Go edition),https://www.gsmarena.com/samsung_galaxy_a2_core-9636.php,2026-09-14T19:36:56
Samsung Galaxy A2 Core,Samsung,1GB,16GB,Exynos 7870 Octa,2600.0,5.0,2019,0,4G,Android 8.0 Oreo (Go edition),https://www.gsmarena.com/samsung_galaxy_a2_core-9636.php,2026-09-14T19:36:56
Samsung Galaxy S10 5G,Samsung,8GB,128GB,Exynos 9820,4500.0,6.7,2019,1,5G,Android 9.0 (Pie),https://www.gsmarena.com/samsung_galaxy_s10_5g-9588.php,2026-09-14T19:37:18
Samsung Galaxy S10 5G,Samsung,8GB,256GB,Exynos 9820,4500.0,6.7,2019,1,5G,Android 9.0 (Pie),https://www.gsmarena.com/samsung_galaxy_s10_5g-9588.php,2026-09-14T19:37:18
Samsung Galaxy S10 5G,Samsung,8GB,512GB,Exynos 9820,4500.0,6.7,2019,1,5G,Android 9.0 (Pie),https://www.gsmarena.com/samsung_galaxy_s10_5g-9588.php,2026-09-14T19:37:18
Samsung Galaxy S10+,Samsung,6GB,128GB,Exynos 9820,4100.0,6.4,2019,1,4G,Android 9.0 (Pie),https://www.gsmarena.com/samsung_galaxy_s10+-9535.php,2026-09-14T19:37:56
Samsung Galaxy S10+,Samsung,8GB,128GB,Exynos 9820,4100.0,6.4,2019,1,4G,Android 9.0 (Pie),https://www.gsmarena.com/samsung_galaxy_s10+-9535.php,2026-09-14T19:37:56
Samsung Galaxy S10+,Samsung,8GB,512GB,Exynos 9820,4100.0,6.4,2019,1,4G,Android 9.0 (Pie),https://www.gsmarena.com/samsung_galaxy_s10+-9535.php,2026-09-14T19:37:56
Samsung Galaxy S10+,Samsung,12GB,1TB,Exynos 9820,4100.0,6.4,2019,1,4G,Android 9.0 (Pie),https://www.gsmarena.com/samsung_galaxy_s10+-9535.php,2026-09-14T19:37:56
Samsung Galaxy S10,Samsung,6GB,128GB,Exynos 9820,3400.0,6.1,2019,1,4G,Android 9.0 (Pie),https://www.gsmarena.com/samsung_galaxy_s10-9536.php,2026-09-14T19:38:26
Samsung Galaxy S10,Samsung,8GB,128GB,Exynos 9820,3400.0,6.1,2019,1,4G,Android 9.0 (Pie),https://www.gsmarena.com/samsung_galaxy_s10-9536.php,2026-09-14T19:38:26
Samsung Galaxy S10,Samsung,8GB,512GB,Exynos 9820,3400.0,6.1,2019,1,4G,Android 9.0 (Pie),https://www.gsmarena.com/samsung_galaxy_s10-9536.php,2026-09-14T19:38:26
Samsung Galaxy S10e,Samsung,6GB,128GB,Exynos 9820,3100.0,5.8,2019,1,4G,Android 9.0 (Pie),https://www.gsmarena.com/samsung_galaxy_s10e-9537.php,2026-09-14T19:38:53
Samsung Galaxy S10e,Samsung,8GB,128GB,Exynos 9820,3100.0,5.8,2019,1,4G,Android 9.0 (Pie),https://www.gsmarena.com/samsung_galaxy_s10e-9537.php,2026-09-14T19:38:53
Samsung Galaxy S10e,Samsung,8GB,256GB,Exynos 9820,3100.0,5.8,2019,1,4G,Android 9.0 (Pie),https://www.gsmarena.com/samsung_galaxy_s10e-9537.php,2026-09-14T19:38:53
Samsung Galaxy M40,Samsung,4GB,64GB,Qualcomm SDM675 Snapdragon 675,3500.0,6.3,2019,1,4G,Android 9.0 (Pie),https://www.gsmarena.com/samsung_galaxy_m40-9721.php,2026-09-14T19:39:21
Samsung Galaxy M40,Samsung,6GB,128GB,Qualcomm SDM675 Snapdragon 675,3500.0,6.3,2019,1,4G,Android 9.0 (Pie),https://www.gsmarena.com/samsung_galaxy_m40-9721.php,2026-09-14T19:39:21
Samsung Galaxy M30,Samsung,3GB,32GB,Exynos 7904,5000.0,6.4,2019,0,4G,Android 8.1 (Oreo),https://www.gsmarena.com/samsung_galaxy_m30-9505.php,2026-09-14T19:39:54
Samsung Galaxy M30,Samsung,4GB,32GB,Exynos 7904,5000.0,6.4,2019,0,4G,Android 8.1 (Oreo),https://www.gsmarena.com/samsung_galaxy_m30-9505.php,2026-09-14T19:39:54
Samsung Galaxy M30,Samsung,4GB,64GB,Exynos 7904,5000.0,6.4,2019,0,4G,Android 8.1 (Oreo),https://www.gsmarena.com/samsung_galaxy_m30-9505.php,2026-09-14T19:39:54
Samsung Galaxy M30,Samsung,6GB,64GB,Exynos 7904,5000.0,6.4,2019,0,4G,Android 8.1 (Oreo),https://www.gsmarena.com/samsung_galaxy_m30-9505.php,2026-09-14T19:39:54
Samsung Galaxy M30,Samsung,6GB,128GB,Exynos 7904,5000.0,6.4,2019,0,4G,Android 8.1 (Oreo),https://www.gsmarena.com/samsung_galaxy_m30-9505.php,2026-09-14T19:39:54
Samsung Galaxy M20,Samsung,3GB,32GB,Exynos 7904,5000.0,6.3,2019,1,4G,Android 8.1 (Oreo),https://www.gsmarena.com/samsung_galaxy_m20-9506.php,2026-09-14T19:40:31
Samsung Galaxy M20,Samsung,4GB,64GB,Exynos 7904,5000.0,6.3,2019,1,4G,Android 8.1 (Oreo),https://www.gsmarena.com/samsung_galaxy_m20-9506.php,2026-09-14T19:40:31
Samsung Galaxy M10,Samsung,2GB,16GB,Exynos 7870 Octa,3400.0,6.22,2019,0,4G,Android 9.0 (Pie),https://www.gsmarena.com/samsung_galaxy_m10-9508.php,2026-09-14T19:41:00
Samsung Galaxy M10,Samsung,3GB,32GB,Exynos 7870 Octa,3400.0,6.22,2019,0,4G,Android 9.0 (Pie),https://www.gsmarena.com/samsung_galaxy_m10-9508.php,2026-09-14T19:41:00
Samsung Galaxy A80,Samsung,8GB,128GB,Qualcomm SDM730 Snapdragon 730,3700.0,6.7,2019,1,4G,Android 9.0 (Pie),https://www.gsmarena.com/samsung_galaxy_a80-9659.php,2026-09-14T19:41:37
Samsung Galaxy A70,Samsung,6GB,64GB,Qualcomm SDM675 Snapdragon 675,4500.0,6.7,2019,1,4G,Android 9.0 (Pie),https://www.gsmarena.com/samsung_galaxy_a70-9646.php,2026-09-14T19:42:17
Samsung Galaxy A70,Samsung,6GB,128GB,Qualcomm SDM675 Snapdragon 675,4500.0,6.7,2019,1,4G,Android 9.0 (Pie),https://www.gsmarena.com/samsung_galaxy_a70-9646.php,2026-09-14T19:42:17
Samsung Galaxy A70,Samsung,8GB,128GB,Qualcomm SDM675 Snapdragon 675,4500.0,6.7,2019,1,4G,Android 9.0 (Pie),https://www.gsmarena.com/samsung_galaxy_a70-9646.php,2026-09-14T19:42:17
Samsung Galaxy A60,Samsung,6GB,64GB,Qualcomm SDM675 Snapdragon 675,3500.0,6.3,2019,1,4G,Android 9.0 (Pie),https://www.gsmarena.com/samsung_galaxy_a60-9616.php,2026-09-14T19:42:55
Samsung Galaxy A60,Samsung,6GB,128GB,Qualcomm SDM675 Snapdragon 675,3500.0,6.3,2019,1,4G,Android 9.0 (Pie),https://www.gsmarena.com/samsung_galaxy_a60-9616.php,2026-09-14T19:42:55
Samsung Galaxy A50,Samsung,4GB,64GB,Exynos 9610,4000.0,6.4,2019,1,4G,Android 9.0 (Pie),https://www.gsmarena.com/samsung_galaxy_a50-9554.php,2026-09-14T19:43:22
Samsung Galaxy A50,Samsung,6GB,64GB,Exynos 9610,4000.0,6.4,2019,1,4G,Android 9.0 (Pie),https://www.gsmarena.com/samsung_galaxy_a50-9554.php,2026-09-14T19:43:22
Samsung Galaxy A50,Samsung,4GB,128GB,Exynos 9610,4000.0,6.4,2019,1,4G,Android 9.0 (Pie),https://www.gsmarena.com/samsung_galaxy_a50-9554.php,2026-09-14T19:43:22
Samsung Galaxy A50,Samsung,6GB,128GB,Exynos 9610,4000.0,6.4,2019,1,4G,Android 9.0 (Pie),https://www.gsmarena.com/samsung_galaxy_a50-9554.php,2026-09-14T19:43:22
Samsung Galaxy A40,Samsung,4GB,64GB,Exynos 7904,3100.0,5.9,2019,1,4G,Android 9.0 (Pie),https://www.gsmarena.com/samsung_galaxy_a40-9642.php,2026-09-14T19:43:59
Samsung Galaxy A40,Samsung,4GB,128GB,Exynos 7904,3100.0,5.9,2019,1,4G,Android 9.0 (Pie),https://www.gsmarena.com/samsung_galaxy_a40-9642.php,2026-09-14T19:43:59
Samsung Galaxy A30,Samsung,3GB,32GB,Exynos 7904,4000.0,6.4,2019,0,4G,Android 9.0 (Pie),https://www.gsmarena.com/samsung_galaxy_a30-9579.php,2026-09-14T19:44:39
Samsung Galaxy A30,Samsung,3GB,64GB,Exynos 7904,4000.0,6.4,2019,0,4G,Android 9.0 (Pie),https://www.gsmarena.com/samsung_galaxy_a30-9579.php,2026-09-14T19:44:39
Samsung Galaxy A30,Samsung,4GB,64GB,Exynos 7904,4000.0,6.4,2019,0,4G,Android 9.0 (Pie),https://www.gsmarena.com/samsung_galaxy_a30-9579.php,2026-09-14T19:44:39
Samsung Galaxy A20e,Samsung,3GB,32GB,Exynos 7884,3000.0,5.8,2019,1,4G,Android 9.0 (Pie),https://www.gsmarena.com/samsung_galaxy_a20e-9661.php,2026-09-14T19:45:10
Tecno Camon Air,Tecno,8GB,128GB,Mediatek Helio G200 Ultimate,6000.0,6.78,2026,1,4G,Android 16,https://www.gsmarena.com/tecno_camon_air-14919.php,2026-09-16T07:36:08
Tecno Camon Air,Tecno,8GB,256GB,Mediatek Helio G200 Ultimate,6000.0,6.78,2026,1,4G,Android 16,https://www.gsmarena.com/tecno_camon_air-14919.php,2026-09-16T07:36:08
Tecno Camon Slim,Tecno,8GB,256GB,Mediatek Dimensity 7300e,6000.0,6.78,2026,1,5G,Android 16,https://www.gsmarena.com/tecno_camon_slim_5g-14918.php,2026-09-16T07:36:46
Tecno Spark Go 3 Pro,Tecno,4GB,64GB,Unisoc T7250,5200.0,6.78,2026,0,4G,Android 16,https://www.gsmarena.com/tecno_spark_go_3_pro-14905.php,2026-09-16T07:37:24
Tecno Spark Go 3 Pro,Tecno,4GB,128GB,Unisoc T7250,5200.0,6.78,2026,0,4G,Android 16,https://www.gsmarena.com/tecno_spark_go_3_pro-14905.php,2026-09-16T07:37:24
Tecno Pova 8 Pro,Tecno,8GB,256GB,Mediatek Dimensity 7400 Ultimate,6500.0,6.78,2026,1,5G,Android 16,https://www.gsmarena.com/tecno_pova_8_pro_5g-14875.php,2026-09-16T07:37:58
Tecno Pova 8 Pro,Tecno,12GB,256GB,Mediatek Dimensity 7400 Ultimate,6500.0,6.78,2026,1,5G,Android 16,https://www.gsmarena.com/tecno_pova_8_pro_5g-14875.php,2026-09-16T07:37:58
Tecno Pova 8 Pro,Tecno,12GB,512GB,Mediatek Dimensity 7400 Ultimate,6500.0,6.78,2026,1,5G,Android 16,https://www.gsmarena.com/tecno_pova_8_pro_5g-14875.php,2026-09-16T07:37:58
Tecno Camon Slim 4G,Tecno,8GB,128GB,Mediatek Helio G200 Ultimate,5600.0,6.78,2026,1,4G,Android 16,https://www.gsmarena.com/tecno_camon_slim-14745.php,2026-09-16T07:38:37
Tecno Camon Slim 4G,Tecno,8GB,256GB,Mediatek Helio G200 Ultimate,5600.0,6.78,2026,1,4G,Android 16,https://www.gsmarena.com/tecno_camon_slim-14745.php,2026-09-16T07:38:37
Tecno Spark 50 Pro,Tecno,4GB,128GB,Mediatek Helio G100 Ultimate,6000.0,6.78,2026,1,4G,Android 16,https://www.gsmarena.com/tecno_spark_50_pro-14728.php,2026-09-16T07:39:16
Tecno Spark 50 Pro,Tecno,6GB,128GB,Mediatek Helio G100 Ultimate,6000.0,6.78,2026,1,4G,Android 16,https://www.gsmarena.com/tecno_spark_50_pro-14728.php,2026-09-16T07:39:16
Tecno Spark 50 Pro,Tecno,8GB,128GB,Mediatek Helio G100 Ultimate,6000.0,6.78,2026,1,4G,Android 16,https://www.gsmarena.com/tecno_spark_50_pro-14728.php,2026-09-16T07:39:16
Tecno Spark 50 Pro,Tecno,6GB,256GB,Mediatek Helio G100 Ultimate,6000.0,6.78,2026,1,4G,Android 16,https://www.gsmarena.com/tecno_spark_50_pro-14728.php,2026-09-16T07:39:16
Tecno Pova 8,Tecno,6GB,128GB,Mediatek Dimensity 7100,8000.0,6.76,2026,1,5G,Android 16,https://www.gsmarena.com/tecno_pova_8_5g-14714.php,2026-09-16T07:39:46
Tecno Pova 8,Tecno,8GB,128GB,Mediatek Dimensity 7100,8000.0,6.76,2026,1,5G,Android 16,https://www.gsmarena.com/tecno_pova_8_5g-14714.php,2026-09-16T07:39:46
Tecno Pova 8,Tecno,8GB,256GB,Mediatek Dimensity 7100,8000.0,6.76,2026,1,5G,Android 16,https://www.gsmarena.com/tecno_pova_8_5g-14714.php,2026-09-16T07:39:46
Tecno Pop X,Tecno,4GB,128GB,Mediatek Dimensity 6400,6500.0,6.78,2026,0,5G,Android 16,https://www.gsmarena.com/tecno_pop_x_5g-14608.php,2026-09-16T07:40:12
Tecno Pop X,Tecno,6GB,128GB,Mediatek Dimensity 6400,6500.0,6.78,2026,0,5G,Android 16,https://www.gsmarena.com/tecno_pop_x_5g-14608.php,2026-09-16T07:40:12
Tecno Pop X 4G,Tecno,4GB,64GB,Unisoc T7250,5000.0,6.74,2026,0,4G,Android 15,https://www.gsmarena.com/tecno_pop_x-14665.php,2026-09-16T07:40:48
Tecno Spark 50 4G,Tecno,4GB,128GB,MediaTek Helio G81,7000.0,6.78,2026,1,4G,Android 16,https://www.gsmarena.com/tecno_spark_50_4g-14596.php,2026-09-16T07:41:25
Tecno Spark 50 4G,Tecno,6GB,128GB,MediaTek Helio G81,7000.0,6.78,2026,1,4G,Android 16,https://www.gsmarena.com/tecno_spark_50_4g-14596.php,2026-09-16T07:41:25
Tecno Spark 50 4G,Tecno,8GB,128GB,MediaTek Helio G81,7000.0,6.78,2026,1,4G,Android 16,https://www.gsmarena.com/tecno_spark_50_4g-14596.php,2026-09-16T07:41:25
Tecno Spark 50 4G,Tecno,4GB,256GB,MediaTek Helio G81,7000.0,6.78,2026,1,4G,Android 16,https://www.gsmarena.com/tecno_spark_50_4g-14596.php,2026-09-16T07:41:25
Tecno Spark 50 4G,Tecno,8GB,256GB,MediaTek Helio G81,7000.0,6.78,2026,1,4G,Android 16,https://www.gsmarena.com/tecno_spark_50_4g-14596.php,2026-09-16T07:41:25
Tecno Spark 50,Tecno,4GB,128GB,Mediatek Dimensity 6400,6500.0,6.78,2026,0,5G,Android 16,https://www.gsmarena.com/tecno_spark_50_5g-14566.php,2026-09-16T07:42:00
Tecno Spark 50,Tecno,6GB,128GB,Mediatek Dimensity 6400,6500.0,6.78,2026,0,5G,Android 16,https://www.gsmarena.com/tecno_spark_50_5g-14566.php,2026-09-16T07:42:00
Tecno Spark 50,Tecno,8GB,256GB,Mediatek Dimensity 6400,6500.0,6.78,2026,0,5G,Android 16,https://www.gsmarena.com/tecno_spark_50_5g-14566.php,2026-09-16T07:42:00
Tecno Camon 50 Ultra,Tecno,8GB,256GB,Mediatek Dimensity 7400 Ultimate,6500.0,6.78,2026,1,5G,Android 16,https://www.gsmarena.com/tecno_camon_50_ultra_5g-14519.php,2026-09-16T07:42:39
Tecno Camon 50 Ultra,Tecno,12GB,256GB,Mediatek Dimensity 7400 Ultimate,6500.0,6.78,2026,1,5G,Android 16,https://www.gsmarena.com/tecno_camon_50_ultra_5g-14519.php,2026-09-16T07:42:39
Tecno Camon 50 Ultra,Tecno,8GB,512GB,Mediatek Dimensity 7400 Ultimate,6500.0,6.78,2026,1,5G,Android 16,https://www.gsmarena.com/tecno_camon_50_ultra_5g-14519.php,2026-09-16T07:42:39
Tecno Camon 50 Ultra,Tecno,12GB,512GB,Mediatek Dimensity 7400 Ultimate,6500.0,6.78,2026,1,5G,Android 16,https://www.gsmarena.com/tecno_camon_50_ultra_5g-14519.php,2026-09-16T07:42:39
Tecno Camon 50 Pro,Tecno,8GB,256GB,Mediatek Dimensity 7400 Ultimate,6500.0,6.78,2026,1,5G,Android 16,https://www.gsmarena.com/tecno_camon_50_pro_5g-14538.php,2026-09-16T07:43:07
Tecno Camon 50 Pro,Tecno,12GB,256GB,Mediatek Dimensity 7400 Ultimate,6500.0,6.78,2026,1,5G,Android 16,https://www.gsmarena.com/tecno_camon_50_pro_5g-14538.php,2026-09-16T07:43:07
Tecno Camon 50 Pro,Tecno,12GB,512GB,Mediatek Dimensity 7400 Ultimate,6500.0,6.78,2026,1,5G,Android 16,https://www.gsmarena.com/tecno_camon_50_pro_5g-14538.php,2026-09-16T07:43:07
Tecno Camon 50 Pro 4G,Tecno,8GB,256GB,Mediatek Helio G200 Ultimate,6150.0,6.78,2026,1,4G,Android 16,https://www.gsmarena.com/tecno_camon_50_pro-14500.php,2026-09-16T07:43:43
Tecno Camon 50 4G,Tecno,8GB,128GB,Mediatek Helio G200 Ultimate,6150.0,6.78,2026,1,4G,Android 16,https://www.gsmarena.com/tecno_camon_50-14501.php,2026-09-16T07:44:18
Tecno Camon 50 4G,Tecno,8GB,256GB,Mediatek Helio G200 Ultimate,6150.0,6.78,2026,1,4G,Android 16,https://www.gsmarena.com/tecno_camon_50-14501.php,2026-09-16T07:44:18
Tecno Camon 50 4G,Tecno,12GB,256GB,Mediatek Helio G200 Ultimate,6150.0,6.78,2026,1,4G,Android 16,https://www.gsmarena.com/tecno_camon_50-14501.php,2026-09-16T07:44:18
Tecno Pova Curve 2,Tecno,8GB,128GB,Mediatek Dimensity 7100,8000.0,6.78,2026,1,5G,Android 16,https://www.gsmarena.com/tecno_pova_curve_2_5g-14384.php,2026-09-16T07:44:56
Tecno Pova Curve 2,Tecno,8GB,256GB,Mediatek Dimensity 7100,8000.0,6.78,2026,1,5G,Android 16,https://www.gsmarena.com/tecno_pova_curve_2_5g-14384.php,2026-09-16T07:44:56
Tecno Pova Curve 2,Tecno,12GB,256GB,Mediatek Dimensity 7100,8000.0,6.78,2026,1,5G,Android 16,https://www.gsmarena.com/tecno_pova_curve_2_5g-14384.php,2026-09-16T07:44:56
Tecno Spark Go 3,Tecno,4GB,64GB,Unisoc T7250,5000.0,6.74,2026,0,4G,Android 15,https://www.gsmarena.com/tecno_spark_go_3-14420.php,2026-09-16T07:45:30
Tecno Spark Go 3,Tecno,4GB,128GB,Unisoc T7250,5000.0,6.74,2026,0,4G,Android 15,https://www.gsmarena.com/tecno_spark_go_3-14420.php,2026-09-16T07:45:30
Tecno Pova Slim,Tecno,8GB,128GB,Mediatek Dimensity 6400,5160.0,6.78,2025,1,5G,Android 15,https://www.gsmarena.com/tecno_pova_slim_5g-14111.php,2026-09-16T07:46:05
Tecno Pova Slim,Tecno,8GB,256GB,Mediatek Dimensity 6400,5160.0,6.78,2025,1,5G,Android 15,https://www.gsmarena.com/tecno_pova_slim_5g-14111.php,2026-09-16T07:46:05
Tecno Spark Slim,Tecno,8GB,256GB,Mediatek Helio G200,5160.0,6.78,2025,1,4G,Android 15,https://www.gsmarena.com/tecno_spark_slim-14112.php,2026-09-16T07:46:34
Tecno Spark 40,Tecno,4GB,128GB,Mediatek Dimensity 6400,6000.0,6.75,2025,1,5G,Android 15,https://www.gsmarena.com/tecno_spark_40_5g-14568.php,2026-09-16T07:47:12
Tecno Spark 40,Tecno,8GB,256GB,Mediatek Dimensity 6400,6000.0,6.75,2025,1,5G,Android 15,https://www.gsmarena.com/tecno_spark_40_5g-14568.php,2026-09-16T07:47:12
Tecno Spark Go,Tecno,4GB,128GB,Mediatek Dimensity 6400,6000.0,6.75,2025,0,5G,Android 15,https://www.gsmarena.com/tecno_spark_go_5g-14074.php,2026-09-16T07:47:46
Tecno Spark Go,Tecno,8GB,256GB,Mediatek Dimensity 6400,6000.0,6.75,2025,0,5G,Android 15,https://www.gsmarena.com/tecno_spark_go_5g-14074.php,2026-09-16T07:47:46
Tecno Spark 40C,Tecno,4GB,128GB,Mediatek Helio G81,6000.0,6.67,2025,0,4G,Android 15,https://www.gsmarena.com/tecno_spark_40c-14052.php,2026-09-16T07:48:13
Tecno Spark 40C,Tecno,8GB,128GB,Mediatek Helio G81,6000.0,6.67,2025,0,4G,Android 15,https://www.gsmarena.com/tecno_spark_40c-14052.php,2026-09-16T07:48:13
Tecno Spark 40C,Tecno,8GB,256GB,Mediatek Helio G81,6000.0,6.67,2025,0,4G,Android 15,https://www.gsmarena.com/tecno_spark_40c-14052.php,2026-09-16T07:48:13
Tecno Pova 7 Pro,Tecno,8GB,128GB,Mediatek Dimensity 7300 Ultimate,6000.0,6.78,2025,1,5G,Android 15,https://www.gsmarena.com/tecno_pova_7_pro_5g-13990.php,2026-09-16T07:48:47
Tecno Pova 7 Pro,Tecno,8GB,256GB,Mediatek Dimensity 7300 Ultimate,6000.0,6.78,2025,1,5G,Android 15,https://www.gsmarena.com/tecno_pova_7_pro_5g-13990.php,2026-09-16T07:48:47
Tecno Pova 7 Pro,Tecno,12GB,256GB,Mediatek Dimensity 7300 Ultimate,6000.0,6.78,2025,1,5G,Android 15,https://www.gsmarena.com/tecno_pova_7_pro_5g-13990.php,2026-09-16T07:48:47
Tecno Pova 7,Tecno,8GB,128GB,Mediatek Dimensity 7300 Ultimate,6000.0,6.78,2025,1,5G,Android 15,https://www.gsmarena.com/tecno_pova_7_5g-13991.php,2026-09-16T07:49:13
Tecno Pova 7,Tecno,8GB,256GB,Mediatek Dimensity 7300 Ultimate,6000.0,6.78,2025,1,5G,Android 15,https://www.gsmarena.com/tecno_pova_7_5g-13991.php,2026-09-16T07:49:13
Tecno Spark 40 Pro+,Tecno,8GB,128GB,Mediatek Helio G200,5200.0,6.78,2025,1,4G,Android 15,https://www.gsmarena.com/tecno_spark_40_pro+-13986.php,2026-09-16T07:49:46
Tecno Spark 40 Pro+,Tecno,8GB,256GB,Mediatek Helio G200,5200.0,6.78,2025,1,4G,Android 15,https://www.gsmarena.com/tecno_spark_40_pro+-13986.php,2026-09-16T07:49:46
Tecno Spark 40 Pro,Tecno,8GB,128GB,Mediatek Helio G100 Ultimate,5200.0,6.78,2025,1,4G,Android 15,https://www.gsmarena.com/tecno_spark_40_pro-13985.php,2026-09-16T07:50:10
Tecno Spark 40 Pro,Tecno,8GB,256GB,Mediatek Helio G100 Ultimate,5200.0,6.78,2025,1,4G,Android 15,https://www.gsmarena.com/tecno_spark_40_pro-13985.php,2026-09-16T07:50:10
Tecno Spark 40 4G,Tecno,4GB,128GB,Mediatek Helio G81,5200.0,6.67,2025,1,4G,Android 15,https://www.gsmarena.com/tecno_spark_40_4g-13984.php,2026-09-16T07:50:45
Tecno Spark 40 4G,Tecno,6GB,128GB,Mediatek Helio G81,5200.0,6.67,2025,1,4G,Android 15,https://www.gsmarena.com/tecno_spark_40_4g-13984.php,2026-09-16T07:50:45
Tecno Spark 40 4G,Tecno,4GB,256GB,Mediatek Helio G81,5200.0,6.67,2025,1,4G,Android 15,https://www.gsmarena.com/tecno_spark_40_4g-13984.php,2026-09-16T07:50:45
Tecno Spark 40 4G,Tecno,8GB,256GB,Mediatek Helio G81,5200.0,6.67,2025,1,4G,Android 15,https://www.gsmarena.com/tecno_spark_40_4g-13984.php,2026-09-16T07:50:45
Tecno Pova 7 Ultra,Tecno,8GB,256GB,Mediatek Dimensity 8350 Ultimate,6000.0,6.67,2025,1,5G,Android 15,https://www.gsmarena.com/tecno_pova_7_ultra_5g-13976.php,2026-09-16T07:51:16
Tecno Pova 7 Ultra,Tecno,12GB,256GB,Mediatek Dimensity 8350 Ultimate,6000.0,6.67,2025,1,5G,Android 15,https://www.gsmarena.com/tecno_pova_7_ultra_5g-13976.php,2026-09-16T07:51:16
Tecno Pova 7 4G,Tecno,8GB,128GB,Mediatek Helio G100 Ultimate,7000.0,6.78,2025,1,4G,Android 15,https://www.gsmarena.com/tecno_pova_7-13974.php,2026-09-16T07:51:51
Tecno Pova 7 4G,Tecno,8GB,256GB,Mediatek Helio G100 Ultimate,7000.0,6.78,2025,1,4G,Android 15,https://www.gsmarena.com/tecno_pova_7-13974.php,2026-09-16T07:51:51
Tecno Spark Go 2,Tecno,3GB,64GB,Unisoc T7250,5000.0,6.67,2025,0,4G,Android 15,https://www.gsmarena.com/tecno_spark_go_2-13975.php,2026-09-16T07:52:28
Tecno Spark Go 2,Tecno,4GB,64GB,Unisoc T7250,5000.0,6.67,2025,0,4G,Android 15,https://www.gsmarena.com/tecno_spark_go_2-13975.php,2026-09-16T07:52:28
Tecno Spark Go 2,Tecno,3GB,128GB,Unisoc T7250,5000.0,6.67,2025,0,4G,Android 15,https://www.gsmarena.com/tecno_spark_go_2-13975.php,2026-09-16T07:52:28
Tecno Spark Go 2,Tecno,4GB,128GB,Unisoc T7250,5000.0,6.67,2025,0,4G,Android 15,https://www.gsmarena.com/tecno_spark_go_2-13975.php,2026-09-16T07:52:28
Tecno Spark Go 2,Tecno,4GB,256GB,Unisoc T7250,5000.0,6.67,2025,0,4G,Android 15,https://www.gsmarena.com/tecno_spark_go_2-13975.php,2026-09-16T07:52:28
Tecno Pova Curve,Tecno,6GB,128GB,Mediatek Dimensity 7300 Ultimate,5500.0,6.78,2025,1,5G,Android 15,https://www.gsmarena.com/tecno_pova_curve_5g-13915.php,2026-09-16T07:52:52
Tecno Pova Curve,Tecno,8GB,128GB,Mediatek Dimensity 7300 Ultimate,5500.0,6.78,2025,1,5G,Android 15,https://www.gsmarena.com/tecno_pova_curve_5g-13915.php,2026-09-16T07:52:52
Tecno Pova Curve,Tecno,8GB,256GB,Mediatek Dimensity 7300 Ultimate,5500.0,6.78,2025,1,5G,Android 15,https://www.gsmarena.com/tecno_pova_curve_5g-13915.php,2026-09-16T07:52:52
Tecno Camon 40 Premier,Tecno,12GB,256GB,Mediatek Dimensity 8350,5100.0,6.67,2025,1,5G,Android 15,https://www.gsmarena.com/tecno_camon_40_premier-13694.php,2026-09-16T07:53:19
Tecno Camon 40 Pro,Tecno,8GB,256GB,Mediatek Dimensity 7300,5200.0,6.78,2025,1,5G,Android 15,https://www.gsmarena.com/tecno_camon_40_pro_5g-13695.php,2026-09-16T07:53:43
Tecno Camon 40 Pro,Tecno,12GB,256GB,Mediatek Dimensity 7300,5200.0,6.78,2025,1,5G,Android 15,https://www.gsmarena.com/tecno_camon_40_pro_5g-13695.php,2026-09-16T07:53:43
Tecno Camon 40 Pro 4G,Tecno,8GB,256GB,Mediatek Helio G100 Ultimate,5200.0,6.78,2025,1,4G,Android 15,https://www.gsmarena.com/tecno_camon_40_pro-13696.php,2026-09-16T07:54:19
Tecno Camon 40,Tecno,8GB,128GB,Mediatek Helio G100 Ultimate,5200.0,6.78,2025,1,4G,Android 15,https://www.gsmarena.com/tecno_camon_40-13697.php,2026-09-16T07:54:57
Tecno Camon 40,Tecno,12GB,128GB,Mediatek Helio G100 Ultimate,5200.0,6.78,2025,1,4G,Android 15,https://www.gsmarena.com/tecno_camon_40-13697.php,2026-09-16T07:54:57
Tecno Camon 40,Tecno,8GB,256GB,Mediatek Helio G100 Ultimate,5200.0,6.78,2025,1,4G,Android 15,https://www.gsmarena.com/tecno_camon_40-13697.php,2026-09-16T07:54:57
Tecno Camon 40,Tecno,12GB,256GB,Mediatek Helio G100 Ultimate,5200.0,6.78,2025,1,4G,Android 15,https://www.gsmarena.com/tecno_camon_40-13697.php,2026-09-16T07:54:57
Tecno Spark Go 1S,Tecno,3GB,64GB,Mediatek Helio G50,5000.0,6.67,2025,0,4G,Android 14 (Go edition),https://www.gsmarena.com/tecno_spark_go_1s-13648.php,2026-09-16T07:55:27
Tecno Pop 9 4G,Tecno,3GB,64GB,Unisoc T615,5000.0,6.67,2024,0,4G,Android 14 (Go edition),https://www.gsmarena.com/tecno_pop_9_4g-13509.php,2026-09-16T07:56:06
Tecno Pop 9 4G,Tecno,4GB,64GB,Unisoc T615,5000.0,6.67,2024,0,4G,Android 14 (Go edition),https://www.gsmarena.com/tecno_pop_9_4g-13509.php,2026-09-16T07:56:06
Tecno Pop 9 4G,Tecno,3GB,128GB,Unisoc T615,5000.0,6.67,2024,0,4G,Android 14 (Go edition),https://www.gsmarena.com/tecno_pop_9_4g-13509.php,2026-09-16T07:56:06
Tecno Pop 9 4G,Tecno,4GB,128GB,Unisoc T615,5000.0,6.67,2024,0,4G,Android 14 (Go edition),https://www.gsmarena.com/tecno_pop_9_4g-13509.php,2026-09-16T07:56:06
Tecno Camon 30S,Tecno,6GB,128GB,Mediatek Helio G100,5000.0,6.78,2024,1,4G,Android 14,https://www.gsmarena.com/tecno_camon_30s-13426.php,2026-09-16T07:56:28
Tecno Camon 30S,Tecno,8GB,128GB,Mediatek Helio G100,5000.0,6.78,2024,1,4G,Android 14,https://www.gsmarena.com/tecno_camon_30s-13426.php,2026-09-16T07:56:28
Tecno Camon 30S,Tecno,8GB,256GB,Mediatek Helio G100,5000.0,6.78,2024,1,4G,Android 14,https://www.gsmarena.com/tecno_camon_30s-13426.php,2026-09-16T07:56:28
Tecno Spark 30C 5G,Tecno,4GB,64GB,Mediatek Dimensity 6300,5000.0,6.67,2024,1,5G,Android 14,https://www.gsmarena.com/tecno_spark_30c_5g-13385.php,2026-09-16T07:56:58
Tecno Spark 30C 5G,Tecno,4GB,128GB,Mediatek Dimensity 6300,5000.0,6.67,2024,1,5G,Android 14,https://www.gsmarena.com/tecno_spark_30c_5g-13385.php,2026-09-16T07:56:58
Tecno Spark 30C 5G,Tecno,8GB,128GB,Mediatek Dimensity 6300,5000.0,6.67,2024,1,5G,Android 14,https://www.gsmarena.com/tecno_spark_30c_5g-13385.php,2026-09-16T07:56:58
Tecno Spark 30C 5G,Tecno,4GB,256GB,Mediatek Dimensity 6300,5000.0,6.67,2024,1,5G,Android 14,https://www.gsmarena.com/tecno_spark_30c_5g-13385.php,2026-09-16T07:56:58
Tecno Spark 30 5G,Tecno,6GB,128GB,Mediatek Dimensity 6300,5000.0,6.67,2024,1,5G,Android 14,https://www.gsmarena.com/tecno_spark_30_5g-13384.php,2026-09-16T07:57:27
Tecno Spark 30 5G,Tecno,8GB,256GB,Mediatek Dimensity 6300,5000.0,6.67,2024,1,5G,Android 14,https://www.gsmarena.com/tecno_spark_30_5g-13384.php,2026-09-16T07:57:27
Tecno Pop 9,Tecno,4GB,64GB,Mediatek Dimensity 6300,5000.0,6.6,2024,1,5G,Android 14,https://www.gsmarena.com/tecno_pop_9-13358.php,2026-09-16T07:57:48
Tecno Pop 9,Tecno,4GB,128GB,Mediatek Dimensity 6300,5000.0,6.6,2024,1,5G,Android 14,https://www.gsmarena.com/tecno_pop_9-13358.php,2026-09-16T07:57:48
Tecno Spark 30 Pro,Tecno,8GB,128GB,Mediatek Helio G100,5000.0,6.78,2024,1,4G,Android 14,https://www.gsmarena.com/tecno_spark_30_pro-13357.php,2026-09-16T07:58:12
Tecno Spark 30 Pro,Tecno,8GB,256GB,Mediatek Helio G100,5000.0,6.78,2024,1,4G,Android 14,https://www.gsmarena.com/tecno_spark_30_pro-13357.php,2026-09-16T07:58:12
Tecno Spark 30,Tecno,8GB,128GB,Mediatek Helio G91,5000.0,6.78,2024,1,4G,Android 14,https://www.gsmarena.com/tecno_spark_30-13356.php,2026-09-16T07:58:34
Tecno Spark 30,Tecno,8GB,256GB,Mediatek Helio G91,5000.0,6.78,2024,1,4G,Android 14,https://www.gsmarena.com/tecno_spark_30-13356.php,2026-09-16T07:58:34
Tecno Phantom V Fold2,Tecno,12GB,512GB,Mediatek Dimensity 9000+,5750.0,7.85,2024,1,5G,Android 14,https://www.gsmarena.com/tecno_phantom_v_fold2-13334.php,2026-09-16T07:59:15
Tecno Phantom V Flip2,Tecno,8GB,256GB,Mediatek Dimensity 8020,4720.0,6.9,2024,1,5G,Android 14,https://www.gsmarena.com/tecno_phantom_v_flip2-13335.php,2026-09-16T07:59:40
Tecno Pova 6 Neo 5G,Tecno,6GB,128GB,Mediatek Dimensity 6300,5000.0,6.67,2024,1,5G,Android 14,https://www.gsmarena.com/tecno_pova_6_neo_5g-13326.php,2026-09-16T08:00:05
Tecno Pova 6 Neo 5G,Tecno,8GB,256GB,Mediatek Dimensity 6300,5000.0,6.67,2024,1,5G,Android 14,https://www.gsmarena.com/tecno_pova_6_neo_5g-13326.php,2026-09-16T08:00:05
Tecno Spark 30C,Tecno,4GB,128GB,Mediatek Helio G81,5000.0,6.67,2024,0,4G,Android 14,https://www.gsmarena.com/tecno_spark_30c-13310.php,2026-09-16T08:00:39
Tecno Spark 30C,Tecno,6GB,128GB,Mediatek Helio G81,5000.0,6.67,2024,0,4G,Android 14,https://www.gsmarena.com/tecno_spark_30c-13310.php,2026-09-16T08:00:39
Tecno Spark 30C,Tecno,4GB,256GB,Mediatek Helio G81,5000.0,6.67,2024,0,4G,Android 14,https://www.gsmarena.com/tecno_spark_30c-13310.php,2026-09-16T08:00:39
Tecno Spark 30C,Tecno,8GB,256GB,Mediatek Helio G81,5000.0,6.67,2024,0,4G,Android 14,https://www.gsmarena.com/tecno_spark_30c-13310.php,2026-09-16T08:00:39
Tecno Spark Go 1,Tecno,3GB,64GB,Unisoc T615,5000.0,6.67,2024,0,4G,Android 14 (Go edition),https://www.gsmarena.com/tecno_spark_go_1-13274.php,2026-09-16T08:01:13
Tecno Spark Go 1,Tecno,4GB,64GB,Unisoc T615,5000.0,6.67,2024,0,4G,Android 14 (Go edition),https://www.gsmarena.com/tecno_spark_go_1-13274.php,2026-09-16T08:01:13
Tecno Spark Go 1,Tecno,3GB,128GB,Unisoc T615,5000.0,6.67,2024,0,4G,Android 14 (Go edition),https://www.gsmarena.com/tecno_spark_go_1-13274.php,2026-09-16T08:01:13
Tecno Spark Go 1,Tecno,4GB,128GB,Unisoc T615,5000.0,6.67,2024,0,4G,Android 14 (Go edition),https://www.gsmarena.com/tecno_spark_go_1-13274.php,2026-09-16T08:01:13
Tecno Camon 30S Pro,Tecno,8GB,256GB,Mediatek Helio G100,5000.0,6.78,2024,1,4G,Android 14,https://www.gsmarena.com/tecno_camon_30s_pro-13242.php,2026-09-16T08:01:47
Tecno Spark 20P,Tecno,4GB,256GB,Mediatek,5000.0,6.6,2024,1,4G,Android 13,https://www.gsmarena.com/tecno_spark_20p-13125.php,2026-09-16T08:02:10
Tecno Spark 20 Pro 5G,Tecno,8GB,128GB,Mediatek Dimensity 6080,5000.0,6.78,2024,1,5G,Android 14,https://www.gsmarena.com/tecno_spark_20_pro_5g-13124.php,2026-09-16T08:02:34
Tecno Spark 20 Pro 5G,Tecno,8GB,256GB,Mediatek Dimensity 6080,5000.0,6.78,2024,1,5G,Android 14,https://www.gsmarena.com/tecno_spark_20_pro_5g-13124.php,2026-09-16T08:02:34
Tecno Pova 6 Neo,Tecno,8GB,128GB,Mediatek Helio G99 Ultimate,7000.0,6.78,2024,1,4G,Android 14,https://www.gsmarena.com/tecno_pova_6_neo-12911.php,2026-09-16T08:03:06
Tecno Pova 6 Neo,Tecno,8GB,256GB,Mediatek Helio G99 Ultimate,7000.0,6.78,2024,1,4G,Android 14,https://www.gsmarena.com/tecno_pova_6_neo-12911.php,2026-09-16T08:03:06
Tecno Pova 6,Tecno,8GB,256GB,Mediatek Helio G99 Ultimate,6000.0,6.78,2024,1,4G,Android 14,https://www.gsmarena.com/tecno_pova_6-12910.php,2026-09-16T08:03:31
Tecno Pova 6,Tecno,12GB,256GB,Mediatek Helio G99 Ultimate,6000.0,6.78,2024,1,4G,Android 14,https://www.gsmarena.com/tecno_pova_6-12910.php,2026-09-16T08:03:31
Tecno Camon 30 Premier,Tecno,12GB,512GB,Mediatek Dimensity 8200 Ultimate,5000.0,6.77,2024,1,5G,Android 14,https://www.gsmarena.com/tecno_camon_30_premier-12845.php,2026-09-16T08:04:05
Tecno Camon 30 Pro,Tecno,12GB,256GB,Mediatek Dimensity 8200 Ultimate,5000.0,6.78,2024,1,5G,Android 14,https://www.gsmarena.com/tecno_camon_30_pro-12846.php,2026-09-16T08:04:45
Tecno Camon 30 Pro,Tecno,12GB,512GB,Mediatek Dimensity 8200 Ultimate,5000.0,6.78,2024,1,5G,Android 14,https://www.gsmarena.com/tecno_camon_30_pro-12846.php,2026-09-16T08:04:45
Tecno Camon 30 5G,Tecno,,256GB,Mediatek Dimensity 7020,5000.0,6.78,2024,1,5G,Android 14,https://www.gsmarena.com/tecno_camon_30_5g-12847.php,2026-09-16T08:05:16
Tecno Camon 30 5G,Tecno,,8GB,Mediatek Dimensity 7020,5000.0,6.78,2024,1,5G,Android 14,https://www.gsmarena.com/tecno_camon_30_5g-12847.php,2026-09-16T08:05:16
Tecno Camon 30 5G,Tecno,,512GB,Mediatek Dimensity 7020,5000.0,6.78,2024,1,5G,Android 14,https://www.gsmarena.com/tecno_camon_30_5g-12847.php,2026-09-16T08:05:16
Tecno Camon 30 5G,Tecno,,12GB,Mediatek Dimensity 7020,5000.0,6.78,2024,1,5G,Android 14,https://www.gsmarena.com/tecno_camon_30_5g-12847.php,2026-09-16T08:05:16
Tecno Camon 30,Tecno,,256GB,Mediatek Helio G99 Ultimate,5000.0,6.78,2024,1,4G,Android 14,https://www.gsmarena.com/tecno_camon_30-12848.php,2026-09-16T08:05:49
Tecno Camon 30,Tecno,,8GB,Mediatek Helio G99 Ultimate,5000.0,6.78,2024,1,4G,Android 14,https://www.gsmarena.com/tecno_camon_30-12848.php,2026-09-16T08:05:49
Tecno Camon 30,Tecno,,12GB,Mediatek Helio G99 Ultimate,5000.0,6.78,2024,1,4G,Android 14,https://www.gsmarena.com/tecno_camon_30-12848.php,2026-09-16T08:05:49
Tecno Pova 6 Pro,Tecno,8GB,256GB,Mediatek Dimensity 6080,6000.0,6.78,2024,1,5G,Android 14,https://www.gsmarena.com/tecno_pova_6_pro-12830.php,2026-09-16T08:06:23
Tecno Pova 6 Pro,Tecno,12GB,256GB,Mediatek Dimensity 6080,6000.0,6.78,2024,1,5G,Android 14,https://www.gsmarena.com/tecno_pova_6_pro-12830.php,2026-09-16T08:06:23
Tecno Spark 20 Pro+,Tecno,8GB,256GB,Mediatek Helio G99 Ultimate,5000.0,6.78,2023,1,4G,Android 14,https://www.gsmarena.com/tecno_spark_20_pro+-12770.php,2026-09-16T08:06:53
Tecno Spark 20 Pro,Tecno,4GB,256GB,Mediatek Helio G99,5000.0,6.78,2023,1,4G,Android 13,https://www.gsmarena.com/tecno_spark_20_pro-12747.php,2026-09-16T08:07:32
Tecno Spark 20 Pro,Tecno,8GB,256GB,Mediatek Helio G99,5000.0,6.78,2023,1,4G,Android 13,https://www.gsmarena.com/tecno_spark_20_pro-12747.php,2026-09-16T08:07:32
Tecno Spark 20 Pro,Tecno,12GB,256GB,Mediatek Helio G99,5000.0,6.78,2023,1,4G,Android 13,https://www.gsmarena.com/tecno_spark_20_pro-12747.php,2026-09-16T08:07:32
Tecno Spark 20,Tecno,4GB,128GB,Mediatek MT6769Z Helio G85,5000.0,6.6,2023,0,4G,Android 13,https://www.gsmarena.com/tecno_spark_20-12722.php,2026-09-16T08:08:10
Tecno Spark 20,Tecno,8GB,128GB,Mediatek MT6769Z Helio G85,5000.0,6.6,2023,0,4G,Android 13,https://www.gsmarena.com/tecno_spark_20-12722.php,2026-09-16T08:08:10
Tecno Spark 20,Tecno,8GB,256GB,Mediatek MT6769Z Helio G85,5000.0,6.6,2023,0,4G,Android 13,https://www.gsmarena.com/tecno_spark_20-12722.php,2026-09-16T08:08:10
Tecno Spark 20C,Tecno,4GB,128GB,Mediatek Helio G36,5000.0,6.6,2023,0,4G,Android 13,https://www.gsmarena.com/tecno_spark_20c-12710.php,2026-09-16T08:08:37
Tecno Spark 20C,Tecno,8GB,128GB,Mediatek Helio G36,5000.0,6.6,2023,0,4G,Android 13,https://www.gsmarena.com/tecno_spark_20c-12710.php,2026-09-16T08:08:37
Tecno Spark 20C,Tecno,4GB,256GB,Mediatek Helio G36,5000.0,6.6,2023,0,4G,Android 13,https://www.gsmarena.com/tecno_spark_20c-12710.php,2026-09-16T08:08:37
Tecno Spark Go 2024,Tecno,2GB,64GB,Unisoc T606,5000.0,6.6,2023,0,4G,Android 13 (Go edition),https://www.gsmarena.com/tecno_spark_go_2024-12702.php,2026-09-16T08:09:01
Tecno Spark Go 2024,Tecno,3GB,64GB,Unisoc T606,5000.0,6.6,2023,0,4G,Android 13 (Go edition),https://www.gsmarena.com/tecno_spark_go_2024-12702.php,2026-09-16T08:09:01
Tecno Spark Go 2024,Tecno,4GB,64GB,Unisoc T606,5000.0,6.6,2023,0,4G,Android 13 (Go edition),https://www.gsmarena.com/tecno_spark_go_2024-12702.php,2026-09-16T08:09:01
Tecno Spark Go 2024,Tecno,4GB,128GB,Unisoc T606,5000.0,6.6,2023,0,4G,Android 13 (Go edition),https://www.gsmarena.com/tecno_spark_go_2024-12702.php,2026-09-16T08:09:01
Tecno Pop 8,Tecno,2GB,64GB,Unisoc T606,5000.0,6.6,2023,0,4G,Android 13 (Go edition),https://www.gsmarena.com/tecno_pop_8-12644.php,2026-09-16T08:09:28
Tecno Pop 8,Tecno,3GB,64GB,Unisoc T606,5000.0,6.6,2023,0,4G,Android 13 (Go edition),https://www.gsmarena.com/tecno_pop_8-12644.php,2026-09-16T08:09:28
Tecno Pop 8,Tecno,4GB,64GB,Unisoc T606,5000.0,6.6,2023,0,4G,Android 13 (Go edition),https://www.gsmarena.com/tecno_pop_8-12644.php,2026-09-16T08:09:28
Tecno Pop 8,Tecno,4GB,128GB,Unisoc T606,5000.0,6.6,2023,0,4G,Android 13 (Go edition),https://www.gsmarena.com/tecno_pop_8-12644.php,2026-09-16T08:09:28
Tecno Camon 20s Pro 5G,Tecno,8GB,128GB,Mediatek Dimensity 8020,5000.0,6.67,2023,0,5G,Android 13,https://www.gsmarena.com/tecno_camon_20s_pro_5g-12933.php,2026-09-16T08:09:52
Tecno Camon 20s Pro 5G,Tecno,8GB,256GB,Mediatek Dimensity 8020,5000.0,6.67,2023,0,5G,Android 13,https://www.gsmarena.com/tecno_camon_20s_pro_5g-12933.php,2026-09-16T08:09:52
Tecno Phantom V Flip,Tecno,8GB,256GB,Mediatek Dimensity 8050,4000.0,6.9,2023,1,5G,Android 13,https://www.gsmarena.com/tecno_phantom_v_flip-12580.php,2026-09-16T08:10:24
Tecno Pova 5 Pro,Tecno,8GB,128GB,Mediatek Dimensity 6080,5000.0,6.78,2023,1,5G,Android 13,https://www.gsmarena.com/tecno_pova_5_pro-12448.php,2026-09-16T08:10:52
Tecno Pova 5 Pro,Tecno,8GB,256GB,Mediatek Dimensity 6080,5000.0,6.78,2023,1,5G,Android 13,https://www.gsmarena.com/tecno_pova_5_pro-12448.php,2026-09-16T08:10:52
Tecno Pova Neo 3,Tecno,4GB,128GB,Mediatek MT6769Z Helio G85,7000.0,6.82,2023,1,4G,Android 13,https://www.gsmarena.com/tecno_pova_neo_3-12394.php,2026-09-16T08:11:14
Tecno Pova Neo 3,Tecno,8GB,128GB,Mediatek MT6769Z Helio G85,7000.0,6.82,2023,1,4G,Android 13,https://www.gsmarena.com/tecno_pova_neo_3-12394.php,2026-09-16T08:11:14
Tecno Pova 5,Tecno,8GB,128GB,Mediatek Helio G99,6000.0,6.78,2023,1,4G,Android 13,https://www.gsmarena.com/tecno_pova_5-12393.php,2026-09-16T08:11:53
Tecno Pova 5,Tecno,8GB,256GB,Mediatek Helio G99,6000.0,6.78,2023,1,4G,Android 13,https://www.gsmarena.com/tecno_pova_5-12393.php,2026-09-16T08:11:53
Tecno Camon 20 Premier,Tecno,8GB,512GB,Mediatek Dimensity 8050,5000.0,6.67,2023,1,5G,Android 13,https://www.gsmarena.com/tecno_camon_20_premier-12256.php,2026-09-16T08:12:20
Tecno Camon 20 Pro 5G,Tecno,8GB,256GB,Mediatek Dimensity 8050,5000.0,6.67,2023,1,5G,Android 13,https://www.gsmarena.com/tecno_camon_20_pro_5g-12255.php,2026-09-16T08:12:45
Tecno Camon 20 Pro,Tecno,8GB,256GB,Mediatek Helio G99,5000.0,6.67,2023,1,4G,Android 13,https://www.gsmarena.com/tecno_camon_20_pro-12254.php,2026-09-16T08:13:13
Tecno Camon 20,Tecno,8GB,256GB,Mediatek MT6769Z Helio G85,5000.0,6.67,2023,0,4G,Android 13,https://www.gsmarena.com/tecno_camon_20-12253.php,2026-09-16T08:13:35
Tecno Pop 7,Tecno,2GB,64GB,,5000.0,6.6,2023,0,4G,Android 12 (Go edition),https://www.gsmarena.com/tecno_pop_7-12202.php,2026-09-16T08:14:13
Tecno Spark 10 5G,Tecno,4GB,64GB,Mediatek Dimensity 6020,5000.0,6.6,2023,0,5G,Android 13,https://www.gsmarena.com/tecno_spark_10_5g-12179.php,2026-09-16T08:14:52
Tecno Spark 10 5G,Tecno,8GB,128GB,Mediatek Dimensity 6020,5000.0,6.6,2023,0,5G,Android 13,https://www.gsmarena.com/tecno_spark_10_5g-12179.php,2026-09-16T08:14:52
Tecno Spark 10 5G,Tecno,8GB,256GB,Mediatek Dimensity 6020,5000.0,6.6,2023,0,5G,Android 13,https://www.gsmarena.com/tecno_spark_10_5g-12179.php,2026-09-16T08:14:52
Tecno Spark 10C,Tecno,4GB,64GB,Unisoc T606,5000.0,6.6,2023,0,4G,Android 12,https://www.gsmarena.com/tecno_spark_10c-12199.php,2026-09-16T08:15:33
Tecno Spark 10C,Tecno,4GB,128GB,Unisoc T606,5000.0,6.6,2023,0,4G,Android 12,https://www.gsmarena.com/tecno_spark_10c-12199.php,2026-09-16T08:15:33
Tecno Spark 10C,Tecno,8GB,128GB,Unisoc T606,5000.0,6.6,2023,0,4G,Android 12,https://www.gsmarena.com/tecno_spark_10c-12199.php,2026-09-16T08:15:33
Tecno Spark 10,Tecno,4GB,64GB,Mediatek MT6765 Helio G37,5000.0,6.6,2023,1,4G,Android 13,https://www.gsmarena.com/tecno_spark_10-12178.php,2026-09-16T08:15:58
Tecno Spark 10,Tecno,4GB,128GB,Mediatek MT6765 Helio G37,5000.0,6.6,2023,1,4G,Android 13,https://www.gsmarena.com/tecno_spark_10-12178.php,2026-09-16T08:15:58
Tecno Spark 10,Tecno,8GB,128GB,Mediatek MT6765 Helio G37,5000.0,6.6,2023,1,4G,Android 13,https://www.gsmarena.com/tecno_spark_10-12178.php,2026-09-16T08:15:58
Tecno Spark 10 Pro,Tecno,4GB,128GB,Mediatek MT6769H Helio G88,5000.0,6.8,2023,1,4G,Android 13,https://www.gsmarena.com/tecno_spark_10_pro-12156.php,2026-09-16T08:16:35
Tecno Spark 10 Pro,Tecno,8GB,128GB,Mediatek MT6769H Helio G88,5000.0,6.8,2023,1,4G,Android 13,https://www.gsmarena.com/tecno_spark_10_pro-12156.php,2026-09-16T08:16:35
Tecno Spark 10 Pro,Tecno,8GB,256GB,Mediatek MT6769H Helio G88,5000.0,6.8,2023,1,4G,Android 13,https://www.gsmarena.com/tecno_spark_10_pro-12156.php,2026-09-16T08:16:35
Tecno Phantom V Fold,Tecno,12GB,256GB,Mediatek Dimensity 9000+,5000.0,7.85,2023,1,5G,Android 13,https://www.gsmarena.com/tecno_phantom_v_fold-12150.php,2026-09-16T08:17:14
Tecno Phantom V Fold,Tecno,12GB,512GB,Mediatek Dimensity 9000+,5000.0,7.85,2023,1,5G,Android 13,https://www.gsmarena.com/tecno_phantom_v_fold-12150.php,2026-09-16T08:17:14
Tecno Pop 7 Pro,Tecno,3GB,64GB,Mediatek MT6761 Helio A22,5000.0,6.6,2023,0,4G,Android 12,https://www.gsmarena.com/tecno_pop_7_pro-12108.php,2026-09-16T08:17:43
Tecno Spark Go 2023,Tecno,3GB,32GB,Mediatek MT6761 Helio A22,5000.0,6.6,2023,0,4G,Android 12,https://www.gsmarena.com/tecno_spark_go_2023-12086.php,2026-09-16T08:18:17
Tecno Spark Go 2023,Tecno,3GB,64GB,Mediatek MT6761 Helio A22,5000.0,6.6,2023,0,4G,Android 12,https://www.gsmarena.com/tecno_spark_go_2023-12086.php,2026-09-16T08:18:17
Tecno Spark Go 2023,Tecno,4GB,64GB,Mediatek MT6761 Helio A22,5000.0,6.6,2023,0,4G,Android 12,https://www.gsmarena.com/tecno_spark_go_2023-12086.php,2026-09-16T08:18:17
Tecno Phantom X2 Pro,Tecno,12GB,256GB,Mediatek Dimensity 9000,5160.0,6.8,2022,1,5G,Android 12,https://www.gsmarena.com/tecno_phantom_x2_pro-12010.php,2026-09-16T08:18:56
Tecno Phantom X2,Tecno,8GB,256GB,Mediatek Dimensity 9000,5160.0,6.8,2022,1,5G,Android 12,https://www.gsmarena.com/tecno_phantom_x2-12009.php,2026-09-16T08:19:22
Tecno Pova 4,Tecno,8GB,128GB,Mediatek Helio G99,6000.0,6.82,2022,1,4G,Android 12,https://www.gsmarena.com/tecno_pova_4-11926.php,2026-09-16T08:19:52
Tecno Pova 4 Pro,Tecno,8GB,256GB,Mediatek Helio G99,6000.0,6.66,2022,1,4G,Android 12,https://www.gsmarena.com/tecno_pova_4_pro-11925.php,2026-09-16T08:20:31
Tecno Pova Neo 2,Tecno,4GB,64GB,Mediatek MT6769Z Helio G85,7000.0,6.82,2022,1,4G,Android 12,https://www.gsmarena.com/tecno_pova_neo_2-11900.php,2026-09-16T08:21:02
Tecno Pova Neo 2,Tecno,4GB,128GB,Mediatek MT6769Z Helio G85,7000.0,6.82,2022,1,4G,Android 12,https://www.gsmarena.com/tecno_pova_neo_2-11900.php,2026-09-16T08:21:02
Tecno Pova Neo 2,Tecno,6GB,128GB,Mediatek MT6769Z Helio G85,7000.0,6.82,2022,1,4G,Android 12,https://www.gsmarena.com/tecno_pova_neo_2-11900.php,2026-09-16T08:21:02
Tecno Pova Neo 5G,Tecno,4GB,128GB,Mediatek Dimensity 810,6000.0,6.8,2022,0,5G,Android 12,https://www.gsmarena.com/tecno_pova_neo_5g-11898.php,2026-09-16T08:21:42
Tecno Pop 6 Pro,Tecno,2GB,32GB,Mediatek MT6761 Helio A22,5000.0,6.56,2022,0,4G,Android 12 (Go edition),https://www.gsmarena.com/tecno_pop_6_pro-11886.php,2026-09-16T08:22:15
Tecno Spark 9T (India),Tecno,4GB,64GB,Mediatek MT6765G Helio G35,5000.0,6.6,2022,0,4G,Android 11,https://www.gsmarena.com/tecno_spark_9t_(india)-11732.php,2026-09-16T08:22:41
Tecno Spark 9,Tecno,3GB,64GB,Mediatek MT6765V/CB Helio G37,5000.0,6.6,2022,0,4G,Android 12,https://www.gsmarena.com/tecno_spark_9-11694.php,2026-09-16T08:23:10
Tecno Spark 9,Tecno,4GB,64GB,Mediatek MT6765V/CB Helio G37,5000.0,6.6,2022,0,4G,Android 12,https://www.gsmarena.com/tecno_spark_9-11694.php,2026-09-16T08:23:10
Tecno Spark 9,Tecno,6GB,128GB,Mediatek MT6765V/CB Helio G37,5000.0,6.6,2022,0,4G,Android 12,https://www.gsmarena.com/tecno_spark_9-11694.php,2026-09-16T08:23:10
Tecno Spark 9T,Tecno,4GB,64GB,Mediatek MT6765V/CB Helio G37,5000.0,6.6,2022,0,4G,Android 12,https://www.gsmarena.com/tecno_spark_9t-11631.php,2026-09-16T08:23:43
Tecno Spark 9T,Tecno,4GB,128GB,Mediatek MT6765V/CB Helio G37,5000.0,6.6,2022,0,4G,Android 12,https://www.gsmarena.com/tecno_spark_9t-11631.php,2026-09-16T08:23:43
Tecno Camon 19 Pro 5G,Tecno,8GB,128GB,Mediatek Dimensity 810,5000.0,6.8,2022,1,5G,Android 12,https://www.gsmarena.com/tecno_camon_19_pro_5g-11625.php,2026-09-16T08:24:14
Tecno Camon 19 Pro 5G,Tecno,8GB,256GB,Mediatek Dimensity 810,5000.0,6.8,2022,1,5G,Android 12,https://www.gsmarena.com/tecno_camon_19_pro_5g-11625.php,2026-09-16T08:24:14
Tecno Camon 19 Pro,Tecno,8GB,128GB,Mediatek MT6781 Helio G96,5000.0,6.8,2022,1,4G,Android 12,https://www.gsmarena.com/tecno_camon_19_pro-11618.php,2026-09-16T08:24:38
Tecno Camon 19 Pro,Tecno,8GB,256GB,Mediatek MT6781 Helio G96,5000.0,6.8,2022,1,4G,Android 12,https://www.gsmarena.com/tecno_camon_19_pro-11618.php,2026-09-16T08:24:38
Tecno Camon 19,Tecno,4GB,128GB,Mediatek MT6769Z Helio G85,5000.0,6.8,2022,1,4G,Android 12,https://www.gsmarena.com/tecno_camon_19-11617.php,2026-09-16T08:25:11
Tecno Camon 19,Tecno,6GB,128GB,Mediatek MT6769Z Helio G85,5000.0,6.8,2022,1,4G,Android 12,https://www.gsmarena.com/tecno_camon_19-11617.php,2026-09-16T08:25:11
Tecno Camon 19 Neo,Tecno,6GB,128GB,Mediatek MT6769Z Helio G85,5000.0,6.8,2022,1,4G,Android 12,https://www.gsmarena.com/tecno_camon_19_neo-11619.php,2026-09-16T08:25:38
Tecno Pop 6,Tecno,2GB,32GB,,5000.0,6.1,2022,0,4G,Android 11 (Go edition),https://www.gsmarena.com/tecno_pop_6-11781.php,2026-09-16T08:26:26
Tecno Spark 9 Pro,Tecno,4GB,128GB,Mediatek MT6769Z Helio G85,5000.0,6.6,2022,1,4G,Android 12,https://www.gsmarena.com/tecno_spark_9_pro-11603.php,2026-09-16T08:27:03
Tecno Spark 9 Pro,Tecno,6GB,128GB,Mediatek MT6769Z Helio G85,5000.0,6.6,2022,1,4G,Android 12,https://www.gsmarena.com/tecno_spark_9_pro-11603.php,2026-09-16T08:27:03
Tecno Pova 3,Tecno,4GB,64GB,Mediatek MT6769H Helio G88,7000.0,6.9,2022,1,4G,Android 11,https://www.gsmarena.com/tecno_pova_3-11553.php,2026-09-16T08:27:31
Tecno Pova 3,Tecno,6GB,128GB,Mediatek MT6769H Helio G88,7000.0,6.9,2022,1,4G,Android 11,https://www.gsmarena.com/tecno_pova_3-11553.php,2026-09-16T08:27:31
Tecno Pop 6 Go,Tecno,1GB,16GB,,4000.0,6.0,2022,0,4G,Android 11 (Go edition),https://www.gsmarena.com/tecno_pop_6_go-11782.php,2026-09-16T08:27:59
Tecno Pop 6 Go,Tecno,2GB,32GB,,4000.0,6.0,2022,0,4G,Android 11 (Go edition),https://www.gsmarena.com/tecno_pop_6_go-11782.php,2026-09-16T08:27:59
Tecno Pop 5S,Tecno,2GB,32GB,,3020.0,5.7,2022,0,4G,Android 10 (Go edition),https://www.gsmarena.com/tecno_pop_5s-11352.php,2026-09-16T08:28:23
Nokia 300 Charge,Nokia,,,Unisoc SC6531E,3700.0,0.0,2026,0,2G,Unisoc SC6531E,https://www.gsmarena.com/nokia_300_charge-14895.php,2026-09-16T08:36:21
Nokia 123 Shield,Nokia,,,Unisoc SC6531E,1750.0,0.0,2026,0,2G,Unisoc SC6531E,https://www.gsmarena.com/nokia_123_shield-14818.php,2026-09-16T08:36:50
Nokia 235 4G (2026),Nokia,,,,1450.0,0.0,2026,0,4G,,https://www.gsmarena.com/nokia_235_4g_2nd_edition-14773.php,2026-09-16T08:37:29
Nokia 215 4G (2026),Nokia,,,,1450.0,0.0,2026,0,4G,,https://www.gsmarena.com/nokia_215_4g_2nd_edition-14774.php,2026-09-16T08:38:01
Nokia 210 4G,Nokia,,,,1450.0,0.0,2026,0,4G,,https://www.gsmarena.com/nokia_210_4g-14775.php,2026-09-16T08:38:36
Nokia 200 4G,Nokia,,,,1450.0,0.0,2026,0,4G,,https://www.gsmarena.com/nokia_200_4g-14776.php,2026-09-16T08:39:16
Nokia 110 Power,Nokia,,,,1750.0,0.0,2026,0,2G,,https://www.gsmarena.com/nokia_110_power-14481.php,2026-09-16T08:39:40
Nokia 150 Music,Nokia,,,Unisoc 6531F,2500.0,0.0,2025,0,2G,Unisoc 6531F,https://www.gsmarena.com/nokia_150_music-13688.php,2026-09-16T08:40:18
Nokia 130 Music,Nokia,,,Unisoc 6531F,2500.0,0.0,2025,0,2G,Unisoc 6531F,https://www.gsmarena.com/nokia_130_music-13686.php,2026-09-16T08:41:00
Nokia 110 4G 2nd Edition,Nokia,,,,1450.0,0.0,2024,0,4G,,https://www.gsmarena.com/nokia_110_4g_2nd_edition-13584.php,2026-09-16T08:41:27
Nokia 105 4G 2nd Edition,Nokia,,,,1450.0,0.0,2024,0,4G,,https://www.gsmarena.com/nokia_105_4g_2nd_edition-13583.php,2026-09-16T08:41:59
Nokia 108 4G (2024),Nokia,,,,1450.0,0.0,2024,0,4G,,https://www.gsmarena.com/nokia_108_4g_(2024)-13482.php,2026-09-16T08:42:33
Nokia 110 4G (2024),Nokia,,,,1000.0,0.0,2024,0,4G,,https://www.gsmarena.com/nokia_110_4g_(2024)-13471.php,2026-09-16T08:43:06
Nokia 105 (2024),Nokia,,,,1000.0,0.0,2024,0,2G,RTOS OS,https://www.gsmarena.com/nokia_105_(2024)-13188.php,2026-09-16T08:43:34
Nokia 220 4G (2024),Nokia,,,Unisoc T107,1450.0,0.0,2024,0,4G,Unisoc T107 (22 nm),https://www.gsmarena.com/nokia_220_4g_(2024)-13167.php,2026-09-16T08:43:59
Nokia 3210,Nokia,,,Unisoc T107,1450.0,0.0,2024,0,4G,Unisoc T107 (22 nm),https://www.gsmarena.com/nokia_3210-12990.php,2026-09-16T08:44:30
Nokia 235 4G (2024),Nokia,,,Unisoc T107,1450.0,0.0,2024,0,4G,Unisoc T107 (22 nm),https://www.gsmarena.com/nokia_235_4g_(2024)-12967.php,2026-09-16T08:44:58
Nokia 225 4G (2024),Nokia,,,Unisoc T107,1450.0,0.0,2024,0,4G,Unisoc T107 (22 nm),https://www.gsmarena.com/nokia_225_4g_(2024)-12968.php,2026-09-16T08:45:22
Nokia 215 4G (2024),Nokia,,,Unisoc T107,1450.0,0.0,2024,0,4G,Unisoc T107 (22 nm),https://www.gsmarena.com/nokia_215_4g_(2024)-12969.php,2026-09-16T08:45:55
Nokia 6310 (2024),Nokia,,,Unisoc 6531F,1450.0,0.0,2024,0,2G,Unisoc 6531F,https://www.gsmarena.com/nokia_6310_(2024)-12926.php,2026-09-16T08:46:35
Nokia 5310 (2024),Nokia,,,Unisoc 6531F,1450.0,0.0,2024,0,2G,Unisoc 6531F,https://www.gsmarena.com/nokia_5310_(2024)-12927.php,2026-09-16T08:47:08
Nokia 230 (2024),Nokia,,,Unisoc 6531F,1450.0,0.0,2024,0,2G,Unisoc 6531F,https://www.gsmarena.com/nokia_230_(2024)-12928.php,2026-09-16T08:47:44
Nokia C210,Nokia,3GB,32GB,Qualcomm SM6115 Snapdragon 662,3000.0,6.3,2023,0,4G,Android 13,https://www.gsmarena.com/nokia_c210-12472.php,2026-09-16T08:48:25
Nokia G310,Nokia,4GB,128GB,Qualcomm SM4350-AC Snapdragon 480+ 5G,5000.0,6.56,2023,0,5G,Android 13,https://www.gsmarena.com/nokia_g310-12471.php,2026-09-16T08:48:49
Nokia 150 (2023),Nokia,,,,1450.0,0.0,2023,0,2G,,https://www.gsmarena.com/nokia_150_(2023)-12465.php,2026-09-16T08:49:13
Nokia 130 (2023),Nokia,,,,1450.0,0.0,2023,0,2G,,https://www.gsmarena.com/nokia_130_(2023)-12464.php,2026-09-16T08:49:34
Nokia G42,Nokia,4GB,128GB,Qualcomm SM4350-AC Snapdragon 480+ 5G,5000.0,6.56,2023,1,5G,Android 13,https://www.gsmarena.com/nokia_g42-12381.php,2026-09-16T08:50:17
Nokia G42,Nokia,6GB,128GB,Qualcomm SM4350-AC Snapdragon 480+ 5G,5000.0,6.56,2023,1,5G,Android 13,https://www.gsmarena.com/nokia_g42-12381.php,2026-09-16T08:50:17
Nokia G42,Nokia,8GB,256GB,Qualcomm SM4350-AC Snapdragon 480+ 5G,5000.0,6.56,2023,1,5G,Android 13,https://www.gsmarena.com/nokia_g42-12381.php,2026-09-16T08:50:17
Nokia C300,Nokia,3GB,32GB,Qualcomm SM6115 Snapdragon 662,4000.0,6.52,2023,0,4G,Android 12,https://www.gsmarena.com/nokia_c300-12322.php,2026-09-16T08:50:44
Nokia C110,Nokia,3GB,32GB,Mediatek MT6762 Helio P22,3000.0,6.3,2023,0,4G,Android 12,https://www.gsmarena.com/nokia_c110-12321.php,2026-09-16T08:51:06
Nokia 110 4G (2023),Nokia,,,,1450.0,0.0,2023,0,4G,,https://www.gsmarena.com/nokia_110_4g_(2023)-12285.php,2026-09-16T08:51:46
Nokia 110 (2023),Nokia,,,,1000.0,0.0,2023,0,2G,,https://www.gsmarena.com/nokia_110_(2023)-12284.php,2026-09-16T08:52:12
Nokia 106 4G (2023),Nokia,,,,1450.0,0.0,2023,0,4G,,https://www.gsmarena.com/nokia_106_4g_(2023)-12286.php,2026-09-16T08:52:36
Nokia 106 (2023),Nokia,,,,1000.0,0.0,2023,0,2G,,https://www.gsmarena.com/nokia_106_(2023)-12283.php,2026-09-16T08:53:07
Nokia 105 4G (2023),Nokia,,,,1450.0,0.0,2023,0,4G,,https://www.gsmarena.com/nokia_105_4g_(2023)-12282.php,2026-09-16T08:53:37
Nokia 105 (2023),Nokia,,,,1000.0,0.0,2023,0,2G,,https://www.gsmarena.com/nokia_105_(2023)-12281.php,2026-09-16T08:54:15
Nokia XR21,Nokia,6GB,128GB,Qualcomm SM6375 Snapdragon 695 5G,4800.0,6.49,2023,1,5G,Android 12,https://www.gsmarena.com/nokia_xr21-12244.php,2026-09-16T08:54:46
Nokia C12 Plus,Nokia,2GB,32GB,Unisoc SC9863A1,4000.0,6.3,2023,0,4G,Android 12 (Go edition),https://www.gsmarena.com/nokia_c12_plus-12210.php,2026-09-16T08:55:26
Nokia C12 Pro,Nokia,2GB,64GB,Unisoc SC9863A1,4000.0,6.3,2023,0,4G,Android 12 (Go edition),https://www.gsmarena.com/nokia_c12_pro-12184.php,2026-09-16T08:55:52
Nokia C12 Pro,Nokia,3GB,64GB,Unisoc SC9863A1,4000.0,6.3,2023,0,4G,Android 12 (Go edition),https://www.gsmarena.com/nokia_c12_pro-12184.php,2026-09-16T08:55:52
Nokia C12 Pro,Nokia,4GB,64GB,Unisoc SC9863A1,4000.0,6.3,2023,0,4G,Android 12 (Go edition),https://www.gsmarena.com/nokia_c12_pro-12184.php,2026-09-16T08:55:52
Nokia C32,Nokia,3GB,64GB,Unisoc SC9863A1,5000.0,6.5,2023,0,4G,Android 13,https://www.gsmarena.com/nokia_c32-12139.php,2026-09-16T08:56:31
Nokia C32,Nokia,4GB,64GB,Unisoc SC9863A1,5000.0,6.5,2023,0,4G,Android 13,https://www.gsmarena.com/nokia_c32-12139.php,2026-09-16T08:56:31
Nokia C32,Nokia,4GB,128GB,Unisoc SC9863A1,5000.0,6.5,2023,0,4G,Android 13,https://www.gsmarena.com/nokia_c32-12139.php,2026-09-16T08:56:31
Nokia C32,Nokia,6GB,128GB,Unisoc SC9863A1,5000.0,6.5,2023,0,4G,Android 13,https://www.gsmarena.com/nokia_c32-12139.php,2026-09-16T08:56:31
Nokia C22,Nokia,2GB,64GB,Unisoc SC9863A,5000.0,6.5,2023,0,4G,Android 13 (Go edition),https://www.gsmarena.com/nokia_c22-12138.php,2026-09-16T08:57:08
Nokia C22,Nokia,3GB,64GB,Unisoc SC9863A,5000.0,6.5,2023,0,4G,Android 13 (Go edition),https://www.gsmarena.com/nokia_c22-12138.php,2026-09-16T08:57:08
Nokia C22,Nokia,4GB,128GB,Unisoc SC9863A,5000.0,6.5,2023,0,4G,Android 13 (Go edition),https://www.gsmarena.com/nokia_c22-12138.php,2026-09-16T08:57:08
Nokia G22,Nokia,4GB,64GB,Unisoc T606,5050.0,6.5,2023,1,4G,Android 12,https://www.gsmarena.com/nokia_g22-12137.php,2026-09-16T08:57:39
Nokia G22,Nokia,4GB,128GB,Unisoc T606,5050.0,6.5,2023,1,4G,Android 12,https://www.gsmarena.com/nokia_g22-12137.php,2026-09-16T08:57:39
Nokia G22,Nokia,6GB,256GB,Unisoc T606,5050.0,6.5,2023,1,4G,Android 12,https://www.gsmarena.com/nokia_g22-12137.php,2026-09-16T08:57:39
Nokia C02,Nokia,2GB,32GB,,3000.0,5.45,2023,0,4G,Android 12 (Go edition),https://www.gsmarena.com/nokia_c02-12136.php,2026-09-16T08:58:07
Nokia C12,Nokia,2GB,64GB,Unisoc SC9863A1,3000.0,6.3,2023,0,4G,Android 12 (Go edition),https://www.gsmarena.com/nokia_c12-12085.php,2026-09-16T08:58:40
Nokia C12,Nokia,3GB,64GB,Unisoc SC9863A1,3000.0,6.3,2023,0,4G,Android 12 (Go edition),https://www.gsmarena.com/nokia_c12-12085.php,2026-09-16T08:58:40
Nokia 2780 Flip,Nokia,,4GB,Qualcomm QM215 Snapdragon 215,1450.0,0.0,2022,0,4G,KaiOS 3.1,https://www.gsmarena.com/nokia_2780_flip-11973.php,2026-09-16T08:59:09
Nokia X30,Nokia,6GB,128GB,Qualcomm SM6375 Snapdragon 695 5G,4200.0,6.43,2022,1,5G,Android 12,https://www.gsmarena.com/nokia_x30-11831.php,2026-09-16T08:59:42
Nokia X30,Nokia,8GB,128GB,Qualcomm SM6375 Snapdragon 695 5G,4200.0,6.43,2022,1,5G,Android 12,https://www.gsmarena.com/nokia_x30-11831.php,2026-09-16T08:59:42
Nokia X30,Nokia,8GB,256GB,Qualcomm SM6375 Snapdragon 695 5G,4200.0,6.43,2022,1,5G,Android 12,https://www.gsmarena.com/nokia_x30-11831.php,2026-09-16T08:59:42
Nokia G100,Nokia,3GB,32GB,Qualcomm SM6115 Snapdragon 662,5000.0,6.52,2022,0,4G,Android 12,https://www.gsmarena.com/nokia_g100-12373.php,2026-09-16T09:00:04
Nokia G100,Nokia,4GB,128GB,Qualcomm SM6115 Snapdragon 662,5000.0,6.52,2022,0,4G,Android 12,https://www.gsmarena.com/nokia_g100-12373.php,2026-09-16T09:00:04
Nokia G60,Nokia,4GB,64GB,Qualcomm SM6375 Snapdragon 695 5G,4500.0,6.58,2022,1,5G,Android 12,https://www.gsmarena.com/nokia_g60-11826.php,2026-09-16T09:00:25
Nokia G60,Nokia,4GB,128GB,Qualcomm SM6375 Snapdragon 695 5G,4500.0,6.58,2022,1,5G,Android 12,https://www.gsmarena.com/nokia_g60-11826.php,2026-09-16T09:00:25
Nokia G60,Nokia,6GB,128GB,Qualcomm SM6375 Snapdragon 695 5G,4500.0,6.58,2022,1,5G,Android 12,https://www.gsmarena.com/nokia_g60-11826.php,2026-09-16T09:00:25
Nokia C31,Nokia,3GB,32GB,Unisoc SC9863A,5050.0,6.75,2022,0,4G,Android 12,https://www.gsmarena.com/nokia_c31-11825.php,2026-09-16T09:00:48
Nokia C31,Nokia,4GB,64GB,Unisoc SC9863A,5050.0,6.75,2022,0,4G,Android 12,https://www.gsmarena.com/nokia_c31-11825.php,2026-09-16T09:00:48
Nokia C31,Nokia,4GB,128GB,Unisoc SC9863A,5050.0,6.75,2022,0,4G,Android 12,https://www.gsmarena.com/nokia_c31-11825.php,2026-09-16T09:00:48
Nokia T21,Nokia,4GB,64GB,Unisoc Tiger T612,8200.0,0.0,2022,1,4G,Android 12,https://www.gsmarena.com/nokia_t21-11823.php,2026-09-16T09:01:15
Nokia T21,Nokia,4GB,128GB,Unisoc Tiger T612,8200.0,0.0,2022,1,4G,Android 12,https://www.gsmarena.com/nokia_t21-11823.php,2026-09-16T09:01:15
Nokia G400,Nokia,4GB,64GB,Qualcomm SM4350-AC Snapdragon 480+ 5G,5000.0,6.58,2022,1,5G,Android 12,https://www.gsmarena.com/nokia_g400-11818.php,2026-09-16T09:01:39
Nokia 110 (2022),Nokia,,,,1000.0,0.0,2022,0,2G,,https://www.gsmarena.com/nokia_110_(2022)-11741.php,2026-09-16T09:02:16
Nokia 8210 4G,Nokia,,,Unisoc T107,1450.0,0.0,2022,0,4G,Unisoc T107 (22 nm),https://www.gsmarena.com/nokia_8210_4g-11666.php,2026-09-16T09:02:55
Nokia 5710 XpressAudio,Nokia,,,Unisoc T107,1450.0,0.0,2022,0,4G,Unisoc T107 (22 nm),https://www.gsmarena.com/nokia_5710_xpressaudio-11667.php,2026-09-16T09:03:20
Nokia 2760 Flip,Nokia,,4GB,,1450.0,0.0,2022,0,4G,KaiOS 3.1,https://www.gsmarena.com/nokia_2760_flip-11670.php,2026-09-16T09:03:56
Nokia 2660 Flip,Nokia,,,Unisoc T107,1450.0,0.0,2022,0,4G,Unisoc T107 (22 nm),https://www.gsmarena.com/nokia_2660_flip-11668.php,2026-09-16T09:04:18
Nokia T10,Nokia,3GB,32GB,Unisoc T606,5250.0,8.0,2022,0,4G,Android 12,https://www.gsmarena.com/nokia_t10-11669.php,2026-09-16T09:04:47
Nokia T10,Nokia,4GB,64GB,Unisoc T606,5250.0,8.0,2022,0,4G,Android 12,https://www.gsmarena.com/nokia_t10-11669.php,2026-09-16T09:04:47
Nokia G11 Plus,Nokia,3GB,32GB,Unisoc T606,5000.0,6.52,2022,0,4G,Android 12,https://www.gsmarena.com/nokia_g11_plus-11644.php,2026-09-16T09:05:25
Nokia G11 Plus,Nokia,3GB,64GB,Unisoc T606,5000.0,6.52,2022,0,4G,Android 12,https://www.gsmarena.com/nokia_g11_plus-11644.php,2026-09-16T09:05:25
Nokia G11 Plus,Nokia,4GB,64GB,Unisoc T606,5000.0,6.52,2022,0,4G,Android 12,https://www.gsmarena.com/nokia_g11_plus-11644.php,2026-09-16T09:05:25
Nokia G11 Plus,Nokia,3GB,128GB,Unisoc T606,5000.0,6.52,2022,0,4G,Android 12,https://www.gsmarena.com/nokia_g11_plus-11644.php,2026-09-16T09:05:25
Nokia C200,Nokia,3GB,32GB,Mediatek MT6761 Helio A22,4000.0,6.09,2022,0,4G,Android 12,https://www.gsmarena.com/nokia_c200-11629.php,2026-09-16T09:05:55
Nokia C100,Nokia,3GB,32GB,Mediatek MT6761 Helio A22,3000.0,5.45,2022,0,4G,Android 12,https://www.gsmarena.com/nokia_c100-11628.php,2026-09-16T09:06:34
Nokia C21 Plus,Nokia,2GB,32GB,Unisoc SC9863A,5050.0,6.52,2022,0,4G,Android 11 (Go edition),https://www.gsmarena.com/nokia_c21_plus-11381.php,2026-09-16T09:07:10
Nokia C21 Plus,Nokia,3GB,32GB,Unisoc SC9863A,5050.0,6.52,2022,0,4G,Android 11 (Go edition),https://www.gsmarena.com/nokia_c21_plus-11381.php,2026-09-16T09:07:10
Nokia C21 Plus,Nokia,2GB,64GB,Unisoc SC9863A,5050.0,6.52,2022,0,4G,Android 11 (Go edition),https://www.gsmarena.com/nokia_c21_plus-11381.php,2026-09-16T09:07:10
Nokia C21 Plus,Nokia,3GB,64GB,Unisoc SC9863A,5050.0,6.52,2022,0,4G,Android 11 (Go edition),https://www.gsmarena.com/nokia_c21_plus-11381.php,2026-09-16T09:07:10
Nokia C21 Plus,Nokia,4GB,64GB,Unisoc SC9863A,5050.0,6.52,2022,0,4G,Android 11 (Go edition),https://www.gsmarena.com/nokia_c21_plus-11381.php,2026-09-16T09:07:10
Nokia C21,Nokia,2GB,32GB,Unisoc SC9863A,3000.0,6.52,2022,0,4G,Android 11 (Go edition),https://www.gsmarena.com/nokia_c21-11380.php,2026-09-16T09:07:38
Nokia C21,Nokia,3GB,32GB,Unisoc SC9863A,3000.0,6.52,2022,0,4G,Android 11 (Go edition),https://www.gsmarena.com/nokia_c21-11380.php,2026-09-16T09:07:38
Nokia C21,Nokia,3GB,64GB,Unisoc SC9863A,3000.0,6.52,2022,0,4G,Android 11 (Go edition),https://www.gsmarena.com/nokia_c21-11380.php,2026-09-16T09:07:38
Nokia 105+ (2022),Nokia,,,Mediatek MT6261D,0.0,0.0,2022,0,2G,Mediatek MT6261D,https://www.gsmarena.com/nokia_105+_(2022)-11740.php,2026-09-16T09:08:14
Nokia 105 (2022),Nokia,,,Mediatek MT6261D,0.0,0.0,2022,0,2G,Mediatek MT6261D,https://www.gsmarena.com/nokia_105_(2022)-11739.php,2026-09-16T09:08:43
Nokia C2 2nd Edition,Nokia,2GB,16GB,,2400.0,5.7,2022,0,4G,Android 11 (Go edition),https://www.gsmarena.com/nokia_c2_2nd_edition-11382.php,2026-09-16T09:09:06
Nokia C2 2nd Edition,Nokia,1GB,32GB,,2400.0,5.7,2022,0,4G,Android 11 (Go edition),https://www.gsmarena.com/nokia_c2_2nd_edition-11382.php,2026-09-16T09:09:06
Nokia C2 2nd Edition,Nokia,2GB,32GB,,2400.0,5.7,2022,0,4G,Android 11 (Go edition),https://www.gsmarena.com/nokia_c2_2nd_edition-11382.php,2026-09-16T09:09:06
Nokia G11,Nokia,3GB,32GB,Unisoc T606,5050.0,6.5,2022,1,4G,Android 11,https://www.gsmarena.com/nokia_g11-11358.php,2026-09-16T09:09:39
Nokia G11,Nokia,3GB,64GB,Unisoc T606,5050.0,6.5,2022,1,4G,Android 11,https://www.gsmarena.com/nokia_g11-11358.php,2026-09-16T09:09:39
Nokia G11,Nokia,4GB,64GB,Unisoc T606,5050.0,6.5,2022,1,4G,Android 11,https://www.gsmarena.com/nokia_g11-11358.php,2026-09-16T09:09:39
Nokia G21,Nokia,3GB,64GB,Unisoc T606,5050.0,6.5,2022,1,4G,Android 11,https://www.gsmarena.com/nokia_g21-11356.php,2026-09-16T09:10:08
Nokia G21,Nokia,4GB,64GB,Unisoc T606,5050.0,6.5,2022,1,4G,Android 11,https://www.gsmarena.com/nokia_g21-11356.php,2026-09-16T09:10:08
Nokia G21,Nokia,4GB,128GB,Unisoc T606,5050.0,6.5,2022,1,4G,Android 11,https://www.gsmarena.com/nokia_g21-11356.php,2026-09-16T09:10:08
Nokia G21,Nokia,6GB,128GB,Unisoc T606,5050.0,6.5,2022,1,4G,Android 11,https://www.gsmarena.com/nokia_g21-11356.php,2026-09-16T09:10:08
Nokia X100,Nokia,6GB,128GB,Qualcomm SM4350 Snapdragon 480 5G,4470.0,6.67,2021,1,5G,Android 11,https://www.gsmarena.com/nokia_x100-11207.php,2026-09-16T09:10:37
Nokia G300,Nokia,4GB,64GB,Qualcomm SM4350 Snapdragon 480 5G,4470.0,6.52,2021,1,5G,Android 11,https://www.gsmarena.com/nokia_g300-11135.php,2026-09-16T09:11:12
Nokia T20,Nokia,3GB,32GB,Unisoc T610,8200.0,0.0,2021,0,4G,Android 11,https://www.gsmarena.com/nokia_t20-11142.php,2026-09-16T09:11:42
Nokia T20,Nokia,4GB,64GB,Unisoc T610,8200.0,0.0,2021,0,4G,Android 11,https://www.gsmarena.com/nokia_t20-11142.php,2026-09-16T09:11:42
Nokia G50,Nokia,4GB,64GB,Qualcomm SM4350 Snapdragon 480 5G,5000.0,6.82,2021,1,5G,Android 11,https://www.gsmarena.com/nokia_g50-11077.php,2026-09-16T09:12:04
Nokia G50,Nokia,4GB,128GB,Qualcomm SM4350 Snapdragon 480 5G,5000.0,6.82,2021,1,5G,Android 11,https://www.gsmarena.com/nokia_g50-11077.php,2026-09-16T09:12:04
Nokia G50,Nokia,6GB,128GB,Qualcomm SM4350 Snapdragon 480 5G,5000.0,6.82,2021,1,5G,Android 11,https://www.gsmarena.com/nokia_g50-11077.php,2026-09-16T09:12:04
Nokia XR20,Nokia,4GB,64GB,Qualcomm SM4350 Snapdragon 480 5G,4630.0,6.67,2021,1,5G,Android 11,https://www.gsmarena.com/nokia_xr20-11013.php,2026-09-16T09:12:40
Nokia XR20,Nokia,6GB,128GB,Qualcomm SM4350 Snapdragon 480 5G,4630.0,6.67,2021,1,5G,Android 11,https://www.gsmarena.com/nokia_xr20-11013.php,2026-09-16T09:12:40
Nokia C30,Nokia,2GB,32GB,Unisoc SC9863A,6000.0,6.82,2021,0,4G,Android 11 (Go edition),https://www.gsmarena.com/nokia_c30-10967.php,2026-09-16T09:13:19
Nokia C30,Nokia,3GB,32GB,Unisoc SC9863A,6000.0,6.82,2021,0,4G,Android 11 (Go edition),https://www.gsmarena.com/nokia_c30-10967.php,2026-09-16T09:13:19
Nokia C30,Nokia,2GB,64GB,Unisoc SC9863A,6000.0,6.82,2021,0,4G,Android 11 (Go edition),https://www.gsmarena.com/nokia_c30-10967.php,2026-09-16T09:13:19
Nokia C30,Nokia,3GB,64GB,Unisoc SC9863A,6000.0,6.82,2021,0,4G,Android 11 (Go edition),https://www.gsmarena.com/nokia_c30-10967.php,2026-09-16T09:13:19
Nokia C30,Nokia,4GB,64GB,Unisoc SC9863A,6000.0,6.82,2021,0,4G,Android 11 (Go edition),https://www.gsmarena.com/nokia_c30-10967.php,2026-09-16T09:13:19
Nokia 6310 (2021),Nokia,,,Unisoc 6531F,1150.0,0.0,2021,0,2G,Unisoc 6531F,https://www.gsmarena.com/nokia_6310_(2021)-11025.php,2026-09-16T09:13:43
Nokia C1 2nd Edition,Nokia,1GB,16GB,Unisoc SC7731e,2500.0,5.45,2021,0,2G,Android 11 (Go edition),https://www.gsmarena.com/nokia_c1_2nd_edition-11019.php,2026-09-16T09:14:08
Nokia 110 4G,Nokia,,,,1020.0,0.0,2021,0,4G,,https://www.gsmarena.com/nokia_110_4g-10965.php,2026-09-16T09:14:48
Nokia 105 4G,Nokia,,,,1020.0,0.0,2021,0,4G,,https://www.gsmarena.com/nokia_105_4g-10966.php,2026-09-16T09:15:24
Nokia C20 Plus,Nokia,3GB,32GB,Unisoc SC9863A,4950.0,6.5,2021,0,4G,Android 11 (Go edition),https://www.gsmarena.com/nokia_c20_plus-10959.php,2026-09-16T09:15:50
Nokia C01 Plus,Nokia,1GB,16GB,Unisoc SC9863A,3000.0,5.45,2021,0,4G,Android 11 (Go edition),https://www.gsmarena.com/nokia_c01_plus-10955.php,2026-09-16T09:16:16
Nokia C01 Plus,Nokia,2GB,16GB,Unisoc SC9863A,3000.0,5.45,2021,0,4G,Android 11 (Go edition),https://www.gsmarena.com/nokia_c01_plus-10955.php,2026-09-16T09:16:16
Nokia C01 Plus,Nokia,1GB,32GB,Unisoc SC9863A,3000.0,5.45,2021,0,4G,Android 11 (Go edition),https://www.gsmarena.com/nokia_c01_plus-10955.php,2026-09-16T09:16:16
Nokia C01 Plus,Nokia,2GB,32GB,Unisoc SC9863A,3000.0,5.45,2021,0,4G,Android 11 (Go edition),https://www.gsmarena.com/nokia_c01_plus-10955.php,2026-09-16T09:16:16
Nokia X20,Nokia,6GB,128GB,Qualcomm SM4350 Snapdragon 480 5G,4470.0,6.67,2021,1,5G,Android 11,https://www.gsmarena.com/nokia_x20-10838.php,2026-09-16T09:16:57
Nokia X20,Nokia,8GB,128GB,Qualcomm SM4350 Snapdragon 480 5G,4470.0,6.67,2021,1,5G,Android 11,https://www.gsmarena.com/nokia_x20-10838.php,2026-09-16T09:16:57
Nokia X10,Nokia,6GB,64GB,Qualcomm SM4350 Snapdragon 480 5G,4470.0,6.67,2021,1,5G,Android 11,https://www.gsmarena.com/nokia_x10-10840.php,2026-09-16T09:17:36
Nokia X10,Nokia,4GB,128GB,Qualcomm SM4350 Snapdragon 480 5G,4470.0,6.67,2021,1,5G,Android 11,https://www.gsmarena.com/nokia_x10-10840.php,2026-09-16T09:17:36
Nokia X10,Nokia,6GB,128GB,Qualcomm SM4350 Snapdragon 480 5G,4470.0,6.67,2021,1,5G,Android 11,https://www.gsmarena.com/nokia_x10-10840.php,2026-09-16T09:17:36
Nokia G20,Nokia,4GB,64GB,Mediatek MT6765G Helio G35,5050.0,6.52,2021,1,4G,Android 11,https://www.gsmarena.com/nokia_g20-10841.php,2026-09-16T09:18:05
Nokia G20,Nokia,4GB,128GB,Mediatek MT6765G Helio G35,5050.0,6.52,2021,1,4G,Android 11,https://www.gsmarena.com/nokia_g20-10841.php,2026-09-16T09:18:05
Nokia G10,Nokia,3GB,32GB,Mediatek MT6762G Helio G25,5050.0,6.52,2021,0,4G,Android 11,https://www.gsmarena.com/nokia_g10-10842.php,2026-09-16T09:18:27
Nokia G10,Nokia,4GB,32GB,Mediatek MT6762G Helio G25,5050.0,6.52,2021,0,4G,Android 11,https://www.gsmarena.com/nokia_g10-10842.php,2026-09-16T09:18:27
Nokia G10,Nokia,3GB,64GB,Mediatek MT6762G Helio G25,5050.0,6.52,2021,0,4G,Android 11,https://www.gsmarena.com/nokia_g10-10842.php,2026-09-16T09:18:27
Nokia G10,Nokia,4GB,64GB,Mediatek MT6762G Helio G25,5050.0,6.52,2021,0,4G,Android 11,https://www.gsmarena.com/nokia_g10-10842.php,2026-09-16T09:18:27
Tecno Spark 8C,Tecno,2GB,64GB,Unisoc T606,5000.0,6.6,2022,1,4G,Android 11 (Go edition),https://www.gsmarena.com/tecno_spark_8c-11340.php,2026-09-16T09:43:24
Tecno Spark 8C,Tecno,3GB,64GB,Unisoc T606,5000.0,6.6,2022,1,4G,Android 11 (Go edition),https://www.gsmarena.com/tecno_spark_8c-11340.php,2026-09-16T09:43:24
Tecno Spark 8C,Tecno,4GB,64GB,Unisoc T606,5000.0,6.6,2022,1,4G,Android 11 (Go edition),https://www.gsmarena.com/tecno_spark_8c-11340.php,2026-09-16T09:43:24
Tecno Pop 5X,Tecno,2GB,32GB,Unisoc SC9832E,4000.0,6.52,2022,0,4G,Android 10 (Go edition),https://www.gsmarena.com/tecno_pop_5x-11337.php,2026-09-16T09:43:59
Tecno Pop 5 Pro,Tecno,3GB,32GB,Mediatek MT6761 Helio A22,6000.0,6.52,2022,0,4G,Android 11 (Go edition),https://www.gsmarena.com/tecno_pop_5_pro-11326.php,2026-09-16T09:44:34
Tecno Spark 8 Pro,Tecno,4GB,64GB,Mediatek MT6769Z Helio G85,5000.0,6.8,2021,0,4G,Android 11,https://www.gsmarena.com/tecno_spark_8_pro-11297.php,2026-09-16T09:45:08
Tecno Spark 8 Pro,Tecno,6GB,64GB,Mediatek MT6769Z Helio G85,5000.0,6.8,2021,0,4G,Android 11,https://www.gsmarena.com/tecno_spark_8_pro-11297.php,2026-09-16T09:45:08
Tecno Spark 8 Pro,Tecno,4GB,128GB,Mediatek MT6769Z Helio G85,5000.0,6.8,2021,0,4G,Android 11,https://www.gsmarena.com/tecno_spark_8_pro-11297.php,2026-09-16T09:45:08
Tecno Spark 8T,Tecno,4GB,64GB,Mediatek MT6765G Helio G35,5000.0,6.6,2021,0,4G,Android 11,https://www.gsmarena.com/tecno_spark_8t-11298.php,2026-09-16T09:45:44
Tecno Spark Go 2022,Tecno,2GB,32GB,,5000.0,6.52,2021,1,4G,Android 11 (Go edition),https://www.gsmarena.com/tecno_spark_go_2022-11299.php,2026-09-16T09:46:19
Tecno Pova 5G,Tecno,8GB,128GB,Mediatek Dimensity 900,6000.0,6.9,2021,1,5G,Android 11,https://www.gsmarena.com/tecno_pova_5g-11289.php,2026-09-16T09:46:53
Tecno Pova Neo,Tecno,4GB,64GB,Mediatek MT6762G Helio G25,6000.0,6.8,2021,0,4G,Android 11,https://www.gsmarena.com/tecno_pova_neo-11260.php,2026-09-16T09:47:16
Tecno Pova Neo,Tecno,6GB,128GB,Mediatek MT6762G Helio G25,6000.0,6.8,2021,0,4G,Android 11,https://www.gsmarena.com/tecno_pova_neo-11260.php,2026-09-16T09:47:16
Tecno Camon 18T,Tecno,4GB,128GB,Mediatek MT6769Z Helio G85,5000.0,6.8,2021,0,4G,Android 11,https://www.gsmarena.com/tecno_camon_18t-11254.php,2026-09-16T09:47:53
Tecno Pop 5 LTE,Tecno,2GB,32GB,Unisoc SC9863A,5000.0,6.52,2021,0,4G,Android 11,https://www.gsmarena.com/tecno_pop_5_lte-11296.php,2026-09-16T09:48:17
Tecno Pop 5c,Tecno,1GB,16GB,Unisoc SC7731e,2400.0,5.0,2021,0,2G,Android 10 (Go edition),https://www.gsmarena.com/tecno_pop_5c-11212.php,2026-09-16T09:48:53
Tecno Camon 18i,Tecno,4GB,128GB,Mediatek MT6769Z Helio G85,5000.0,6.6,2021,0,4G,Android 11,https://www.gsmarena.com/tecno_camon_18i-11192.php,2026-09-16T09:49:28
Tecno Spark 8P,Tecno,4GB,64GB,Mediatek MT6769V Helio G70,5000.0,6.6,2021,0,4G,Android 11,https://www.gsmarena.com/tecno_spark_8p-11250.php,2026-09-16T09:49:58
Tecno Spark 8P,Tecno,4GB,128GB,Mediatek MT6769V Helio G70,5000.0,6.6,2021,0,4G,Android 11,https://www.gsmarena.com/tecno_spark_8p-11250.php,2026-09-16T09:49:58
Tecno Spark 8P,Tecno,4GB,256GB,Mediatek MT6769V Helio G70,5000.0,6.6,2021,0,4G,Android 11,https://www.gsmarena.com/tecno_spark_8p-11250.php,2026-09-16T09:49:58
Tecno Camon 18 Premier,Tecno,8GB,256GB,Mediatek MT6781 Helio G96,4750.0,6.7,2021,1,4G,Android 11,https://www.gsmarena.com/tecno_camon_18_premier-11138.php,2026-09-16T09:50:32
Tecno Camon 18 P,Tecno,8GB,128GB,Mediatek MT6781 Helio G96,5000.0,6.8,2021,1,4G,Android 11,https://www.gsmarena.com/tecno_camon_18_p-11139.php,2026-09-16T09:51:12
Tecno Camon 18,Tecno,4GB,128GB,Mediatek MT6769H Helio G88,5000.0,6.8,2021,1,4G,Android 11,https://www.gsmarena.com/tecno_camon_18-11140.php,2026-09-16T09:51:39
Tecno Camon 18,Tecno,6GB,128GB,Mediatek MT6769H Helio G88,5000.0,6.8,2021,1,4G,Android 11,https://www.gsmarena.com/tecno_camon_18-11140.php,2026-09-16T09:51:39
Tecno Spark 8,Tecno,3GB,32GB,Mediatek MT6762 Helio P22,5000.0,6.52,2021,0,4G,Android 11 (Go edition),https://www.gsmarena.com/tecno_spark_8-11188.php,2026-09-16T09:52:01
Tecno Spark 8,Tecno,2GB,64GB,Mediatek MT6762 Helio P22,5000.0,6.52,2021,0,4G,Android 11 (Go edition),https://www.gsmarena.com/tecno_spark_8-11188.php,2026-09-16T09:52:01
Tecno Spark 8,Tecno,4GB,64GB,Mediatek MT6762 Helio P22,5000.0,6.52,2021,0,4G,Android 11 (Go edition),https://www.gsmarena.com/tecno_spark_8-11188.php,2026-09-16T09:52:01
Tecno Pop 5,Tecno,1GB,16GB,,4000.0,6.1,2021,0,2G,Android 10 (Go edition),https://www.gsmarena.com/tecno_pop_5-11032.php,2026-09-16T10:08:34
Tecno Pop 5,Tecno,2GB,32GB,,4000.0,6.1,2021,0,2G,Android 10 (Go edition),https://www.gsmarena.com/tecno_pop_5-11032.php,2026-09-16T10:08:34
Tecno Spark Go 2021,Tecno,2GB,32GB,,5000.0,6.52,2021,0,4G,Android 10 (Go edition),https://www.gsmarena.com/tecno_spark_go_2021-10983.php,2026-09-16T10:12:24
Tecno Spark 7T,Tecno,4GB,64GB,Mediatek MT6765G Helio G35,6000.0,6.52,2021,0,4G,Android 11,https://www.gsmarena.com/tecno_spark_7t-10984.php,2026-09-16T10:13:03
Tecno Spark 7T,Tecno,4GB,128GB,Mediatek MT6765G Helio G35,6000.0,6.52,2021,0,4G,Android 11,https://www.gsmarena.com/tecno_spark_7t-10984.php,2026-09-16T10:13:03
Tecno Phantom X,Tecno,8GB,256GB,Mediatek MT6785V/CD Helio G95,4700.0,6.7,2021,0,4G,Android 11,https://www.gsmarena.com/tecno_phantom_x-10979.php,2026-09-16T10:13:44
Tecno Pova 2,Tecno,4GB,64GB,Mediatek MT6769Z Helio G85,7000.0,6.9,2021,1,4G,Android 11,https://www.gsmarena.com/tecno_pova_2-10945.php,2026-09-16T10:14:15
Tecno Pova 2,Tecno,6GB,128GB,Mediatek MT6769Z Helio G85,7000.0,6.9,2021,1,4G,Android 11,https://www.gsmarena.com/tecno_pova_2-10945.php,2026-09-16T10:14:15
Tecno Camon 17 Pro,Tecno,8GB,128GB,Mediatek MT6785V/CD Helio G95,5000.0,6.8,2021,0,4G,Android 11,https://www.gsmarena.com/tecno_camon_17_pro-10895.php,2026-09-16T10:15:00
Tecno Camon 17 Pro,Tecno,8GB,256GB,Mediatek MT6785V/CD Helio G95,5000.0,6.8,2021,0,4G,Android 11,https://www.gsmarena.com/tecno_camon_17_pro-10895.php,2026-09-16T10:15:00
Tecno Camon 17P,Tecno,6GB,128GB,Mediatek MT6769Z Helio G85,5000.0,6.8,2021,0,4G,Android 11,https://www.gsmarena.com/tecno_camon_17p-10896.php,2026-09-16T10:15:36
Tecno Camon 17,Tecno,4GB,128GB,Mediatek MT6769Z Helio G85,5000.0,6.6,2021,0,4G,Android 11,https://www.gsmarena.com/tecno_camon_17-10897.php,2026-09-16T10:16:08
Tecno Camon 17,Tecno,6GB,128GB,Mediatek MT6769Z Helio G85,5000.0,6.6,2021,0,4G,Android 11,https://www.gsmarena.com/tecno_camon_17-10897.php,2026-09-16T10:16:08
Tecno Spark 7 Pro,Tecno,4GB,64GB,Mediatek MT6769V/CU Helio G80,5000.0,6.6,2021,0,4G,Android 11,https://www.gsmarena.com/tecno_spark_7_pro-10884.php,2026-09-16T10:16:36
Tecno Spark 7 Pro,Tecno,6GB,64GB,Mediatek MT6769V/CU Helio G80,5000.0,6.6,2021,0,4G,Android 11,https://www.gsmarena.com/tecno_spark_7_pro-10884.php,2026-09-16T10:16:36
Tecno Spark 7 Pro,Tecno,4GB,128GB,Mediatek MT6769V/CU Helio G80,5000.0,6.6,2021,0,4G,Android 11,https://www.gsmarena.com/tecno_spark_7_pro-10884.php,2026-09-16T10:16:36
Tecno Spark 7P,Tecno,4GB,64GB,Mediatek MT6769V/CB Helio G70,5000.0,6.8,2021,0,4G,Android 11,https://www.gsmarena.com/tecno_spark_7p-10849.php,2026-09-16T10:16:58
Tecno Spark 7P,Tecno,4GB,128GB,Mediatek MT6769V/CB Helio G70,5000.0,6.8,2021,0,4G,Android 11,https://www.gsmarena.com/tecno_spark_7p-10849.php,2026-09-16T10:16:58
Tecno Spark 7,Tecno,2GB,32GB,Mediatek MT6762D Helio A25,6000.0,6.5,2021,0,4G,Android 11,https://www.gsmarena.com/tecno_spark_7-10845.php,2026-09-16T10:17:22
Tecno Spark 7,Tecno,3GB,64GB,Mediatek MT6762D Helio A25,6000.0,6.5,2021,0,4G,Android 11,https://www.gsmarena.com/tecno_spark_7-10845.php,2026-09-16T10:17:22
Tecno Spark 7,Tecno,4GB,64GB,Mediatek MT6762D Helio A25,6000.0,6.5,2021,0,4G,Android 11,https://www.gsmarena.com/tecno_spark_7-10845.php,2026-09-16T10:17:22
Tecno Camon 16 Pro,Tecno,4GB,128GB,Mediatek MT6769V/CB Helio G70,5000.0,6.8,2020,0,4G,Android 10,https://www.gsmarena.com/tecno_camon_16_pro-10634.php,2026-09-16T10:17:58
Tecno Camon 16 Pro,Tecno,6GB,128GB,Mediatek MT6769V/CB Helio G70,5000.0,6.8,2020,0,4G,Android 10,https://www.gsmarena.com/tecno_camon_16_pro-10634.php,2026-09-16T10:17:58
Tecno Camon 16 S,Tecno,4GB,128GB,Mediatek MT6762 Helio P22,5000.0,6.6,2020,0,4G,Android 10,https://www.gsmarena.com/tecno_camon_16_s-10635.php,2026-09-16T10:18:35
Tecno Spark 6 Go,Tecno,2GB,32GB,Mediatek MT6761D Helio A20,5000.0,6.52,2020,0,4G,Android 10 (Go edition),https://www.gsmarena.com/tecno_spark_6_go-10636.php,2026-09-16T10:19:05
Tecno Spark 6 Go,Tecno,3GB,32GB,Mediatek MT6761D Helio A20,5000.0,6.52,2020,0,4G,Android 10 (Go edition),https://www.gsmarena.com/tecno_spark_6_go-10636.php,2026-09-16T10:19:05
Tecno Spark 6 Go,Tecno,3GB,64GB,Mediatek MT6761D Helio A20,5000.0,6.52,2020,0,4G,Android 10 (Go edition),https://www.gsmarena.com/tecno_spark_6_go-10636.php,2026-09-16T10:19:05
Tecno Spark 6 Go,Tecno,4GB,64GB,Mediatek MT6761D Helio A20,5000.0,6.52,2020,0,4G,Android 10 (Go edition),https://www.gsmarena.com/tecno_spark_6_go-10636.php,2026-09-16T10:19:05
Tecno Spark Go 2020,Tecno,2GB,32GB,Mediatek MT6761D Helio A20,5000.0,6.52,2020,0,4G,Android 10 (Go edition),https://www.gsmarena.com/tecno_spark_go_2020-10637.php,2026-09-16T10:19:37
Tecno Pova,Tecno,4GB,64GB,Mediatek MT6769V/CU Helio G80,6000.0,6.8,2020,0,4G,Android 10,https://www.gsmarena.com/tecno_pova-10549.php,2026-09-16T10:20:01
Tecno Pova,Tecno,6GB,128GB,Mediatek MT6769V/CU Helio G80,6000.0,6.8,2020,0,4G,Android 10,https://www.gsmarena.com/tecno_pova-10549.php,2026-09-16T10:20:01
Tecno Camon 16,Tecno,4GB,64GB,Mediatek MT6769V/CB Helio G70,5000.0,6.8,2020,0,4G,Android 10,https://www.gsmarena.com/tecno_camon_16-10503.php,2026-09-16T10:20:26
Tecno Camon 16,Tecno,4GB,128GB,Mediatek MT6769V/CB Helio G70,5000.0,6.8,2020,0,4G,Android 10,https://www.gsmarena.com/tecno_camon_16-10503.php,2026-09-16T10:20:26
Tecno Camon 16,Tecno,6GB,128GB,Mediatek MT6769V/CB Helio G70,5000.0,6.8,2020,0,4G,Android 10,https://www.gsmarena.com/tecno_camon_16-10503.php,2026-09-16T10:20:26
Tecno Spark 6 Air,Tecno,2GB,32GB,Mediatek MT6761 Helio A22,6000.0,7.0,2020,0,4G,Android 10 (Go edition),https://www.gsmarena.com/tecno_spark_6_air-10548.php,2026-09-16T10:20:50
Tecno Spark 6 Air,Tecno,3GB,32GB,Mediatek MT6761 Helio A22,6000.0,7.0,2020,0,4G,Android 10 (Go edition),https://www.gsmarena.com/tecno_spark_6_air-10548.php,2026-09-16T10:20:50
Tecno Spark 6 Air,Tecno,3GB,64GB,Mediatek MT6761 Helio A22,6000.0,7.0,2020,0,4G,Android 10 (Go edition),https://www.gsmarena.com/tecno_spark_6_air-10548.php,2026-09-16T10:20:50
Tecno Spark 6,Tecno,4GB,64GB,Mediatek MT6769V/CB Helio G70,5000.0,6.8,2020,0,4G,Android 10,https://www.gsmarena.com/tecno_spark_6-10471.php,2026-09-16T10:21:33
Tecno Spark 6,Tecno,4GB,128GB,Mediatek MT6769V/CB Helio G70,5000.0,6.8,2020,0,4G,Android 10,https://www.gsmarena.com/tecno_spark_6-10471.php,2026-09-16T10:21:33
Tecno Camon 16 Premier,Tecno,8GB,128GB,Mediatek MT6785 Helio G90T,4500.0,6.85,2020,0,4G,Android 10,https://www.gsmarena.com/tecno_camon_16_premier-10421.php,2026-09-16T10:22:00
Tecno Pouvoir 4 Pro,Tecno,4GB,64GB,Mediatek MT6762 Helio P22,6000.0,7.0,2020,0,4G,Android 10,https://www.gsmarena.com/tecno_pouvoir_4_pro-10345.php,2026-09-16T10:22:32
Tecno Pouvoir 4 Pro,Tecno,6GB,128GB,Mediatek MT6762 Helio P22,6000.0,7.0,2020,0,4G,Android 10,https://www.gsmarena.com/tecno_pouvoir_4_pro-10345.php,2026-09-16T10:22:32
Tecno Pop 4,Tecno,2GB,32GB,,5000.0,6.0,2020,0,2G,Android 10 (Go edition),https://www.gsmarena.com/tecno_pop_4-10720.php,2026-09-16T10:23:12
Tecno Pouvoir 4,Tecno,3GB,32GB,Mediatek MT6761 Helio A22,6000.0,7.0,2020,0,4G,Android 10,https://www.gsmarena.com/tecno_pouvoir_4-10344.php,2026-09-16T10:23:41
Tecno Spark Power 2,Tecno,4GB,64GB,Mediatek MT6762 Helio P22,6000.0,7.0,2020,0,4G,Android 10,https://www.gsmarena.com/tecno_spark_power_2-10300.php,2026-09-16T10:24:08
Tecno Spark 5 Air,Tecno,2GB,32GB,Mediatek,5000.0,7.0,2020,0,4G,Android 10 (Go edition),https://www.gsmarena.com/tecno_spark_5_air-10225.php,2026-09-16T10:24:32
Tecno Spark 5 pro,Tecno,3GB,64GB,Mediatek MT6762D Helio A25,5000.0,6.6,2020,0,4G,Android 10,https://www.gsmarena.com/tecno_spark_5_pro-10324.php,2026-09-16T10:24:57
Tecno Spark 5 pro,Tecno,4GB,64GB,Mediatek MT6762D Helio A25,5000.0,6.6,2020,0,4G,Android 10,https://www.gsmarena.com/tecno_spark_5_pro-10324.php,2026-09-16T10:24:57
Tecno Spark 5 pro,Tecno,4GB,128GB,Mediatek MT6762D Helio A25,5000.0,6.6,2020,0,4G,Android 10,https://www.gsmarena.com/tecno_spark_5_pro-10324.php,2026-09-16T10:24:57
Tecno Spark 5,Tecno,2GB,32GB,Mediatek MT6761 Helio A22,5000.0,6.6,2020,0,4G,Android 10,https://www.gsmarena.com/tecno_spark_5-10221.php,2026-09-16T10:25:31
Tecno Camon 15 Premier,Tecno,6GB,128GB,Mediatek MT6765V/W Helio P35,4000.0,6.6,2020,0,4G,Android 10,https://www.gsmarena.com/tecno_camon_15_premier-10190.php,2026-09-16T10:26:09
Tecno Camon 15 Air,Tecno,3GB,64GB,Mediatek MT6762 Helio P22,5000.0,6.6,2020,0,4G,Android 10,https://www.gsmarena.com/tecno_camon_15_air-10189.php,2026-09-16T10:26:41
Tecno Camon 15 Pro,Tecno,6GB,128GB,Mediatek MT6765 Helio P35,4000.0,6.6,2020,0,4G,Android 10,https://www.gsmarena.com/tecno_camon_15_pro-10094.php,2026-09-16T10:27:19
Tecno Camon 15,Tecno,4GB,64GB,Mediatek MT6762 Helio P22,5000.0,6.6,2020,0,4G,Android 10,https://www.gsmarena.com/tecno_camon_15-10093.php,2026-09-16T10:27:48
Tecno Camon 12 Air,Tecno,3GB,32GB,Mediatek MT6761 Helio A22,4000.0,6.55,2019,0,4G,Android 9.0 (Pie),https://www.gsmarena.com/tecno_camon_12_air-10005.php,2026-09-16T10:28:28
Tecno Camon 12 Air,Tecno,4GB,64GB,Mediatek MT6761 Helio A22,4000.0,6.55,2019,0,4G,Android 9.0 (Pie),https://www.gsmarena.com/tecno_camon_12_air-10005.php,2026-09-16T10:28:28
Tecno Pop 3 Plus,Tecno,1GB,16GB,Mediatek MT6761 Helio A22,4000.0,6.52,2019,0,4G,Android 9.0 (Pie),https://www.gsmarena.com/tecno_pop_3_plus-10006.php,2026-09-16T10:28:55
Tecno Spark 4 Lite,Tecno,2GB,32GB,Mediatek MT6761 Helio A22,4000.0,6.52,2019,0,4G,Android 9.0 (Pie),https://www.gsmarena.com/tecno_spark_4_lite-10007.php,2026-09-16T10:29:34
Tecno Spark 4,Tecno,2GB,32GB,,4000.0,6.52,2019,0,4G,Android 9.0 (Pie),https://www.gsmarena.com/tecno_spark_4-10695.php,2026-09-16T10:30:03
Tecno Spark 4,Tecno,3GB,32GB,,4000.0,6.52,2019,0,4G,Android 9.0 (Pie),https://www.gsmarena.com/tecno_spark_4-10695.php,2026-09-16T10:30:03
Tecno Camon 12 Pro,Tecno,6GB,64GB,Mediatek MT6762 Helio P22,3500.0,6.35,2019,0,4G,Android 9.0 (Pie),https://www.gsmarena.com/tecno_camon_12_pro-9865.php,2026-09-16T10:30:39
Tecno Camon 12,Tecno,4GB,64GB,Mediatek MT6762 Helio P22,4000.0,6.52,2019,0,4G,Android 9.0 (Pie),https://www.gsmarena.com/tecno_camon_12-9864.php,2026-09-16T10:31:05
Tecno Pouvoir 3 Air,Tecno,1GB,16GB,Mediatek MT6761 Helio A22,5000.0,6.0,2019,0,4G,Android 9.0 Pie (Go edition),https://www.gsmarena.com/tecno_pouvoir_3_air-9868.php,2026-09-16T10:31:41
Tecno Pouvoir 3 Plus,Tecno,6GB,64GB,Mediatek MT6762 Helio P22,6000.0,6.35,2019,0,4G,Android 9.0 (Pie),https://www.gsmarena.com/tecno_pouvoir_3_plus-9867.php,2026-09-16T10:32:19
Tecno Pouvoir 3,Tecno,2GB,32GB,Mediatek MT6739WA,5000.0,6.2,2019,0,4G,Android 8.1 (Oreo),https://www.gsmarena.com/tecno_pouvoir_3-9866.php,2026-09-16T10:32:45
Tecno Spark 3,Tecno,2GB,16GB,Mediatek MT6761 Helio A22,3500.0,6.2,2019,0,2G,Android 9.0 (Pie),https://www.gsmarena.com/tecno_spark_3-9869.php,2026-09-16T10:33:21
Tecno Spark 3 Pro,Tecno,2GB,32GB,Mediatek MT6761 Helio A22,3500.0,6.2,2019,0,4G,Android 9.0 (Pie),https://www.gsmarena.com/tecno_spark_3_pro-9870.php,2026-09-16T10:33:48
Tecno Spark Go (2019),Tecno,1GB,16GB,Mediatek MT6761 Helio A22,3000.0,6.1,2019,0,4G,Android 9.0 (Pie),https://www.gsmarena.com/tecno_spark_go-9871.php,2026-09-16T10:34:31
Tecno Spark Go (2019),Tecno,2GB,16GB,Mediatek MT6761 Helio A22,3000.0,6.1,2019,0,4G,Android 9.0 (Pie),https://www.gsmarena.com/tecno_spark_go-9871.php,2026-09-16T10:34:31
Tecno Pop 2 F,Tecno,1GB,16GB,Mediatek MT6580M,2400.0,5.45,2019,0,2G,Android 8.1 Oreo (Go edition),https://www.gsmarena.com/tecno_pop_2_f-9874.php,2026-09-16T10:34:59
Tecno Pop 2 Plus,Tecno,1GB,16GB,Mediatek MT6580P,5000.0,6.0,2019,0,2G,Android 8.1 Oreo (Go edition),https://www.gsmarena.com/tecno_pop_2_plus-9875.php,2026-09-16T10:35:30
Tecno Phantom 9,Tecno,6GB,128GB,Mediatek MT6765 Helio P35,3500.0,6.39,2019,0,4G,Android 9.0 (Pie),https://www.gsmarena.com/tecno_phantom_9-9767.php,2026-09-16T10:36:04
Tecno Camon iACE2X,Tecno,3GB,32GB,Mediatek MT6761 Helio A22,3050.0,5.5,2019,0,2G,Android 8.1 (Oreo),https://www.gsmarena.com/tecno_camon_iace2x-9577.php,2026-09-16T10:36:39
Tecno Camon i4,Tecno,2GB,32GB,Mediatek MT6761 Helio A22,3500.0,6.2,2019,0,4G,Android 9.0 (Pie),https://www.gsmarena.com/tecno_camon_i4-11959.php,2026-09-16T10:37:19
Tecno Camon i4,Tecno,3GB,32GB,Mediatek MT6761 Helio A22,3500.0,6.2,2019,0,4G,Android 9.0 (Pie),https://www.gsmarena.com/tecno_camon_i4-11959.php,2026-09-16T10:37:19
Tecno Camon i4,Tecno,4GB,64GB,Mediatek MT6761 Helio A22,3500.0,6.2,2019,0,4G,Android 9.0 (Pie),https://www.gsmarena.com/tecno_camon_i4-11959.php,2026-09-16T10:37:19
Tecno Camon iACE2,Tecno,2GB,32GB,Mediatek MT6761 Helio A22,3050.0,5.5,2019,0,2G,Android 8.1 (Oreo),https://www.gsmarena.com/tecno_camon_iace2-9578.php,2026-09-16T10:37:44
Tecno Camon 11 Pro,Tecno,6GB,64GB,Mediatek MT6762 Helio P22,3750.0,6.2,2018,0,4G,Android 8.1 (Oreo),https://www.gsmarena.com/tecno_camon_11_pro-9441.php,2026-09-16T10:38:06
Tecno Camon 11,Tecno,3GB,32GB,Mediatek MT6761 Helio A22,3750.0,6.2,2018,0,4G,Android 8.1 (Oreo),https://www.gsmarena.com/tecno_camon_11-9442.php,2026-09-16T10:41:42
Tecno Camon 11,Tecno,4GB,64GB,Mediatek MT6761 Helio A22,3750.0,6.2,2018,0,4G,Android 8.1 (Oreo),https://www.gsmarena.com/tecno_camon_11-9442.php,2026-09-16T10:41:42
Tecno Pop 1s,Tecno,1GB,16GB,Mediatek MT6739WA,3000.0,5.5,2018,0,4G,Android 8.1 Oreo (Go edition),https://www.gsmarena.com/tecno_pop_1s-9465.php,2026-09-16T10:42:09
Tecno Pop 1s,Tecno,2GB,16GB,Mediatek MT6739WA,3000.0,5.5,2018,0,4G,Android 8.1 Oreo (Go edition),https://www.gsmarena.com/tecno_pop_1s-9465.php,2026-09-16T10:42:09
Tecno Pop 1 Pro,Tecno,1GB,16GB,Mediatek MT6580W,2400.0,5.45,2018,0,2G,Android 7.0 (Nougat),https://www.gsmarena.com/tecno_pop_1_pro-9464.php,2026-09-16T10:42:41
Tecno Pop 1,Tecno,1GB,8GB,Mediatek MT6580W,2400.0,5.45,2018,0,2G,Android 7.0 (Nougat),https://www.gsmarena.com/tecno_pop_1-9463.php,2026-09-16T10:43:03
Tecno F2 LTE,Tecno,1GB,8GB,Mediatek MT6739WA,2400.0,5.0,2018,0,4G,Android 8.1 Oreo (Go edition),https://www.gsmarena.com/tecno_f2_lte-9461.php,2026-09-16T10:43:52
Tecno F2,Tecno,1GB,8GB,Mediatek MT6580M,2000.0,5.0,2018,0,2G,Android 7.0 (Nougat),https://www.gsmarena.com/tecno_f2-9460.php,2026-09-16T10:44:22
Tecno Pop 1 Lite,Tecno,,8GB,Mediatek MT6580M,2000.0,5.0,2018,0,2G,Android 8.1 Oreo (Go edition),https://www.gsmarena.com/tecno_pop_1_lite-9459.php,2026-09-16T10:44:48
Tecno Pouvoir 2 Pro,Tecno,3GB,16GB,,5000.0,6.0,2018,0,4G,Android 8.1 (Oreo),https://www.gsmarena.com/tecno_pouvoir_2_pro-9458.php,2026-09-16T10:45:29
Tecno Pouvoir 2,Tecno,2GB,16GB,,5000.0,6.0,2018,0,4G,Android 8.1 (Oreo),https://www.gsmarena.com/tecno_pouvoir_2-9457.php,2026-09-16T10:46:05
Tecno Pouvoir 1,Tecno,1GB,16GB,Mediatek MT6580W,5000.0,5.5,2018,0,2G,Android 7.0 (Nougat),https://www.gsmarena.com/tecno_pouvoir_1-9456.php,2026-09-16T10:46:44
Tecno Spark Pro,Tecno,1GB,16GB,,3000.0,5.5,2017,0,4G,Android 7.0 (Nougat),https://www.gsmarena.com/tecno_spark_pro-9455.php,2026-09-16T10:47:07
Tecno Spark Pro,Tecno,2GB,16GB,,3000.0,5.5,2017,0,4G,Android 7.0 (Nougat),https://www.gsmarena.com/tecno_spark_pro-9455.php,2026-09-16T10:47:07
Tecno Spark Plus,Tecno,2GB,16GB,Mediatek MT6580,3400.0,6.0,2017,0,2G,Android 7.0 (Nougat),https://www.gsmarena.com/tecno_spark_plus-9452.php,2026-09-16T10:47:45
Tecno Spark CM,Tecno,2GB,16GB,Mediatek MT6737,3050.0,5.7,2017,0,4G,Android 7.0 (Nougat),https://www.gsmarena.com/tecno_spark_cm-9451.php,2026-09-16T10:48:22
Tecno Spark 2,Tecno,1GB,16GB,Mediatek MT6580,3500.0,6.0,2018,0,2G,Android 8.1 Oreo (Go edition),https://www.gsmarena.com/tecno_spark_2-9450.php,2026-09-16T10:48:54
Tecno Spark 2,Tecno,2GB,16GB,Mediatek MT6580,3500.0,6.0,2018,0,2G,Android 8.1 Oreo (Go edition),https://www.gsmarena.com/tecno_spark_2-9450.php,2026-09-16T10:48:54
Tecno Spark,Tecno,1GB,16GB,Mediatek MT6580,3000.0,5.5,2017,0,2G,Android 7.0 (Nougat),https://www.gsmarena.com/tecno_spark-9449.php,2026-09-16T10:49:35
Tecno Spark,Tecno,2GB,16GB,Mediatek MT6580,3000.0,5.5,2017,0,2G,Android 7.0 (Nougat),https://www.gsmarena.com/tecno_spark-9449.php,2026-09-16T10:49:35
Tecno Camon X Pro,Tecno,4GB,64GB,Mediatek MT6763T Helio P23,3750.0,6.0,2018,0,4G,Android 8.1 (Oreo),https://www.gsmarena.com/tecno_camon_x_pro-9448.php,2026-09-16T10:50:18
Tecno Camon X,Tecno,3GB,16GB,Mediatek MT6763T Helio P23,3750.0,6.0,2018,0,4G,Android 8.1 (Oreo),https://www.gsmarena.com/tecno_camon_x-9447.php,2026-09-16T10:50:48
Tecno Camon X,Tecno,3GB,32GB,Mediatek MT6763T Helio P23,3750.0,6.0,2018,0,4G,Android 8.1 (Oreo),https://www.gsmarena.com/tecno_camon_x-9447.php,2026-09-16T10:50:48
Tecno Camon CX Manchester City LE,Tecno,4GB,64GB,Mediatek MT6750T,3200.0,5.5,2017,0,4G,Android 7.0 (Nougat),https://www.gsmarena.com/tecno_camon_cx_manchester_city_le-9446.php,2026-09-16T10:51:15
Tecno Camon CX Air,Tecno,2GB,16GB,,3200.0,5.5,2017,0,4G,Android 7.0 (Nougat),https://www.gsmarena.com/tecno_camon_cx_air-9445.php,2026-09-16T10:51:55
Tecno Camon CX,Tecno,2GB,16GB,Mediatek MT6750T,3200.0,5.5,2017,0,4G,Android 7.0 (Nougat),https://www.gsmarena.com/tecno_camon_cx-9444.php,2026-09-16T10:52:39
Tecno Camon CX,Tecno,3GB,32GB,Mediatek MT6750T,3200.0,5.5,2017,0,4G,Android 7.0 (Nougat),https://www.gsmarena.com/tecno_camon_cx-9444.php,2026-09-16T10:52:39
Tecno Camon CM,Tecno,2GB,16GB,Mediatek MT6737H,3000.0,5.7,2017,0,4G,Android 7.0 (Nougat),https://www.gsmarena.com/tecno_camon_cm-9443.php,2026-09-16T10:53:03
Tecno Camon CM,Tecno,3GB,32GB,Mediatek MT6737H,3000.0,5.7,2017,0,4G,Android 7.0 (Nougat),https://www.gsmarena.com/tecno_camon_cm-9443.php,2026-09-16T10:53:03
Tecno Phantom 8,Tecno,6GB,64GB,Mediatek MT6757T Helio P25,3500.0,5.7,2018,0,4G,Android 7.0 (Nougat),https://www.gsmarena.com/tecno_phantom_8-9440.php,2026-09-16T10:53:32
Tecno Phantom 6 Plus,Tecno,4GB,64GB,Mediatek MT6797 Helio X20,4050.0,6.0,2016,0,4G,Android 7.0 (Nougat),https://www.gsmarena.com/tecno_phantom_6_plus-9439.php,2026-09-16T10:54:08
Tecno Phantom 6,Tecno,3GB,32GB,Mediatek MT6755,2700.0,5.5,2016,0,4G,Android 6.0 (Marshmallow),https://www.gsmarena.com/tecno_phantom_6-9438.php,2026-09-16T10:54:48
